2026-05-30 12:45:03.697 | INFO     | app.core.lifespan:lifespan:14 - Initializing FollowTheWorldCup.com Backend Application...
2026-05-30 12:45:03.697 | INFO     | app.core.lifespan:lifespan:15 - FastAPI lifespan startup hook completed.
2026-05-30 12:45:03.698 | INFO     | uvicorn.lifespan.on:startup:62 - Application startup complete.
2026-05-30 12:45:10.828 | INFO     | uvicorn.server:shutdown:272 - Shutting down
2026-05-30 12:45:10.929 | INFO     | uvicorn.lifespan.on:shutdown:67 - Waiting for application shutdown.
2026-05-30 12:45:26.152 | INFO     | app.utils.logger:setup_app_logging:88 - Structured logging initialized via Loguru successfully.
2026-05-30 12:45:26.153 | INFO     | app.core.lifespan:lifespan:14 - Initializing FollowTheWorldCup.com Backend Application...
2026-05-30 12:45:26.154 | INFO     | app.core.lifespan:lifespan:15 - FastAPI lifespan startup hook completed.
2026-05-30 12:45:26.154 | INFO     | uvicorn.lifespan.on:startup:62 - Application startup complete.
2026-05-30 12:45:26.317 | INFO     | app.utils.logger:setup_app_logging:88 - Structured logging initialized via Loguru successfully.
2026-05-30 12:45:26.318 | INFO     | app.core.lifespan:lifespan:14 - Initializing FollowTheWorldCup.com Backend Application...
2026-05-30 12:45:26.318 | INFO     | app.core.lifespan:lifespan:15 - FastAPI lifespan startup hook completed.
2026-05-30 12:45:26.318 | INFO     | uvicorn.lifespan.on:startup:62 - Application startup complete.
2026-05-30 12:45:42.177 | INFO     | app.services.get_teams:fetch_world_cup_participants:22 - FIFA verileri yerel önbellek dosyasından okunuyor (API isteği yapılmadı): app/data/fifa_data.json
2026-05-30 12:45:42.198 | INFO     | uvicorn.protocols.http.httptools_impl:send:484 - 172.19.0.1:51198 - "GET /api/v1/teams HTTP/1.1" 200
2026-05-30 12:45:42.207 | INFO     | app.services.get_teams:fetch_world_cup_participants:22 - FIFA verileri yerel önbellek dosyasından okunuyor (API isteği yapılmadı): app/data/fifa_data.json
2026-05-30 12:45:42.219 | INFO     | uvicorn.protocols.http.httptools_impl:send:484 - 172.19.0.1:51198 - "GET /api/v1/teams HTTP/1.1" 200
2026-05-30 12:45:46.844 | INFO     | app.services.get_teams:fetch_world_cup_participants:22 - FIFA verileri yerel önbellek dosyasından okunuyor (API isteği yapılmadı): app/data/fifa_data.json
2026-05-30 12:45:46.852 | INFO     | uvicorn.protocols.http.httptools_impl:send:484 - 172.19.0.1:51210 - "GET /api/v1/teams HTTP/1.1" 200
2026-05-30 12:45:46.860 | INFO     | app.services.get_teams:fetch_world_cup_participants:22 - FIFA verileri yerel önbellek dosyasından okunuyor (API isteği yapılmadı): app/data/fifa_data.json
2026-05-30 12:45:46.861 | INFO     | app.services.get_elo:get_elo_ratings:228 - ELO Ratings yüklendi: 48 takım
2026-05-30 12:45:46.882 | INFO     | uvicorn.protocols.http.httptools_impl:send:484 - 172.19.0.1:51210 - "GET /api/v1/teams HTTP/1.1" 200
2026-05-30 12:45:46.884 | INFO     | uvicorn.protocols.http.httptools_impl:send:484 - 172.19.0.1:51198 - "GET /api/v1/elo/ratings HTTP/1.1" 200
2026-05-30 12:45:46.931 | INFO     | app.services.get_elo:get_elo_ratings:228 - ELO Ratings yüklendi: 48 takım
2026-05-30 12:45:46.947 | INFO     | uvicorn.protocols.http.httptools_impl:send:484 - 172.19.0.1:51218 - "GET /api/v1/elo/ratings HTTP/1.1" 200
2026-05-30 12:45:47.101 | INFO     | app.api.v1.endpoints.teams:get_flag_proxy:77 - Flag not cached. Proxying from FIFA: https://api.fifa.com/api/v3/picture/flags-sq-1/ARG
2026-05-30 12:45:47.119 | INFO     | app.api.v1.endpoints.teams:get_flag_proxy:77 - Flag not cached. Proxying from FIFA: https://api.fifa.com/api/v3/picture/flags-sq-1/ESP
2026-05-30 12:45:47.398 | DEBUG    | httpcore._trace:atrace:87 - connect_tcp.started host='api.fifa.com' port=443 local_address=None timeout=10.0 socket_options=None
2026-05-30 12:45:47.405 | INFO     | app.api.v1.endpoints.teams:get_flag_proxy:77 - Flag not cached. Proxying from FIFA: https://api.fifa.com/api/v3/picture/flags-sq-1/POR
2026-05-30 12:45:47.399 | DEBUG    | httpcore._trace:atrace:87 - connect_tcp.started host='api.fifa.com' port=443 local_address=None timeout=10.0 socket_options=None
2026-05-30 12:45:47.421 | INFO     | app.api.v1.endpoints.teams:get_flag_proxy:77 - Flag not cached. Proxying from FIFA: https://api.fifa.com/api/v3/picture/flags-sq-1/ENG
2026-05-30 12:45:47.471 | DEBUG    | httpcore._trace:atrace:87 - connect_tcp.started host='api.fifa.com' port=443 local_address=None timeout=10.0 socket_options=None
2026-05-30 12:45:47.484 | INFO     | app.api.v1.endpoints.teams:get_flag_proxy:77 - Flag not cached. Proxying from FIFA: https://api.fifa.com/api/v3/picture/flags-sq-1/BRA
2026-05-30 12:45:47.506 | DEBUG    | httpcore._trace:atrace:87 - connect_tcp.started host='api.fifa.com' port=443 local_address=None timeout=10.0 socket_options=None
2026-05-30 12:45:47.524 | INFO     | app.api.v1.endpoints.teams:get_flag_proxy:77 - Flag not cached. Proxying from FIFA: https://api.fifa.com/api/v3/picture/flags-sq-1/FRA
2026-05-30 12:45:47.537 | DEBUG    | httpcore._trace:atrace:87 - connect_tcp.started host='api.fifa.com' port=443 local_address=None timeout=10.0 socket_options=None
2026-05-30 12:45:47.570 | DEBUG    | httpcore._trace:atrace:87 - connect_tcp.started host='api.fifa.com' port=443 local_address=None timeout=10.0 socket_options=None
2026-05-30 12:45:47.584 | DEBUG    | httpcore._trace:atrace:87 - connect_tcp.complete return_value=<httpcore._backends.anyio.AnyIOStream object at 0x7fd994ed70b0>
2026-05-30 12:45:47.619 | DEBUG    | httpcore._trace:atrace:87 - connect_tcp.complete return_value=<httpcore._backends.anyio.AnyIOStream object at 0x75d346dd7920>
2026-05-30 12:45:47.585 | DEBUG    | httpcore._trace:atrace:87 - start_tls.started ssl_context=<ssl.SSLContext object at 0x7fd994bbadd0> server_hostname='api.fifa.com' timeout=10.0
2026-05-30 12:45:47.650 | DEBUG    | httpcore._trace:atrace:87 - connect_tcp.complete return_value=<httpcore._backends.anyio.AnyIOStream object at 0x7fd994d93770>
2026-05-30 12:45:47.650 | DEBUG    | httpcore._trace:atrace:87 - start_tls.started ssl_context=<ssl.SSLContext object at 0x7fd9942a7c50> server_hostname='api.fifa.com' timeout=10.0
2026-05-30 12:45:47.652 | DEBUG    | httpcore._trace:atrace:87 - connect_tcp.complete return_value=<httpcore._backends.anyio.AnyIOStream object at 0x7fd994d93b00>
2026-05-30 12:45:47.653 | DEBUG    | httpcore._trace:atrace:87 - start_tls.started ssl_context=<ssl.SSLContext object at 0x7fd9942c04d0> server_hostname='api.fifa.com' timeout=10.0
2026-05-30 12:45:47.620 | DEBUG    | httpcore._trace:atrace:87 - start_tls.started ssl_context=<ssl.SSLContext object at 0x75d346163d50> server_hostname='api.fifa.com' timeout=10.0
2026-05-30 12:45:47.671 | DEBUG    | httpcore._trace:atrace:87 - connect_tcp.complete return_value=<httpcore._backends.anyio.AnyIOStream object at 0x75d346af92e0>
2026-05-30 12:45:47.673 | DEBUG    | httpcore._trace:atrace:87 - start_tls.started ssl_context=<ssl.SSLContext object at 0x75d346b0ff50> server_hostname='api.fifa.com' timeout=10.0
2026-05-30 12:45:47.679 | DEBUG    | httpcore._trace:atrace:87 - connect_tcp.complete return_value=<httpcore._backends.anyio.AnyIOStream object at 0x75d346af99d0>
2026-05-30 12:45:47.680 | DEBUG    | httpcore._trace:atrace:87 - start_tls.started ssl_context=<ssl.SSLContext object at 0x75d34617c550> server_hostname='api.fifa.com' timeout=10.0
2026-05-30 12:45:47.699 | DEBUG    | httpcore._trace:atrace:87 - start_tls.complete return_value=<httpcore._backends.anyio.AnyIOStream object at 0x7fd994ee7290>
2026-05-30 12:45:47.720 | DEBUG    | httpcore._trace:atrace:87 - send_request_headers.started request=<Request [b'GET']>
2026-05-30 12:45:47.727 | DEBUG    | httpcore._trace:atrace:87 - start_tls.complete return_value=<httpcore._backends.anyio.AnyIOStream object at 0x7fd994d93470>
2026-05-30 12:45:47.734 | DEBUG    | httpcore._trace:atrace:87 - start_tls.complete return_value=<httpcore._backends.anyio.AnyIOStream object at 0x7fd994d938f0>
2026-05-30 12:45:47.721 | DEBUG    | httpcore._trace:atrace:87 - start_tls.complete return_value=<httpcore._backends.anyio.AnyIOStream object at 0x75d346c87770>
2026-05-30 12:45:47.736 | DEBUG    | httpcore._trace:atrace:87 - send_request_headers.complete
2026-05-30 12:45:47.743 | DEBUG    | httpcore._trace:atrace:87 - send_request_headers.started request=<Request [b'GET']>
2026-05-30 12:45:47.737 | DEBUG    | httpcore._trace:atrace:87 - send_request_body.started request=<Request [b'GET']>
2026-05-30 12:45:47.738 | DEBUG    | httpcore._trace:atrace:87 - send_request_body.complete
2026-05-30 12:45:47.739 | DEBUG    | httpcore._trace:atrace:87 - receive_response_headers.started request=<Request [b'GET']>
2026-05-30 12:45:47.756 | DEBUG    | httpcore._trace:atrace:87 - start_tls.complete return_value=<httpcore._backends.anyio.AnyIOStream object at 0x75d34709f0b0>
2026-05-30 12:45:47.740 | DEBUG    | httpcore._trace:atrace:87 - send_request_headers.started request=<Request [b'GET']>
2026-05-30 12:45:47.748 | DEBUG    | httpcore._trace:atrace:87 - send_request_headers.started request=<Request [b'GET']>
2026-05-30 12:45:47.750 | DEBUG    | httpcore._trace:atrace:87 - send_request_headers.complete
2026-05-30 12:45:47.751 | DEBUG    | httpcore._trace:atrace:87 - send_request_body.started request=<Request [b'GET']>
2026-05-30 12:45:47.751 | DEBUG    | httpcore._trace:atrace:87 - send_request_body.complete
2026-05-30 12:45:47.758 | DEBUG    | httpcore._trace:atrace:87 - start_tls.complete return_value=<httpcore._backends.anyio.AnyIOStream object at 0x75d346c87ce0>
2026-05-30 12:45:47.770 | DEBUG    | httpcore._trace:atrace:87 - send_request_headers.complete
2026-05-30 12:45:47.752 | DEBUG    | httpcore._trace:atrace:87 - receive_response_headers.started request=<Request [b'GET']>
2026-05-30 12:45:47.772 | DEBUG    | httpcore._trace:atrace:87 - send_request_body.started request=<Request [b'GET']>
2026-05-30 12:45:47.753 | DEBUG    | httpcore._trace:atrace:87 - send_request_headers.complete
2026-05-30 12:45:47.773 | DEBUG    | httpcore._trace:atrace:87 - send_request_body.complete
2026-05-30 12:45:47.774 | DEBUG    | httpcore._trace:atrace:87 - receive_response_headers.started request=<Request [b'GET']>
2026-05-30 12:45:47.776 | DEBUG    | httpcore._trace:atrace:87 - send_request_headers.started request=<Request [b'GET']>
2026-05-30 12:45:47.754 | DEBUG    | httpcore._trace:atrace:87 - send_request_body.started request=<Request [b'GET']>
2026-05-30 12:45:47.777 | DEBUG    | httpcore._trace:atrace:87 - send_request_headers.started request=<Request [b'GET']>
2026-05-30 12:45:47.754 | DEBUG    | httpcore._trace:atrace:87 - send_request_body.complete
2026-05-30 12:45:47.755 | DEBUG    | httpcore._trace:atrace:87 - receive_response_headers.started request=<Request [b'GET']>
2026-05-30 12:45:47.778 | DEBUG    | httpcore._trace:atrace:87 - send_request_headers.complete
2026-05-30 12:45:47.778 | DEBUG    | httpcore._trace:atrace:87 - send_request_body.started request=<Request [b'GET']>
2026-05-30 12:45:47.806 | DEBUG    | httpcore._trace:atrace:87 - receive_response_headers.complete return_value=(b'HTTP/1.1', 200, b'OK', [(b'Content-Length', b'1050'), (b'Content-Type', b'image/png'), (b'Access-Control-Expose-Headers', b'Request-Context'), (b'x-mdp-ck', b'**P**'), (b'x-mdp-rootactivityid', b'14950d303aad4c37bd1bf840a10f0124'), (b'X-AspNet-Version', b'4.0.30319'), (b'Request-Context', b'appId=cid-v1:d6e11e63-1bc8-4e56-a695-f7ad71758c42'), (b'Arr-Disable-Session-Affinity', b'true'), (b'Cache-Control', b'public, must-revalidate, max-age=3600, s-maxage=2592000'), (b'Date', b'Sat, 30 May 2026 12:45:47 GMT'), (b'Connection', b'keep-alive'), (b'Access-Control-Allow-Origin', b'*'), (b'X-Frame-Options', b'sameorigin'), (b'Referrer-Policy', b'same-origin'), (b'X-Content-Type-Options', b'nosniff'), (b'X-XSS-Protection', b'1; mode=block'), (b'Strict-Transport-Security', b'max-age=15768000 ; includeSubDomains'), (b'Akamai-GRN', b'0.d5c41302.1780145147.18400e87'), (b'Set-Cookie', b'_abck=AED4ED4C191608BBD821ED99303C62DD~-1~YAAQ1cQTAjnmKECeAQAAA0/reA/rpR4Rf/4McTVIS4EhSHO2Yi3EddVJrrYPX22mlEekJk8mRpVAO18trw2RfV3j3HnkZwTy7pYauOd9S8X3iJ/wHe18iSFCrB8KeApFtWXzNFGdXW0DNLJXd73DnmeQLzbzCKFeGbDsohwMvqayer10kuk6auNLX0MdygPjuxG3cXns/cVTgNJt1O90w3Lf3LTeCEBnrBmdsEwPAn3kofNum1OJxlIMX6pPeTity5lqdqG9PcTGZBtiR4GEXm0YbA8+MLQjIeji2VbU2KeWB2mqEh1RyEYz6wJaE9KTcrTJrckECkUeCSh0nrISjpg//+ct30gJIc8t5XNAl9+apUGTaBTrMZ3zTpVSIWOhmzUnBe4GI+N4vOZYKHpE88U7Ab37vgxatAT/jmqj9KMM6Y1qqOnAUi3khMynXrMR5uq4dyXQ~-1~-1~-1~-1~-1; Domain=.fifa.com; Path=/; Expires=Sun, 30 May 2027 12:45:47 GMT; Max-Age=31536000; Secure'), (b'Set-Cookie', b'bm_sz=D21914BABF41933F947D5665B65B6D39~YAAQ1cQTAjrmKECeAQAAA0/reB93mJTWLg0Fp1K8Lyr3/OOoHFNPkc629xVotCbIC8AysJrozFDPRl0Og4LncbOVF8TGbUNoPVHKp6v1DNpJBXQPn8gzEQ/Ff7Aucd9TWND32RMMROY02fE4RH8JXQo/3fuDUld763fK3XVayIceq2ed96nJZxo8V7dC8QYarI8gHVs0eItKZCGNOIeCYR7s/u7o6sRPpJAtWgHCxGZ2dZzPEYQ3mZIyRG0GjEae7AemSIEEkOCMro4VboJLmUg1hvUwIFzLHIZ91QHt/duLUY4+WfVUPlWxnYtyJb3OeQMdlRzkBmsdkE1IFRTxYQRB4Qubt+1+XdEQaZw=~3622466~4469569; Domain=.fifa.com; Path=/; Expires=Sat, 30 May 2026 16:45:47 GMT; Max-Age=14400')])
2026-05-30 12:45:47.809 | INFO     | httpx._client:_send_single_request:1740 - HTTP Request: GET https://api.fifa.com/api/v3/picture/flags-sq-1/ESP "HTTP/1.1 200 OK"
2026-05-30 12:45:47.828 | DEBUG    | httpcore._trace:atrace:87 - send_request_body.complete
2026-05-30 12:45:47.840 | DEBUG    | httpcore._trace:atrace:87 - receive_response_headers.started request=<Request [b'GET']>
2026-05-30 12:45:47.809 | DEBUG    | httpcore._trace:atrace:87 - receive_response_body.started request=<Request [b'GET']>
2026-05-30 12:45:47.842 | DEBUG    | httpcore._trace:atrace:87 - send_request_headers.complete
2026-05-30 12:45:47.843 | DEBUG    | httpcore._trace:atrace:87 - send_request_body.started request=<Request [b'GET']>
2026-05-30 12:45:47.844 | DEBUG    | httpcore._trace:atrace:87 - send_request_body.complete
2026-05-30 12:45:47.810 | DEBUG    | httpcore._trace:atrace:87 - receive_response_body.complete
2026-05-30 12:45:47.811 | DEBUG    | httpcore._trace:atrace:87 - response_closed.started
2026-05-30 12:45:47.823 | DEBUG    | httpcore._trace:atrace:87 - receive_response_headers.complete return_value=(b'HTTP/1.1', 200, b'OK', [(b'Content-Length', b'2465'), (b'Content-Type', b'image/png'), (b'Access-Control-Expose-Headers', b'Request-Context'), (b'x-mdp-ck', b'**P**'), (b'x-mdp-rootactivityid', b'cc8adc48218c44e29edeb07a065e71a6'), (b'X-AspNet-Version', b'4.0.30319'), (b'Request-Context', b'appId=cid-v1:d6e11e63-1bc8-4e56-a695-f7ad71758c42'), (b'Arr-Disable-Session-Affinity', b'true'), (b'Cache-Control', b'public, must-revalidate, max-age=3600, s-maxage=2592000'), (b'Date', b'Sat, 30 May 2026 12:45:47 GMT'), (b'Connection', b'keep-alive'), (b'Access-Control-Allow-Origin', b'*'), (b'X-Frame-Options', b'sameorigin'), (b'Referrer-Policy', b'same-origin'), (b'X-Content-Type-Options', b'nosniff'), (b'X-XSS-Protection', b'1; mode=block'), (b'Strict-Transport-Security', b'max-age=15768000 ; includeSubDomains'), (b'Akamai-GRN', b'0.dec41302.1780145147.41f8d2'), (b'Set-Cookie', b'_abck=51F90868E91E17C395D42A57787C9C61~-1~YAAQ3sQTArjcc3eeAQAAFU/reA+X8hITnHlKlKAnNty6kYmwdKSeloz7WllxOacgbXlzNzR5oUtomoeG7Hq8Cgt/Hq7U6E+BrTVhtEtJWz4GfbegGk6Va966YSh2GEplMgvWlNgwYUC8KQV2WTURs1XtsqWEcUPcV+grsjaIfyrLp48hIpAV7svRmx+RUKrLwumQ5PGSk64cXPhXu5QSTQ9s80fY/QlqZUPxPP3ih+qsVLWbHgska27nH5KmdmCQdNKK5lM/o8xgs42bxkh64no/ssON5zi81+3GAlSUHo/PnXrWWURp70vadrdFn36sPQooNIuSOBeKcAYUmZFcCyueehAuZwE8S2lcHqyI0yDBfEZdObi+fBciEgiPc7O2uHYK8Yg1FyKy5rMMKXTKHOzgH/K2hsRrP0IbpGL8weCfBAxGFFY8/e8XwP+c8Y0Xr+dxH4A+~-1~-1~-1~-1~-1; Domain=.fifa.com; Path=/; Expires=Sun, 30 May 2027 12:45:47 GMT; Max-Age=31536000; Secure'), (b'Set-Cookie', b'bm_sz=DF231912A0B36819EF6F13D520381C51~YAAQ3sQTArncc3eeAQAAFU/reB8zsj/P407kpgXVFqUlvOJLPYnIhQ0UQ1NeRjRttjBMGqnA+NChWU6qTePF3AlPH5C3fOV9vbJZCqZqTk43ENV3edTAJJcJFCw7qyoYY4lvh5HqyTcaMUZ5rnGiTnuel6YWG29DMwxry480XzZ4smDN2bDs5tSh2A8iBDpPvjGPeBYsCEsPkd1nfe1UDy/XGb4Yq9JmMAGSUl6/owDE8n8+ak6Adc/Wo/IcqlvgZSLpyMPHRLaxdbEIG/Mtspt1zQLqN0qkWYeD48tp0lyW8bGxVDE8yywMRdcVATx6yrZq53Tp7zpLyT+lWvoIW2cCeUURrgXiQMUPsmI=~3622466~4469569; Domain=.fifa.com; Path=/; Expires=Sat, 30 May 2026 16:45:47 GMT; Max-Age=14400')])
2026-05-30 12:45:47.847 | DEBUG    | httpcore._trace:atrace:87 - receive_response_headers.started request=<Request [b'GET']>
2026-05-30 12:45:47.824 | INFO     | httpx._client:_send_single_request:1740 - HTTP Request: GET https://api.fifa.com/api/v3/picture/flags-sq-1/BRA "HTTP/1.1 200 OK"
2026-05-30 12:45:47.852 | DEBUG    | httpcore._trace:atrace:87 - receive_response_headers.complete return_value=(b'HTTP/1.1', 200, b'OK', [(b'Content-Length', b'699'), (b'Content-Type', b'image/png'), (b'Access-Control-Expose-Headers', b'Request-Context'), (b'x-mdp-ck', b'**P**'), (b'x-mdp-rootactivityid', b'4dc32c9207504a399e64a32b494165e5'), (b'X-AspNet-Version', b'4.0.30319'), (b'Request-Context', b'appId=cid-v1:d6e11e63-1bc8-4e56-a695-f7ad71758c42'), (b'Arr-Disable-Session-Affinity', b'true'), (b'Cache-Control', b'public, must-revalidate, max-age=3600, s-maxage=2592000'), (b'Date', b'Sat, 30 May 2026 12:45:47 GMT'), (b'Connection', b'keep-alive'), (b'Access-Control-Allow-Origin', b'*'), (b'X-Frame-Options', b'sameorigin'), (b'Referrer-Policy', b'same-origin'), (b'X-Content-Type-Options', b'nosniff'), (b'X-XSS-Protection', b'1; mode=block'), (b'Strict-Transport-Security', b'max-age=15768000 ; includeSubDomains'), (b'Akamai-GRN', b'0.d5c41302.1780145147.18400e8f'), (b'Set-Cookie', b'_abck=4AE05E1A7890B6241C7E994ACA341B93~-1~YAAQ1cQTAjvmKECeAQAAME/reA8ky2IxRHZl1r8QAtMAWHjE5idhIGqFxG6rpmUSq2fSTILxo6CEvgMG9a6qjk/u+IM7a2xJhvXlBx6NfQ6fOtR5dZJeavp5+d55pvHkny8D2XCTm/g0Rc+W3y3aDg/WbGsF/td/tNvB+iwPkwfgUx0ld2SjaM5ax2fnqSxuQtFP2Twruq4fEZFr/u/75ojtnwi0eTEu0AdHIQnvA9QleTdhf67fFHUpFZooIOBhxfLvd8s/zpZD0JB6uhseLRcQmjX0KhpjiJ7Fb4IGrw7Z5RqbU1KQOrlsV+Wt2pNjq2igjj/SPNsU9mwZItxqCa6E9OqhrrC+96tiSkv39dYctSWLfUINKW9ZWKovJKR8AxZon7OmZ4woBg+pvfhPV3kd5EyQVxM+zK6vYqcwkPbBZVAPJwUkGbqsgy4n4kd/WE6Z7NGC~-1~-1~-1~-1~-1; Domain=.fifa.com; Path=/; Expires=Sun, 30 May 2027 12:45:47 GMT; Max-Age=31536000; Secure'), (b'Set-Cookie', b'bm_sz=1EE534FED09BE0DE683718C61230AC9A~YAAQ1cQTAjzmKECeAQAAME/reB9DmAuIrV0fYKd0RAdDjHCA7ImAicdHECzDsAU2llT+07fvb9T8dFHtXhKoZI/ZO/GS/XBdnMJyB76uniKpuqGlR68944abGv7aHU6vlxIedleSqblkSibaxv0YN/TdLejh1zMnbOey0N3UTZEPMbjQ3ztMS+ZCJ73qwx/EmV8/6/SUu0JCDEcwh1T9suvbrWW3Jl9fPpBF42YEFG1sprBNqTn5bT1sKwhZwhTrjAvSyN03uDxB02rXgargln5PLTpFNFGwxHyIF0tJwbidRjclftffeDSOLjt4YlJyJ6KCfhLwMmRO3wu9LDvmX+i8AL2+gBT8K6H2UUw=~3622466~4469569; Domain=.fifa.com; Path=/; Expires=Sat, 30 May 2026 16:45:47 GMT; Max-Age=14400')])
2026-05-30 12:45:47.825 | DEBUG    | httpcore._trace:atrace:87 - receive_response_body.started request=<Request [b'GET']>
2026-05-30 12:45:47.856 | INFO     | httpx._client:_send_single_request:1740 - HTTP Request: GET https://api.fifa.com/api/v3/picture/flags-sq-1/ENG "HTTP/1.1 200 OK"
2026-05-30 12:45:47.826 | DEBUG    | httpcore._trace:atrace:87 - receive_response_body.complete
2026-05-30 12:45:47.827 | DEBUG    | httpcore._trace:atrace:87 - response_closed.started
2026-05-30 12:45:47.857 | DEBUG    | httpcore._trace:atrace:87 - receive_response_body.started request=<Request [b'GET']>
2026-05-30 12:45:47.834 | DEBUG    | httpcore._trace:atrace:87 - receive_response_headers.complete return_value=(b'HTTP/1.1', 200, b'OK', [(b'Content-Length', b'1419'), (b'Content-Type', b'image/png'), (b'Access-Control-Expose-Headers', b'Request-Context'), (b'x-mdp-ck', b'**P**'), (b'x-mdp-rootactivityid', b'66a95f9b58ba488e810d0e0f14c12071'), (b'X-AspNet-Version', b'4.0.30319'), (b'Request-Context', b'appId=cid-v1:d6e11e63-1bc8-4e56-a695-f7ad71758c42'), (b'Arr-Disable-Session-Affinity', b'true'), (b'Cache-Control', b'public, must-revalidate, max-age=3600, s-maxage=2592000'), (b'Date', b'Sat, 30 May 2026 12:45:47 GMT'), (b'Connection', b'keep-alive'), (b'Access-Control-Allow-Origin', b'*'), (b'X-Frame-Options', b'sameorigin'), (b'Referrer-Policy', b'same-origin'), (b'X-Content-Type-Options', b'nosniff'), (b'X-XSS-Protection', b'1; mode=block'), (b'Strict-Transport-Security', b'max-age=15768000 ; includeSubDomains'), (b'Akamai-GRN', b'0.dec41302.1780145147.41f8ce'), (b'Set-Cookie', b'_abck=A9C2683A4879262C69301A79C195B110~-1~YAAQ3sQTArbcc3eeAQAAFU/reA/TmuOspb8Bxb48m0uCUlbXiZve8lF4ksiPoN2EvJKE0WDpMIzQWPVE4FsMCBAMpF768g2R4+iFetgAGWRYE7l3NOp32In8fJJjHHos0uAij1tpc8VYm/n4ZbB8MZDp5CRsx4YaTfNMw91VCNmkq7m0K5nbv2If1Zqo0IhEEWbZEsXF2iM5pgl6dafA7+x6VDqR+Z1262OmA7qUuTh7VT0OBCjxjtzFfbhPuIeBSuDYz+arFcYAqj7UnU0bLgUmU+5MIHg31FxPVlMcLxwnOAShaH+dZVWHGoE38hWDNVHd/1YHrPBmI8MqLpWhrVS7Gp1CFEhlOJckjnkrLgmOG4gNqL21+54qI4eSe+ObC8fQx/FTHXeVlJxa6BkB3OyI/JHEHe+HqeZF8XfBjTUNmBcANwn5ONbeQLUUYZxK8cO49L3Y~-1~-1~-1~-1~-1; Domain=.fifa.com; Path=/; Expires=Sun, 30 May 2027 12:45:47 GMT; Max-Age=31536000; Secure'), (b'Set-Cookie', b'bm_sz=2261FFB7F2046976FAD48FB989CA2270~YAAQ3sQTArfcc3eeAQAAFU/reB9ynLVGSeCvpD5IuukIFTX7X/JyxJ1+HmWlXtxedr4LKA9FoTcGmd1BPBvdpzmzvhOI3P8AS4WhsH8rmvj5mGnD6lAVVulnY9PtwUEZ6ibwO5RKO8F3k8cV5gKAGnZ1dQOqURv0K3sj1zm1xQXg9syi69HjwJPqOmudrrThUKPn+CZFFejlAYiRhCnz9z9WLzVi5QsLnahWm/jTIrGFsMKQj7qYcAMPGutC3dB4zDifzOfkDNQ0KZLxQdDFylaRKcS8JhPXmwrQmJkbN4s1TduBEVLweHosGquDMEqu+M6SMTh6RmOUpbMwkxHBfxmNZEEXckOAs5toBNk=~3622466~4469569; Domain=.fifa.com; Path=/; Expires=Sat, 30 May 2026 16:45:47 GMT; Max-Age=14400')])
2026-05-30 12:45:47.858 | DEBUG    | httpcore._trace:atrace:87 - receive_response_body.complete
2026-05-30 12:45:47.836 | INFO     | httpx._client:_send_single_request:1740 - HTTP Request: GET https://api.fifa.com/api/v3/picture/flags-sq-1/POR "HTTP/1.1 200 OK"
2026-05-30 12:45:47.865 | DEBUG    | httpcore._trace:atrace:87 - response_closed.started
2026-05-30 12:45:47.837 | DEBUG    | httpcore._trace:atrace:87 - receive_response_body.started request=<Request [b'GET']>
2026-05-30 12:45:47.867 | DEBUG    | httpcore._trace:atrace:87 - receive_response_headers.complete return_value=(b'HTTP/1.1', 200, b'OK', [(b'Content-Length', b'757'), (b'Content-Type', b'image/png'), (b'Access-Control-Expose-Headers', b'Request-Context'), (b'x-mdp-ck', b'**P**'), (b'x-mdp-rootactivityid', b'05fed027239d4d4d835bb2fba1c31f66'), (b'X-AspNet-Version', b'4.0.30319'), (b'Request-Context', b'appId=cid-v1:d6e11e63-1bc8-4e56-a695-f7ad71758c42'), (b'Arr-Disable-Session-Affinity', b'true'), (b'Cache-Control', b'public, must-revalidate, max-age=3600, s-maxage=2592000'), (b'Date', b'Sat, 30 May 2026 12:45:47 GMT'), (b'Connection', b'keep-alive'), (b'Access-Control-Allow-Origin', b'*'), (b'X-Frame-Options', b'sameorigin'), (b'Referrer-Policy', b'same-origin'), (b'X-Content-Type-Options', b'nosniff'), (b'X-XSS-Protection', b'1; mode=block'), (b'Strict-Transport-Security', b'max-age=15768000 ; includeSubDomains'), (b'Akamai-GRN', b'0.dec41302.1780145147.41f8d8'), (b'Set-Cookie', b'_abck=E66DF09B154662E9E60AE486800C2D05~-1~YAAQ3sQTArrcc3eeAQAAME/reA+66sDMzJ6gI8tJObYXO2UHbJVY4eflqTNjt9y1vGdIFJclXCosKBp23caDRGG5OUCTUNab5M2EF7KJ8A1BUlgHNL/dr0HU2DyEpL/G0sJV0QOK5Ij2QHVPD/Il8LvijqjhX2t7eVbZDHsbCrWB7IlMIQUWad+RcBCVc0W4wPX/7B9Xw3ZrElqBdsn1/pjcMzmgcjCHpFmo61tdGsmzlnxZ64t4/ymDjiX0aOFoJPOaQ9JLiVKFATWVNkxQKfZxauUMp/OXQ79cxAMv7nul+Dyk4c/EFOJsqCMu+RTiLdthKn5Ovm/2SGPXX7PhomOrZYlVrT5w7ZyK3nbumANOXAmaf3LfZ9DfUemEhRtuCrq8t+4FpJoIiC4ndQsiKn+Rw5xZbBpCSpAEvd4y8fyBXTkjwOk04v6scVx46Fax20SUAISm~-1~-1~-1~-1~-1; Domain=.fifa.com; Path=/; Expires=Sun, 30 May 2027 12:45:47 GMT; Max-Age=31536000; Secure'), (b'Set-Cookie', b'bm_sz=4AC289802F87569089960B0954715855~YAAQ3sQTArvcc3eeAQAAME/reB825J4iIXFSoyYfSKWpSBdXuh5/yqnvCcSTjDKZn9Hgpy0C6GLzwM1Y0Us0wAgT2lvPBN2wCckjk/pPHeXPN9wPKeavyr1JbLvdtpPmwOlhwYE04JJZYYPPz0XmdHlT8sCiSpA8OhtxGPG5mNDpF7HTKC5bzwhy+S+2ix+cntJeNM/VIM77InuM2EXJHn1QnnriUaqfSJkU/ZlDiuraq0XHKGEBWPWgJ5qPtT7HxgANVYjAgU2vrDvafCz9AE+ERodHEvtNnmTPFQmBeJOs3TQ367P81VHZjs25f3S56H8rPPztViUXJdbbocPEOjjnFD6p5nVfm5gn2OE=~3622466~4469569; Domain=.fifa.com; Path=/; Expires=Sat, 30 May 2026 16:45:47 GMT; Max-Age=14400')])
2026-05-30 12:45:47.840 | DEBUG    | httpcore._trace:atrace:87 - receive_response_body.complete
2026-05-30 12:45:47.873 | INFO     | httpx._client:_send_single_request:1740 - HTTP Request: GET https://api.fifa.com/api/v3/picture/flags-sq-1/ARG "HTTP/1.1 200 OK"
2026-05-30 12:45:47.849 | DEBUG    | httpcore._trace:atrace:87 - response_closed.started
2026-05-30 12:45:47.874 | DEBUG    | httpcore._trace:atrace:87 - receive_response_body.started request=<Request [b'GET']>
2026-05-30 12:45:47.851 | DEBUG    | httpcore._trace:atrace:87 - response_closed.complete
2026-05-30 12:45:47.875 | DEBUG    | httpcore._trace:atrace:87 - receive_response_body.complete
2026-05-30 12:45:47.876 | DEBUG    | httpcore._trace:atrace:87 - response_closed.started
2026-05-30 12:45:47.877 | DEBUG    | httpcore._trace:atrace:87 - response_closed.complete
2026-05-30 12:45:47.853 | DEBUG    | httpcore._trace:atrace:87 - close.started
2026-05-30 12:45:47.880 | DEBUG    | httpcore._trace:atrace:87 - close.started
2026-05-30 12:45:47.857 | DEBUG    | httpcore._trace:atrace:87 - response_closed.complete
2026-05-30 12:45:47.865 | DEBUG    | httpcore._trace:atrace:87 - close.started
2026-05-30 12:45:47.881 | DEBUG    | httpcore._trace:atrace:87 - response_closed.complete
2026-05-30 12:45:47.866 | DEBUG    | httpcore._trace:atrace:87 - response_closed.complete
2026-05-30 12:45:47.888 | DEBUG    | httpcore._trace:atrace:87 - close.started
2026-05-30 12:45:47.892 | DEBUG    | httpcore._trace:atrace:87 - close.complete
2026-05-30 12:45:47.869 | DEBUG    | httpcore._trace:atrace:87 - close.started
2026-05-30 12:45:47.871 | DEBUG    | httpcore._trace:atrace:87 - close.complete
2026-05-30 12:45:47.893 | DEBUG    | httpcore._trace:atrace:87 - close.complete
2026-05-30 12:45:47.894 | DEBUG    | httpcore._trace:atrace:87 - receive_response_headers.complete return_value=(b'HTTP/1.1', 200, b'OK', [(b'Content-Length', b'301'), (b'Content-Type', b'image/png'), (b'Access-Control-Expose-Headers', b'Request-Context'), (b'x-mdp-ck', b'**P**'), (b'x-mdp-rootactivityid', b'aab1ec5fdfcb4967931e1bc56e890e5f'), (b'X-AspNet-Version', b'4.0.30319'), (b'Request-Context', b'appId=cid-v1:d6e11e63-1bc8-4e56-a695-f7ad71758c42'), (b'Arr-Disable-Session-Affinity', b'true'), (b'Cache-Control', b'public, must-revalidate, max-age=3600, s-maxage=2592000'), (b'Date', b'Sat, 30 May 2026 12:45:47 GMT'), (b'Connection', b'keep-alive'), (b'Access-Control-Allow-Origin', b'*'), (b'X-Frame-Options', b'sameorigin'), (b'Referrer-Policy', b'same-origin'), (b'X-Content-Type-Options', b'nosniff'), (b'X-XSS-Protection', b'1; mode=block'), (b'Strict-Transport-Security', b'max-age=15768000 ; includeSubDomains'), (b'Akamai-GRN', b'0.d5c41302.1780145147.18400ea8'), (b'Set-Cookie', b'_abck=B9B969327724860987B889B892ED262E~-1~YAAQ1cQTAj3mKECeAQAAc0/reA+PiSL4IQ3sCmSu0768kqd9w4FnnG0YV1Q2xdGdtpTCEP+aZ3SxKDmpHD6+yyCHvageffwiTolIsZbQgtH9ZHn/1aZdxY2E1tJfHxStnfYSmp1vVz7bgA0eI3e+9ClTySYAPRvWHRMlRV7VJ+Mb3dhiCU53rhYCNMc3EdvciP/2LZC6nyB5ycjCnLAwhW2QoNcK8IV+k4P/1xpc88Cl4bFJIC8HPRdybt4a86jzGRld1Jjry0GWR/KTy1qKe0nBYt7B/aYWJZHhNee0t2HYEk5uq6MjpaFAOgHNuU3PLd1r1H1GtwIZs63STlk75XgklKDb80o737Iadf07Q0ReNnw5UW0wpY/mwSsrWQOs0TI7+05rYcoimKp2GHMVVs/vzI8o0wo2RHJjC6RaK6J63gBSG0vOO3BEI4bAw5qzaMBjS4QG~-1~-1~-1~-1~-1; Domain=.fifa.com; Path=/; Expires=Sun, 30 May 2027 12:45:47 GMT; Max-Age=31536000; Secure'), (b'Set-Cookie', b'bm_sz=7A3DCBAD7691F35A6C48FAA8EF4429AE~YAAQ1cQTAj7mKECeAQAAc0/reB8Apy9ieqiWEjbI4lJ2DYmLoe2kgz1RecKi7pFos0oH5rHdf3QxxQtQsnO08nxasDpfq3HmHIuNIcCvP2QyubxhiCire8wZDAW0qoNeRYXSSdHt2azj892sGzoF9O0hH5wBR7iDPQ4VN6m+xXqTANq86Q0DPYXRdHAjBdxQiVmggW4tSk/1Ew3nA3YM/908vQ1mNlATAz1IaY7LRCE5ejA/WCR7gfXCzLazURZOaliOKQqB4gWpmpufz4SOOX4xDKgI/n9u6uwduWdz0gebbZk9Jyss4wqvE/QGt0avQescfMxUPqWP1294hO5zR1BomU9r5sLkcOGiJrk=~3622466~4469569; Domain=.fifa.com; Path=/; Expires=Sat, 30 May 2026 16:45:47 GMT; Max-Age=14400')])
2026-05-30 12:45:47.896 | INFO     | httpx._client:_send_single_request:1740 - HTTP Request: GET https://api.fifa.com/api/v3/picture/flags-sq-1/FRA "HTTP/1.1 200 OK"
2026-05-30 12:45:47.872 | DEBUG    | httpcore._trace:atrace:87 - close.complete
2026-05-30 12:45:47.906 | DEBUG    | httpcore._trace:atrace:87 - receive_response_body.started request=<Request [b'GET']>
2026-05-30 12:45:47.874 | DEBUG    | httpcore._trace:atrace:87 - close.complete
2026-05-30 12:45:47.879 | INFO     | uvicorn.protocols.http.httptools_impl:send:484 - 172.19.0.1:51236 - "GET /api/v1/teams/flags/flags-sq-1/ESP HTTP/1.1" 200
2026-05-30 12:45:47.881 | INFO     | uvicorn.protocols.http.httptools_impl:send:484 - 172.19.0.1:51244 - "GET /api/v1/teams/flags/flags-sq-1/BRA HTTP/1.1" 200
2026-05-30 12:45:47.908 | DEBUG    | httpcore._trace:atrace:87 - receive_response_body.complete
2026-05-30 12:45:47.883 | INFO     | uvicorn.protocols.http.httptools_impl:send:484 - 172.19.0.1:51242 - "GET /api/v1/teams/flags/flags-sq-1/POR HTTP/1.1" 200
2026-05-30 12:45:47.909 | INFO     | app.api.v1.endpoints.teams:get_flag_proxy:77 - Flag not cached. Proxying from FIFA: https://api.fifa.com/api/v3/picture/flags-sq-1/NED
2026-05-30 12:45:47.909 | DEBUG    | httpcore._trace:atrace:87 - response_closed.started
2026-05-30 12:45:47.911 | DEBUG    | httpcore._trace:atrace:87 - response_closed.complete
2026-05-30 12:45:47.922 | DEBUG    | httpcore._trace:atrace:87 - close.started
2026-05-30 12:45:47.923 | DEBUG    | httpcore._trace:atrace:87 - close.complete
2026-05-30 12:45:47.924 | INFO     | uvicorn.protocols.http.httptools_impl:send:484 - 172.19.0.1:51260 - "GET /api/v1/teams/flags/flags-sq-1/ENG HTTP/1.1" 200
2026-05-30 12:45:47.924 | INFO     | uvicorn.protocols.http.httptools_impl:send:484 - 172.19.0.1:51224 - "GET /api/v1/teams/flags/flags-sq-1/ARG HTTP/1.1" 200
2026-05-30 12:45:47.928 | INFO     | uvicorn.protocols.http.httptools_impl:send:484 - 172.19.0.1:51268 - "GET /api/v1/teams/flags/flags-sq-1/FRA HTTP/1.1" 200
2026-05-30 12:45:47.953 | INFO     | app.api.v1.endpoints.teams:get_flag_proxy:77 - Flag not cached. Proxying from FIFA: https://api.fifa.com/api/v3/picture/flags-sq-1/GER
2026-05-30 12:45:47.975 | INFO     | app.api.v1.endpoints.teams:get_flag_proxy:77 - Flag not cached. Proxying from FIFA: https://api.fifa.com/api/v3/picture/flags-sq-1/COL
2026-05-30 12:45:48.004 | DEBUG    | httpcore._trace:atrace:87 - connect_tcp.started host='api.fifa.com' port=443 local_address=None timeout=10.0 socket_options=None
2026-05-30 12:45:48.016 | INFO     | app.api.v1.endpoints.teams:get_flag_proxy:77 - Flag not cached. Proxying from FIFA: https://api.fifa.com/api/v3/picture/flags-sq-1/CRO
2026-05-30 12:45:48.030 | INFO     | app.api.v1.endpoints.teams:get_flag_proxy:77 - Flag not cached. Proxying from FIFA: https://api.fifa.com/api/v3/picture/flags-sq-1/ECU
2026-05-30 12:45:48.098 | DEBUG    | httpcore._trace:atrace:87 - connect_tcp.started host='api.fifa.com' port=443 local_address=None timeout=10.0 socket_options=None
2026-05-30 12:45:48.105 | INFO     | app.api.v1.endpoints.teams:get_flag_proxy:77 - Flag not cached. Proxying from FIFA: https://api.fifa.com/api/v3/picture/flags-sq-1/NOR
2026-05-30 12:45:48.134 | DEBUG    | httpcore._trace:atrace:87 - connect_tcp.started host='api.fifa.com' port=443 local_address=None timeout=10.0 socket_options=None
2026-05-30 12:45:48.139 | DEBUG    | httpcore._trace:atrace:87 - connect_tcp.started host='api.fifa.com' port=443 local_address=None timeout=10.0 socket_options=None
2026-05-30 12:45:48.149 | DEBUG    | httpcore._trace:atrace:87 - connect_tcp.started host='api.fifa.com' port=443 local_address=None timeout=10.0 socket_options=None
2026-05-30 12:45:48.156 | DEBUG    | httpcore._trace:atrace:87 - connect_tcp.started host='api.fifa.com' port=443 local_address=None timeout=10.0 socket_options=None
2026-05-30 12:45:48.200 | DEBUG    | httpcore._trace:atrace:87 - connect_tcp.complete return_value=<httpcore._backends.anyio.AnyIOStream object at 0x75d346c87c80>
2026-05-30 12:45:48.201 | DEBUG    | httpcore._trace:atrace:87 - connect_tcp.complete return_value=<httpcore._backends.anyio.AnyIOStream object at 0x7fd9942ed280>
2026-05-30 12:45:48.201 | DEBUG    | httpcore._trace:atrace:87 - start_tls.started ssl_context=<ssl.SSLContext object at 0x75d34617e6d0> server_hostname='api.fifa.com' timeout=10.0
2026-05-30 12:45:48.202 | DEBUG    | httpcore._trace:atrace:87 - start_tls.started ssl_context=<ssl.SSLContext object at 0x7fd9942c0d50> server_hostname='api.fifa.com' timeout=10.0
2026-05-30 12:45:48.208 | DEBUG    | httpcore._trace:atrace:87 - connect_tcp.complete return_value=<httpcore._backends.anyio.AnyIOStream object at 0x7fd9942ed100>
2026-05-30 12:45:48.212 | DEBUG    | httpcore._trace:atrace:87 - start_tls.started ssl_context=<ssl.SSLContext object at 0x7fd9942c2350> server_hostname='api.fifa.com' timeout=10.0
2026-05-30 12:45:48.214 | DEBUG    | httpcore._trace:atrace:87 - connect_tcp.complete return_value=<httpcore._backends.anyio.AnyIOStream object at 0x75d346b039e0>
2026-05-30 12:45:48.215 | DEBUG    | httpcore._trace:atrace:87 - start_tls.started ssl_context=<ssl.SSLContext object at 0x75d34617e7d0> server_hostname='api.fifa.com' timeout=10.0
2026-05-30 12:45:48.224 | DEBUG    | httpcore._trace:atrace:87 - connect_tcp.complete return_value=<httpcore._backends.anyio.AnyIOStream object at 0x7fd9942ec980>
2026-05-30 12:45:48.223 | DEBUG    | httpcore._trace:atrace:87 - connect_tcp.complete return_value=<httpcore._backends.anyio.AnyIOStream object at 0x75d346183170>
2026-05-30 12:45:48.223 | DEBUG    | httpcore._trace:atrace:87 - start_tls.started ssl_context=<ssl.SSLContext object at 0x75d34617f1d0> server_hostname='api.fifa.com' timeout=10.0
2026-05-30 12:45:48.225 | DEBUG    | httpcore._trace:atrace:87 - start_tls.started ssl_context=<ssl.SSLContext object at 0x7fd9942c2d50> server_hostname='api.fifa.com' timeout=10.0
2026-05-30 12:45:48.244 | DEBUG    | httpcore._trace:atrace:87 - start_tls.complete return_value=<httpcore._backends.anyio.AnyIOStream object at 0x75d346dd6ff0>
2026-05-30 12:45:48.246 | DEBUG    | httpcore._trace:atrace:87 - send_request_headers.started request=<Request [b'GET']>
2026-05-30 12:45:48.248 | DEBUG    | httpcore._trace:atrace:87 - send_request_headers.complete
2026-05-30 12:45:48.248 | DEBUG    | httpcore._trace:atrace:87 - send_request_body.started request=<Request [b'GET']>
2026-05-30 12:45:48.248 | DEBUG    | httpcore._trace:atrace:87 - send_request_body.complete
2026-05-30 12:45:48.249 | DEBUG    | httpcore._trace:atrace:87 - receive_response_headers.started request=<Request [b'GET']>
2026-05-30 12:45:48.257 | DEBUG    | httpcore._trace:atrace:87 - start_tls.complete return_value=<httpcore._backends.anyio.AnyIOStream object at 0x7fd9942d3d10>
2026-05-30 12:45:48.258 | DEBUG    | httpcore._trace:atrace:87 - send_request_headers.started request=<Request [b'GET']>
2026-05-30 12:45:48.260 | DEBUG    | httpcore._trace:atrace:87 - send_request_headers.complete
2026-05-30 12:45:48.261 | DEBUG    | httpcore._trace:atrace:87 - send_request_body.started request=<Request [b'GET']>
2026-05-30 12:45:48.262 | DEBUG    | httpcore._trace:atrace:87 - send_request_body.complete
2026-05-30 12:45:48.262 | DEBUG    | httpcore._trace:atrace:87 - receive_response_headers.started request=<Request [b'GET']>
2026-05-30 12:45:48.275 | DEBUG    | httpcore._trace:atrace:87 - start_tls.complete return_value=<httpcore._backends.anyio.AnyIOStream object at 0x75d346b03dd0>
2026-05-30 12:45:48.278 | DEBUG    | httpcore._trace:atrace:87 - send_request_headers.started request=<Request [b'GET']>
2026-05-30 12:45:48.284 | DEBUG    | httpcore._trace:atrace:87 - send_request_headers.complete
2026-05-30 12:45:48.284 | DEBUG    | httpcore._trace:atrace:87 - send_request_body.started request=<Request [b'GET']>
2026-05-30 12:45:48.285 | DEBUG    | httpcore._trace:atrace:87 - send_request_body.complete
2026-05-30 12:45:48.285 | DEBUG    | httpcore._trace:atrace:87 - receive_response_headers.started request=<Request [b'GET']>
2026-05-30 12:45:48.290 | DEBUG    | httpcore._trace:atrace:87 - start_tls.complete return_value=<httpcore._backends.anyio.AnyIOStream object at 0x75d346b03c80>
2026-05-30 12:45:48.297 | DEBUG    | httpcore._trace:atrace:87 - send_request_headers.started request=<Request [b'GET']>
2026-05-30 12:45:48.300 | DEBUG    | httpcore._trace:atrace:87 - start_tls.complete return_value=<httpcore._backends.anyio.AnyIOStream object at 0x7fd9942d34a0>
2026-05-30 12:45:48.302 | DEBUG    | httpcore._trace:atrace:87 - start_tls.complete return_value=<httpcore._backends.anyio.AnyIOStream object at 0x7fd9942d3d40>
2026-05-30 12:45:48.301 | DEBUG    | httpcore._trace:atrace:87 - receive_response_headers.complete return_value=(b'HTTP/1.1', 200, b'OK', [(b'Content-Length', b'354'), (b'Content-Type', b'image/png'), (b'Access-Control-Expose-Headers', b'Request-Context'), (b'x-mdp-ck', b'**P**'), (b'x-mdp-rootactivityid', b'156540a15acd47b7a077e286d203ad33'), (b'X-AspNet-Version', b'4.0.30319'), (b'Request-Context', b'appId=cid-v1:d6e11e63-1bc8-4e56-a695-f7ad71758c42'), (b'Arr-Disable-Session-Affinity', b'true'), (b'Cache-Control', b'public, must-revalidate, max-age=3600, s-maxage=2592000'), (b'Date', b'Sat, 30 May 2026 12:45:48 GMT'), (b'Connection', b'keep-alive'), (b'Access-Control-Allow-Origin', b'*'), (b'X-Frame-Options', b'sameorigin'), (b'Referrer-Policy', b'same-origin'), (b'X-Content-Type-Options', b'nosniff'), (b'X-XSS-Protection', b'1; mode=block'), (b'Strict-Transport-Security', b'max-age=15768000 ; includeSubDomains'), (b'Akamai-GRN', b'0.d5c41302.1780145148.18400f50'), (b'Set-Cookie', b'_abck=9B9C7D6A592D40DBA40A40B49E2082E3~-1~YAAQ1cQTAkXmKECeAQAAA1HreA/9qsw/N0CiznTXzw+4Din+D3/NfcUfKvnug5FxvDmHk5pjRb4GuxqN+mojcMplSfnlPpnGOi+Pun0J+h/+UJLQ14PsDXQEuz6fTrv+xETtlsykspbpmJJ6Y4mAkxWKrKZKrbTKFcHVUay1Ue28wJ1tH8Z0qPToBP6QpabOneobc2oV62rHWzd35yMGsTpssoav/TqP1fPg9OORTr5paIxzBPA/ezdJwjvortp+kKVgNkbU1zXSTrDxnNanbh6GJH9KWc42A2b9CVMf/KdZOgho5vRNaQqxjV6wPgH+pCauAX+fCvhDKPpMW851ePRJot/eUMhe0m5+CNhREMM6+NGZPH9Yf+5kd6ZEIFgYlv/aNy2Mk7NTLc5dN2BFtjb5bM6SrK2A9f76ln8N+wy2TEcVGZhVo9qB85vzU8Og83GtnXoN~-1~-1~-1~-1~-1; Domain=.fifa.com; Path=/; Expires=Sun, 30 May 2027 12:45:48 GMT; Max-Age=31536000; Secure'), (b'Set-Cookie', b'bm_sz=14A8A24FB7C85015FA4BAC95C60DF466~YAAQ1cQTAkbmKECeAQAAA1HreB95OlVFQRDT50nW0VmhhSF6NDB25Ir4R4CmLM/u3ZNfMhW4DlcJF8bm+yL6rkkVhxAhdkgZyVROc26XAZhRemOjihhDYW0Rtg6negqxkpVzl6/VWcK7/S7Yol4tNGQV2htZO1WC3ASVfnErPT6Zuhjj3s/gmT4YyPrpirOUQZlf4RYqwMjoWq0m2QwvdELWHcrfW81VgvA9EPF0gOsp62/ZpMfKMb7J5sICPZgwx+hMGS4lSq4xYK1+9nC/Y8KjWBfq0NkkFOgqVjV6kffRxtJljzoFc/+XtCDLdDtHj56zwKPp8HExLFE/EKRqDPCvnY+P65V4nsE/oqo=~4272440~4408377; Domain=.fifa.com; Path=/; Expires=Sat, 30 May 2026 16:45:48 GMT; Max-Age=14400')])
2026-05-30 12:45:48.304 | INFO     | httpx._client:_send_single_request:1740 - HTTP Request: GET https://api.fifa.com/api/v3/picture/flags-sq-1/GER "HTTP/1.1 200 OK"
2026-05-30 12:45:48.304 | DEBUG    | httpcore._trace:atrace:87 - receive_response_body.started request=<Request [b'GET']>
2026-05-30 12:45:48.306 | DEBUG    | httpcore._trace:atrace:87 - receive_response_body.complete
2026-05-30 12:45:48.303 | DEBUG    | httpcore._trace:atrace:87 - send_request_headers.started request=<Request [b'GET']>
2026-05-30 12:45:48.308 | DEBUG    | httpcore._trace:atrace:87 - response_closed.started
2026-05-30 12:45:48.309 | DEBUG    | httpcore._trace:atrace:87 - send_request_headers.complete
2026-05-30 12:45:48.311 | DEBUG    | httpcore._trace:atrace:87 - send_request_body.started request=<Request [b'GET']>
2026-05-30 12:45:48.311 | DEBUG    | httpcore._trace:atrace:87 - send_request_body.complete
2026-05-30 12:45:48.312 | DEBUG    | httpcore._trace:atrace:87 - receive_response_headers.started request=<Request [b'GET']>
2026-05-30 12:45:48.313 | DEBUG    | httpcore._trace:atrace:87 - response_closed.complete
2026-05-30 12:45:48.317 | DEBUG    | httpcore._trace:atrace:87 - close.started
2026-05-30 12:45:48.318 | DEBUG    | httpcore._trace:atrace:87 - close.complete
2026-05-30 12:45:48.324 | INFO     | uvicorn.protocols.http.httptools_impl:send:484 - 172.19.0.1:51224 - "GET /api/v1/teams/flags/flags-sq-1/GER HTTP/1.1" 200
2026-05-30 12:45:48.305 | DEBUG    | httpcore._trace:atrace:87 - send_request_headers.started request=<Request [b'GET']>
2026-05-30 12:45:48.307 | DEBUG    | httpcore._trace:atrace:87 - send_request_headers.complete
2026-05-30 12:45:48.307 | DEBUG    | httpcore._trace:atrace:87 - send_request_body.started request=<Request [b'GET']>
2026-05-30 12:45:48.308 | DEBUG    | httpcore._trace:atrace:87 - send_request_body.complete
2026-05-30 12:45:48.310 | DEBUG    | httpcore._trace:atrace:87 - receive_response_headers.started request=<Request [b'GET']>
2026-05-30 12:45:48.333 | INFO     | app.api.v1.endpoints.teams:get_flag_proxy:77 - Flag not cached. Proxying from FIFA: https://api.fifa.com/api/v3/picture/flags-sq-1/JPN
2026-05-30 12:45:48.310 | DEBUG    | httpcore._trace:atrace:87 - send_request_headers.complete
2026-05-30 12:45:48.312 | DEBUG    | httpcore._trace:atrace:87 - send_request_body.started request=<Request [b'GET']>
2026-05-30 12:45:48.313 | DEBUG    | httpcore._trace:atrace:87 - send_request_body.complete
2026-05-30 12:45:48.314 | DEBUG    | httpcore._trace:atrace:87 - receive_response_headers.started request=<Request [b'GET']>
2026-05-30 12:45:48.315 | DEBUG    | httpcore._trace:atrace:87 - receive_response_headers.complete return_value=(b'HTTP/1.1', 200, b'OK', [(b'Content-Length', b'1135'), (b'Content-Type', b'image/png'), (b'Access-Control-Expose-Headers', b'Request-Context'), (b'x-mdp-ck', b'**P**'), (b'x-mdp-rootactivityid', b'90cbe225a2b244e3ac3ae8e483769214'), (b'X-AspNet-Version', b'4.0.30319'), (b'Request-Context', b'appId=cid-v1:d6e11e63-1bc8-4e56-a695-f7ad71758c42'), (b'Arr-Disable-Session-Affinity', b'true'), (b'Cache-Control', b'public, must-revalidate, max-age=3600, s-maxage=2592000'), (b'Date', b'Sat, 30 May 2026 12:45:48 GMT'), (b'Connection', b'keep-alive'), (b'Access-Control-Allow-Origin', b'*'), (b'X-Frame-Options', b'sameorigin'), (b'Referrer-Policy', b'same-origin'), (b'X-Content-Type-Options', b'nosniff'), (b'X-XSS-Protection', b'1; mode=block'), (b'Strict-Transport-Security', b'max-age=15768000 ; includeSubDomains'), (b'Akamai-GRN', b'0.d5c41302.1780145148.18400f57'), (b'Set-Cookie', b'_abck=CDC267D2A0C9DF8DD0A9CC084BCF57D0~-1~YAAQ1cQTAkfmKECeAQAADlHreA/61kfGLFN32ZbtSpz+DxBNy1fLaFZZ8kozcNXlDVZl/G7QH3ML4TdKhMQhxN66VWa8a5mPGJdxIa9hXaCnFfk+SYCrorgK17+5/TevcFvUoeCDy5hMtHvo/8s13B+UyQW4K7AKwg5qpkSE9xoZarhYS62fkt3VyKKlV612kWGgdLz8WU3uYFPLqmgPU0FLoH5fTjsN/YMCRMjIApljMve37hPz/pwZZ4IEscDPtxapUDoHNyDdeW2+toV5wfyk4r0NF3YLhVv1w72FrpTIE4OUH07Qy6MvGw0LyUKBGR0ouFKaZGxNaivnSNyQ7WCLjoTjG1ALDNmxPIT2B1E3b3TvKS+f3xAoH+8Xffs/2Z6MpwuNRYcVJ8E63RGwze4S63OXdb/96Ye6/t5dkCf8W7+mUdNdp/0aOXRDdl1nhV2qzEch~-1~-1~-1~-1~-1; Domain=.fifa.com; Path=/; Expires=Sun, 30 May 2027 12:45:48 GMT; Max-Age=31536000; Secure'), (b'Set-Cookie', b'bm_sz=245234C9E24654D47D3652395EA7FC5D~YAAQ1cQTAkjmKECeAQAADlHreB9dAHv4NU4X3Cz3X8/KYb0UEMBRts3priKn8J6H1q5VfD2rG00PNqnMRlDRmBoljXimofWMo1eF5cG8V8wS59HyNS0bTxS8cMof1ja98O39drltLji/KeGp3RzuG+Qb+cUC7oRyQT/m3z6ubJUeaq3IzMDwQbiR0+3bwFf40+hG+jm9z7ulLFncLXahVTxvKkSk7HGIGAmcl5YFEaKtFT6JUfbUxlU7qkjXKniyQ31JmR9DKGojFg0qqqq/GiuEXnRvB9pvwEIXpPBl4Ui/q4cF4rgPIoGyMR8k6b2apIR4DdkIhXkCqJIBbU1CReSD6DSQTgJkeXamjRk=~4272440~4408377; Domain=.fifa.com; Path=/; Expires=Sat, 30 May 2026 16:45:48 GMT; Max-Age=14400')])
2026-05-30 12:45:48.317 | INFO     | httpx._client:_send_single_request:1740 - HTTP Request: GET https://api.fifa.com/api/v3/picture/flags-sq-1/COL "HTTP/1.1 200 OK"
2026-05-30 12:45:48.321 | DEBUG    | httpcore._trace:atrace:87 - receive_response_body.started request=<Request [b'GET']>
2026-05-30 12:45:48.321 | DEBUG    | httpcore._trace:atrace:87 - receive_response_body.complete
2026-05-30 12:45:48.325 | DEBUG    | httpcore._trace:atrace:87 - response_closed.started
2026-05-30 12:45:48.326 | DEBUG    | httpcore._trace:atrace:87 - response_closed.complete
2026-05-30 12:45:48.329 | DEBUG    | httpcore._trace:atrace:87 - close.started
2026-05-30 12:45:48.330 | DEBUG    | httpcore._trace:atrace:87 - close.complete
2026-05-30 12:45:48.337 | INFO     | uvicorn.protocols.http.httptools_impl:send:484 - 172.19.0.1:51242 - "GET /api/v1/teams/flags/flags-sq-1/COL HTTP/1.1" 200
2026-05-30 12:45:48.348 | INFO     | app.api.v1.endpoints.teams:get_flag_proxy:77 - Flag not cached. Proxying from FIFA: https://api.fifa.com/api/v3/picture/flags-sq-1/TUR
2026-05-30 12:45:48.368 | DEBUG    | httpcore._trace:atrace:87 - connect_tcp.started host='api.fifa.com' port=443 local_address=None timeout=10.0 socket_options=None
2026-05-30 12:45:48.382 | DEBUG    | httpcore._trace:atrace:87 - receive_response_headers.complete return_value=(b'HTTP/1.1', 200, b'OK', [(b'Content-Length', b'343'), (b'Content-Type', b'image/png'), (b'Access-Control-Expose-Headers', b'Request-Context'), (b'x-mdp-ck', b'**P**'), (b'x-mdp-rootactivityid', b'1f41b6064e0941e9aec229806d64935b'), (b'X-AspNet-Version', b'4.0.30319'), (b'Request-Context', b'appId=cid-v1:d6e11e63-1bc8-4e56-a695-f7ad71758c42'), (b'Arr-Disable-Session-Affinity', b'true'), (b'Cache-Control', b'public, must-revalidate, max-age=3600, s-maxage=2592000'), (b'Date', b'Sat, 30 May 2026 12:45:48 GMT'), (b'Connection', b'keep-alive'), (b'Access-Control-Allow-Origin', b'*'), (b'X-Frame-Options', b'sameorigin'), (b'Referrer-Policy', b'same-origin'), (b'X-Content-Type-Options', b'nosniff'), (b'X-XSS-Protection', b'1; mode=block'), (b'Strict-Transport-Security', b'max-age=15768000 ; includeSubDomains'), (b'Akamai-GRN', b'0.d5c41302.1780145148.18400f62'), (b'Set-Cookie', b'_abck=76EDF2B919A63AA8EC5844B1EA184197~-1~YAAQ1cQTAkvmKECeAQAARVHreA9zwG9LapJuSfSSHiGz0z94frKxODzLbEpjdGt3usD8lsH1TxuEHmQEjXXkoZ7jiNNvuETvpnoqc+FQAOLqg1LZL53Q4hkvU3WR2iB3t2aAE8MDuPYDV17uWZyZGpXSiYET1wLW7YvT7yQIy164C5PzAK+WtJXAvdlYMdqjQdSPl29+J9WTy/E5W+cc25yRLVjkAa8bmPAj3PHI6B6QHPPFAEvSw4kks9PTxs4RRFkxMRr3iDCcqd3aDhKXWxu+5rDaJS/xq/MXMLfDUXvrm3c/XbYZNr/2FiHtswFzNLjD/UotnvsypmH3+SB5ce9a7TLRsSuxrndNQmoFsBfQW3XL1OH5iKdIuXfyUNIqlDXdzdEkgnoy5NyD2jSoz2vqgLqq5Lj8GsftoWcLV+f92dImYbrSbT7G+EokvgygUnHq4r5S~-1~-1~-1~-1~-1; Domain=.fifa.com; Path=/; Expires=Sun, 30 May 2027 12:45:48 GMT; Max-Age=31536000; Secure'), (b'Set-Cookie', b'bm_sz=946D5A9FC9A794E1FD1470DB961428E5~YAAQ1cQTAkzmKECeAQAARVHreB/qpQNhXaq6Q8uJfGNA6E31P6vD2Jh+iBsx5neRo8wME+YP3MvRCgOHm15R8GKEt7eDVEXdJiFDl1F155QFWWjDeMcDxmGhAwf08OI6En3S01dYZvGB8Q7PYf3eWc4qdmmcxBd9kXXjwaxfNN4sJjngcB9Uf/lp4zVDpUH2D/tum7+WFa0REkK+YyuEWOnbCLOSNhN7NFQv1RDy09JUBRjz0yN18i2zsZD6PkcF5fuN8op6BNvy4nHojLz2hfylRuFy9BiInmKFDbBkmm7eaETpf/Tg2ln3jnN+0RGrLPkHtuxrjlMewhKKBdPdzDTDLxV/7pHJbsOlJwk=~4272440~4408377; Domain=.fifa.com; Path=/; Expires=Sat, 30 May 2026 16:45:48 GMT; Max-Age=14400')])
2026-05-30 12:45:48.384 | INFO     | httpx._client:_send_single_request:1740 - HTTP Request: GET https://api.fifa.com/api/v3/picture/flags-sq-1/NED "HTTP/1.1 200 OK"
2026-05-30 12:45:48.385 | DEBUG    | httpcore._trace:atrace:87 - receive_response_body.started request=<Request [b'GET']>
2026-05-30 12:45:48.386 | DEBUG    | httpcore._trace:atrace:87 - receive_response_body.complete
2026-05-30 12:45:48.387 | DEBUG    | httpcore._trace:atrace:87 - response_closed.started
2026-05-30 12:45:48.388 | DEBUG    | httpcore._trace:atrace:87 - response_closed.complete
2026-05-30 12:45:48.389 | DEBUG    | httpcore._trace:atrace:87 - close.started
2026-05-30 12:45:48.391 | DEBUG    | httpcore._trace:atrace:87 - receive_response_headers.complete return_value=(b'HTTP/1.1', 200, b'OK', [(b'Content-Length', b'1626'), (b'Content-Type', b'image/png'), (b'Access-Control-Expose-Headers', b'Request-Context'), (b'OutputCachingAttribute', b'1'), (b'x-mdp-rootactivityid', b'f8ec449119be45f6ad9c2473d0d1f7d5'), (b'X-AspNet-Version', b'4.0.30319'), (b'Request-Context', b'appId=cid-v1:d6e11e63-1bc8-4e56-a695-f7ad71758c42'), (b'Arr-Disable-Session-Affinity', b'true'), (b'Cache-Control', b'public, must-revalidate, max-age=3600, s-maxage=2592000'), (b'Date', b'Sat, 30 May 2026 12:45:48 GMT'), (b'Connection', b'keep-alive'), (b'Access-Control-Allow-Origin', b'*'), (b'X-Frame-Options', b'sameorigin'), (b'Referrer-Policy', b'same-origin'), (b'X-Content-Type-Options', b'nosniff'), (b'X-XSS-Protection', b'1; mode=block'), (b'Strict-Transport-Security', b'max-age=15768000 ; includeSubDomains'), (b'Akamai-GRN', b'0.d5c41302.1780145148.18400f63'), (b'Set-Cookie', b'_abck=F7C8E436CA617D644F3D2E54808EC44F~-1~YAAQ1cQTAk/mKECeAQAAUFHreA/lJL8aaIKmDzdYfypWosI+ceXrGYf/80KN24IsYPDtuWsgACKGvXRUKFTO7J9d+hT69NHAUqgLesC23YEjcktObw2GP03cw/7XmNpub7dscN4L9Iottqc4G+OPnMlizsWK6x7EBBv5Y2zvmGFxJR1EZRo5vu3gOCQwjuqGLx/n0S1C3LvMWtObuO3rFuYjDGfW7SbhoFUM5Rrce/oOwrONNSXB3dAFuUIn3AaWu2PM+RYjh63AfOZpfzUiC3CTgsYXb5g6/O7mvwLSpBdrEREIKGecrvKXCIbcZ9p4R489bkZrc8WrRmNx9kkSRKyXfkebCbUVbAa7adUqRakNVwMN2jVmw7deTU4I0rNcOOHCytMBQefLDEDAnQKwPnfJ4u0/gsVmRWW3sMYdQ0VPBxB80MzinPkmx0PKkJ+lq6CX8EpC~-1~-1~-1~-1~-1; Domain=.fifa.com; Path=/; Expires=Sun, 30 May 2027 12:45:48 GMT; Max-Age=31536000; Secure'), (b'Set-Cookie', b'bm_sz=166847EA792A3F542B586F8DD1805FF1~YAAQ1cQTAlDmKECeAQAAUFHreB9bulz1A6X/6uA++iHco6/Sbc4e3kNQkbiOSyGz4hmV+vJPJgzQlsywA+QU1ji3MNFtSnzrGdhvxiiBUfq8arWRWdRQY1oejXoZLWpHxlJn8pFqgF6f1xBLZEdiHLHfePZPbfvExh/OOrdKiylPSg20lVbaF3GEtguf4KctmoqrLwEuBLenA/79OGpIMh6ckGNzBjKPMfydngRBPTVa+2rOeair5j6RuZCLFWQoE6kUJzNWjRTIA4FhbtFa5Hcgki9qaOVb+MG4b8v/BcFR5N9icyIVJcS/2eF6gOBM2nhCo8T76QD1zdpK3xtYqCxagpeAaCFkPSbYnGw=~4272440~4408377; Domain=.fifa.com; Path=/; Expires=Sat, 30 May 2026 16:45:48 GMT; Max-Age=14400')])
2026-05-30 12:45:48.392 | INFO     | httpx._client:_send_single_request:1740 - HTTP Request: GET https://api.fifa.com/api/v3/picture/flags-sq-1/ECU "HTTP/1.1 200 OK"
2026-05-30 12:45:48.367 | DEBUG    | httpcore._trace:atrace:87 - connect_tcp.started host='api.fifa.com' port=443 local_address=None timeout=10.0 socket_options=None
2026-05-30 12:45:48.394 | DEBUG    | httpcore._trace:atrace:87 - receive_response_body.started request=<Request [b'GET']>
2026-05-30 12:45:48.369 | DEBUG    | httpcore._trace:atrace:87 - receive_response_headers.complete return_value=(b'HTTP/1.1', 200, b'OK', [(b'Content-Length', b'1700'), (b'Content-Type', b'image/png'), (b'Access-Control-Expose-Headers', b'Request-Context'), (b'x-mdp-ck', b'**P**'), (b'x-mdp-rootactivityid', b'c6d557fbcd5e430c926160ee8490607b'), (b'X-AspNet-Version', b'4.0.30319'), (b'Request-Context', b'appId=cid-v1:d6e11e63-1bc8-4e56-a695-f7ad71758c42'), (b'Arr-Disable-Session-Affinity', b'true'), (b'Cache-Control', b'public, must-revalidate, max-age=3600, s-maxage=2592000'), (b'Date', b'Sat, 30 May 2026 12:45:48 GMT'), (b'Connection', b'keep-alive'), (b'Access-Control-Allow-Origin', b'*'), (b'X-Frame-Options', b'sameorigin'), (b'Referrer-Policy', b'same-origin'), (b'X-Content-Type-Options', b'nosniff'), (b'X-XSS-Protection', b'1; mode=block'), (b'Strict-Transport-Security', b'max-age=15768000 ; includeSubDomains'), (b'Akamai-GRN', b'0.d5c41302.1780145148.18400f61'), (b'Set-Cookie', b'_abck=1E0B6C9E23B76AB915DBECE6E2B9B7DA~-1~YAAQ1cQTAk3mKECeAQAAR1HreA/44OTjJf2TEm6nMJuJav9FnKdFj/WEpC/nY61kX1f+2pUxKwEEojN1AABMjr1pPE9Seic8kXvOfQW/4JKzaDCxeukL5eXuZRkbA97bxgvx431YlQ7+NrKs5cSPL09rBDzZv7Ox2vSNcIU6f5w5WTA0U2hkd0vBaxA4LCHf2xxI8UH6Aq14erxQcsOmHbIGKV0gLOCRHe75ZGa7cxV7rG6Tuu42rP2rc0Nn523J60qPvi3l2xDE8LRG8hZdarrAd9KJdCfGJV4lCnAAFufItfjjLSNYpeob/mRLAIkiBePSpgEK8boVbTI6vscliLUBamARk7PtINAvxtByE44rbN3rSXJ7wrgK05FIn4CxALY4PBdNvX725oN0IfeQkKBJIxRL3nMkbSMygr4U0878LVCQCJSGOaNBu/zhj3nbCGLCz+lw~-1~-1~-1~-1~-1; Domain=.fifa.com; Path=/; Expires=Sun, 30 May 2027 12:45:48 GMT; Max-Age=31536000; Secure'), (b'Set-Cookie', b'bm_sz=60CFF6B4C8B8C86A520E22786C5FC77D~YAAQ1cQTAk7mKECeAQAAR1HreB99FVEuLCyFtP2ihIF5Att3TtmfwO+2hO7aaFX7qVXyvqIwJxpA//N61p4QygZ7rRYUc7vOJkp8uJGo0h9DvHs9c+xvR6I9DjG4Ha4UsWcP4NBYSzMq5+Q+7XqONZg27EQRWzjlltBrM6Wg+hPVRF3QpLUAu0v1c5Nf4a0OPtHBeXjHfJmJv5yQHvL2Fhu+Qb860bKDCMGOkti3lNZ9o1eQuTk4Gnpq+sGb1bejnmH/LJXfq0kIH3DGF+7+gSN7DUl6ebM7Dy/KZSqvd/s8O1IwHsKeDVKgczUL0GKQw2/6TfJ+8rM6foeKIXPbx5H8P107XUG38LUYyJs=~4272440~4408377; Domain=.fifa.com; Path=/; Expires=Sat, 30 May 2026 16:45:48 GMT; Max-Age=14400')])
2026-05-30 12:45:48.395 | DEBUG    | httpcore._trace:atrace:87 - receive_response_body.complete
2026-05-30 12:45:48.370 | INFO     | httpx._client:_send_single_request:1740 - HTTP Request: GET https://api.fifa.com/api/v3/picture/flags-sq-1/NOR "HTTP/1.1 200 OK"
2026-05-30 12:45:48.370 | DEBUG    | httpcore._trace:atrace:87 - receive_response_body.started request=<Request [b'GET']>
2026-05-30 12:45:48.370 | DEBUG    | httpcore._trace:atrace:87 - receive_response_body.complete
2026-05-30 12:45:48.371 | DEBUG    | httpcore._trace:atrace:87 - response_closed.started
2026-05-30 12:45:48.396 | DEBUG    | httpcore._trace:atrace:87 - response_closed.started
2026-05-30 12:45:48.371 | DEBUG    | httpcore._trace:atrace:87 - receive_response_headers.complete return_value=(b'HTTP/1.1', 200, b'OK', [(b'Content-Length', b'1864'), (b'Content-Type', b'image/png'), (b'Access-Control-Expose-Headers', b'Request-Context'), (b'x-mdp-ck', b'**P**'), (b'x-mdp-rootactivityid', b'cd9923ab07c746e6b404084fbe87cfde'), (b'X-AspNet-Version', b'4.0.30319'), (b'Request-Context', b'appId=cid-v1:d6e11e63-1bc8-4e56-a695-f7ad71758c42'), (b'Arr-Disable-Session-Affinity', b'true'), (b'Cache-Control', b'public, must-revalidate, max-age=3600, s-maxage=2592000'), (b'Date', b'Sat, 30 May 2026 12:45:48 GMT'), (b'Connection', b'keep-alive'), (b'Access-Control-Allow-Origin', b'*'), (b'X-Frame-Options', b'sameorigin'), (b'Referrer-Policy', b'same-origin'), (b'X-Content-Type-Options', b'nosniff'), (b'X-XSS-Protection', b'1; mode=block'), (b'Strict-Transport-Security', b'max-age=15768000 ; includeSubDomains'), (b'Akamai-GRN', b'0.d5c41302.1780145148.18400f5d'), (b'Set-Cookie', b'_abck=27DDC0D62CFB2CBFDFEABF2CB14B3934~-1~YAAQ1cQTAknmKECeAQAANFHreA/tuvf+T5KfzjC1U9YXSK2KZLiZvBc2Qp+y4AvdPrL6W3hKfgySWPEWpfDqPm9YteQczW2LmcbYkjgWUhLuvQjCVnQWnU1Dzt7s9hQ2M6wm6ccHhpCuyq9WMpbd55MazT0iBBKNB7vrrvRhChxeS+wVPP9DN88Vw9r4ZUzpaIYuExz0KG7l5wCw0IdbIjtQjGV9Fe9AsHtYsOU3bBSam9jawSZmKi+gb3yeCUkP6Zv1sqlCDYzV4m+HIyCOyMvOTTM9j5sN7lxJSuSZK8sxSAr1f9mEZMZzoUd5TsPaaHSwfY12KWMggkE3Y7LYU8xUutG/wrenfHYC078IAyYZUUF/967IqZ1y2gtuCqjG8ZhfycgialT0NEhxtMQ16DZpWs5O07MmkR0Fxl/2DUFgdcDGUX1GV+Z/B2g5XCqlprA3gwRn~-1~-1~-1~-1~-1; Domain=.fifa.com; Path=/; Expires=Sun, 30 May 2027 12:45:48 GMT; Max-Age=31536000; Secure'), (b'Set-Cookie', b'bm_sz=344C9E27223D18F35D1881311BFD77CF~YAAQ1cQTAkrmKECeAQAANFHreB+qh6wQ+edf5r35zRxlusjhtqm3pE1BhFQ9ZSYnNyj8Yx2JGOMeW4jTMu1u8TPmSpJL9lsVEg4Y819/l9Nfcp8jRNp5DXJIIklgwQlQWJtiB6rsQjsa22xqfoeyxgjk1kUggq92mHPsRwbY8ikzErI2TKV/q7Rlvaumn83LhKbsvQrV2kxK15SAvDNlazA8tivbCfoPeAFJR0GNHB70JY5vixASrN/grLEigZwcrg/C32/LCYeSVTT2/Js/muDzYWn2sYmArdq82ZZRKvcvphDrVEZqC/SHJhGEtn3CQA1hduu7hcQIB/nvQxz9d7K7+h8sRrhJwLk0ibo=~4272440~4408377; Domain=.fifa.com; Path=/; Expires=Sat, 30 May 2026 16:45:48 GMT; Max-Age=14400')])
2026-05-30 12:45:48.372 | INFO     | httpx._client:_send_single_request:1740 - HTTP Request: GET https://api.fifa.com/api/v3/picture/flags-sq-1/CRO "HTTP/1.1 200 OK"
2026-05-30 12:45:48.392 | DEBUG    | httpcore._trace:atrace:87 - receive_response_body.started request=<Request [b'GET']>
2026-05-30 12:45:48.398 | DEBUG    | httpcore._trace:atrace:87 - close.complete
2026-05-30 12:45:48.398 | DEBUG    | httpcore._trace:atrace:87 - response_closed.complete
2026-05-30 12:45:48.401 | DEBUG    | httpcore._trace:atrace:87 - close.started
2026-05-30 12:45:48.395 | DEBUG    | httpcore._trace:atrace:87 - receive_response_body.complete
2026-05-30 12:45:48.396 | DEBUG    | httpcore._trace:atrace:87 - response_closed.started
2026-05-30 12:45:48.397 | DEBUG    | httpcore._trace:atrace:87 - response_closed.complete
2026-05-30 12:45:48.403 | DEBUG    | httpcore._trace:atrace:87 - close.complete
2026-05-30 12:45:48.399 | DEBUG    | httpcore._trace:atrace:87 - close.started
2026-05-30 12:45:48.399 | DEBUG    | httpcore._trace:atrace:87 - response_closed.complete
2026-05-30 12:45:48.405 | INFO     | uvicorn.protocols.http.httptools_impl:send:484 - 172.19.0.1:51236 - "GET /api/v1/teams/flags/flags-sq-1/ECU HTTP/1.1" 200
2026-05-30 12:45:48.400 | DEBUG    | httpcore._trace:atrace:87 - close.started
2026-05-30 12:45:48.401 | DEBUG    | httpcore._trace:atrace:87 - close.complete
2026-05-30 12:45:48.407 | INFO     | uvicorn.protocols.http.httptools_impl:send:484 - 172.19.0.1:51244 - "GET /api/v1/teams/flags/flags-sq-1/NED HTTP/1.1" 200
2026-05-30 12:45:48.403 | DEBUG    | httpcore._trace:atrace:87 - close.complete
2026-05-30 12:45:48.406 | INFO     | uvicorn.protocols.http.httptools_impl:send:484 - 172.19.0.1:51260 - "GET /api/v1/teams/flags/flags-sq-1/NOR HTTP/1.1" 200
2026-05-30 12:45:48.411 | INFO     | uvicorn.protocols.http.httptools_impl:send:484 - 172.19.0.1:51268 - "GET /api/v1/teams/flags/flags-sq-1/CRO HTTP/1.1" 200
2026-05-30 12:45:48.418 | INFO     | app.api.v1.endpoints.teams:get_flag_proxy:77 - Flag not cached. Proxying from FIFA: https://api.fifa.com/api/v3/picture/flags-sq-1/URU
2026-05-30 12:45:48.420 | INFO     | app.api.v1.endpoints.teams:get_flag_proxy:77 - Flag not cached. Proxying from FIFA: https://api.fifa.com/api/v3/picture/flags-sq-1/SUI
2026-05-30 12:45:48.442 | DEBUG    | httpcore._trace:atrace:87 - connect_tcp.started host='api.fifa.com' port=443 local_address=None timeout=10.0 socket_options=None
2026-05-30 12:45:48.446 | INFO     | app.api.v1.endpoints.teams:get_flag_proxy:77 - Flag not cached. Proxying from FIFA: https://api.fifa.com/api/v3/picture/flags-sq-1/SEN
2026-05-30 12:45:48.452 | DEBUG    | httpcore._trace:atrace:87 - connect_tcp.started host='api.fifa.com' port=443 local_address=None timeout=10.0 socket_options=None
2026-05-30 12:45:48.457 | INFO     | app.api.v1.endpoints.teams:get_flag_proxy:77 - Flag not cached. Proxying from FIFA: https://api.fifa.com/api/v3/picture/flags-sq-1/BEL
2026-05-30 12:45:48.470 | DEBUG    | httpcore._trace:atrace:87 - connect_tcp.started host='api.fifa.com' port=443 local_address=None timeout=10.0 socket_options=None
2026-05-30 12:45:48.473 | DEBUG    | httpcore._trace:atrace:87 - connect_tcp.complete return_value=<httpcore._backends.anyio.AnyIOStream object at 0x7fd994ed6840>
2026-05-30 12:45:48.474 | DEBUG    | httpcore._trace:atrace:87 - start_tls.started ssl_context=<ssl.SSLContext object at 0x7fd9942c3450> server_hostname='api.fifa.com' timeout=10.0
2026-05-30 12:45:48.486 | DEBUG    | httpcore._trace:atrace:87 - connect_tcp.started host='api.fifa.com' port=443 local_address=None timeout=10.0 socket_options=None
2026-05-30 12:45:48.488 | DEBUG    | httpcore._trace:atrace:87 - connect_tcp.complete return_value=<httpcore._backends.anyio.AnyIOStream object at 0x75d3461a5eb0>
2026-05-30 12:45:48.488 | DEBUG    | httpcore._trace:atrace:87 - start_tls.started ssl_context=<ssl.SSLContext object at 0x75d34617f5d0> server_hostname='api.fifa.com' timeout=10.0
2026-05-30 12:45:48.502 | DEBUG    | httpcore._trace:atrace:87 - connect_tcp.complete return_value=<httpcore._backends.anyio.AnyIOStream object at 0x7fd994c13b60>
2026-05-30 12:45:48.502 | DEBUG    | httpcore._trace:atrace:87 - start_tls.started ssl_context=<ssl.SSLContext object at 0x7fd9942c2ad0> server_hostname='api.fifa.com' timeout=10.0
2026-05-30 12:45:48.510 | DEBUG    | httpcore._trace:atrace:87 - start_tls.complete return_value=<httpcore._backends.anyio.AnyIOStream object at 0x7fd9952700e0>
2026-05-30 12:45:48.512 | DEBUG    | httpcore._trace:atrace:87 - send_request_headers.started request=<Request [b'GET']>
2026-05-30 12:45:48.513 | DEBUG    | httpcore._trace:atrace:87 - send_request_headers.complete
2026-05-30 12:45:48.514 | DEBUG    | httpcore._trace:atrace:87 - send_request_body.started request=<Request [b'GET']>
2026-05-30 12:45:48.516 | DEBUG    | httpcore._trace:atrace:87 - connect_tcp.complete return_value=<httpcore._backends.anyio.AnyIOStream object at 0x75d34709f0b0>
2026-05-30 12:45:48.516 | DEBUG    | httpcore._trace:atrace:87 - start_tls.started ssl_context=<ssl.SSLContext object at 0x75d346b0ff50> server_hostname='api.fifa.com' timeout=10.0
2026-05-30 12:45:48.515 | DEBUG    | httpcore._trace:atrace:87 - send_request_body.complete
2026-05-30 12:45:48.516 | DEBUG    | httpcore._trace:atrace:87 - receive_response_headers.started request=<Request [b'GET']>
2026-05-30 12:45:48.517 | DEBUG    | httpcore._trace:atrace:87 - connect_tcp.complete return_value=<httpcore._backends.anyio.AnyIOStream object at 0x7fd994ec88f0>
2026-05-30 12:45:48.518 | DEBUG    | httpcore._trace:atrace:87 - start_tls.started ssl_context=<ssl.SSLContext object at 0x7fd9942c32d0> server_hostname='api.fifa.com' timeout=10.0
2026-05-30 12:45:48.530 | DEBUG    | httpcore._trace:atrace:87 - start_tls.complete return_value=<httpcore._backends.anyio.AnyIOStream object at 0x75d3461a7470>
2026-05-30 12:45:48.534 | DEBUG    | httpcore._trace:atrace:87 - send_request_headers.started request=<Request [b'GET']>
2026-05-30 12:45:48.537 | DEBUG    | httpcore._trace:atrace:87 - send_request_headers.complete
2026-05-30 12:45:48.537 | DEBUG    | httpcore._trace:atrace:87 - send_request_body.started request=<Request [b'GET']>
2026-05-30 12:45:48.538 | DEBUG    | httpcore._trace:atrace:87 - send_request_body.complete
2026-05-30 12:45:48.538 | DEBUG    | httpcore._trace:atrace:87 - receive_response_headers.started request=<Request [b'GET']>
2026-05-30 12:45:48.539 | DEBUG    | httpcore._trace:atrace:87 - connect_tcp.complete return_value=<httpcore._backends.anyio.AnyIOStream object at 0x75d346af9490>
2026-05-30 12:45:48.540 | DEBUG    | httpcore._trace:atrace:87 - start_tls.started ssl_context=<ssl.SSLContext object at 0x75d34617e850> server_hostname='api.fifa.com' timeout=10.0
2026-05-30 12:45:48.546 | DEBUG    | httpcore._trace:atrace:87 - start_tls.complete return_value=<httpcore._backends.anyio.AnyIOStream object at 0x7fd994eeeb40>
2026-05-30 12:45:48.548 | DEBUG    | httpcore._trace:atrace:87 - send_request_headers.started request=<Request [b'GET']>
2026-05-30 12:45:48.549 | DEBUG    | httpcore._trace:atrace:87 - send_request_headers.complete
2026-05-30 12:45:48.549 | DEBUG    | httpcore._trace:atrace:87 - send_request_body.started request=<Request [b'GET']>
2026-05-30 12:45:48.550 | DEBUG    | httpcore._trace:atrace:87 - send_request_body.complete
2026-05-30 12:45:48.550 | DEBUG    | httpcore._trace:atrace:87 - receive_response_headers.started request=<Request [b'GET']>
2026-05-30 12:45:48.553 | DEBUG    | httpcore._trace:atrace:87 - receive_response_headers.complete return_value=(b'HTTP/1.1', 200, b'OK', [(b'Content-Length', b'2289'), (b'Content-Type', b'image/png'), (b'Access-Control-Expose-Headers', b'Request-Context'), (b'x-mdp-ck', b'**P**'), (b'x-mdp-rootactivityid', b'45591618cb554810972cd0703b98256f'), (b'X-AspNet-Version', b'4.0.30319'), (b'Request-Context', b'appId=cid-v1:d6e11e63-1bc8-4e56-a695-f7ad71758c42'), (b'Arr-Disable-Session-Affinity', b'true'), (b'Cache-Control', b'public, must-revalidate, max-age=3600, s-maxage=2592000'), (b'Date', b'Sat, 30 May 2026 12:45:48 GMT'), (b'Connection', b'keep-alive'), (b'Access-Control-Allow-Origin', b'*'), (b'X-Frame-Options', b'sameorigin'), (b'Referrer-Policy', b'same-origin'), (b'X-Content-Type-Options', b'nosniff'), (b'X-XSS-Protection', b'1; mode=block'), (b'Strict-Transport-Security', b'max-age=15768000 ; includeSubDomains'), (b'Akamai-GRN', b'0.dec41302.1780145148.41fa1e'), (b'Set-Cookie', b'_abck=5A0591C42E026931EDF7A54B9F88E1C3~-1~YAAQ3sQTAsXcc3eeAQAABlLreA/SN66LbpOdd6M1kmpzaZ+NL/g/hMJ8OXjISJRgQxejZB4UJKugdpNBwHUKuVzEN9vrhvjZj9wn7BvWNsbDmKSQxI/MhmNlOPCw1LmD0vFJUogqTwUVR7Tz2yEdYC+zdSgp97T62L94DDqpba62AQPB9DJWg9U0q7u+NjdqLwl/LqUDS/PL4wMfpgJhxo8rvPpBYI/4GuqT6nj21W+N3tqnR4EPc8EHLCs0xTBV2828WCoIdzN2PE+YD2ZilcxB1jReeyZuA/h7U+Bt3g39x56KL5sSFeaiSd5T5U+L/qvr45bitwF1kpeu+DjH90YcPZCS86EzaAesVZduOMUubTT39kxNGJqTTm+oDJiAwvE3v3YfxgoMyiE24Vgu6dMZh0Rr4sR53tFPGOwK2zVurKAiHRCPzmWYbkDRDlccu5OeuQ23~-1~-1~-1~-1~-1; Domain=.fifa.com; Path=/; Expires=Sun, 30 May 2027 12:45:48 GMT; Max-Age=31536000; Secure'), (b'Set-Cookie', b'bm_sz=4418D09950332A18121CD417E3D349D9~YAAQ3sQTAsbcc3eeAQAABlLreB/NntE6mD4AzrXjY89/5A4KQzeVjVTQjHmpMhTz5ILdnreKa+LPeqHI9EP4oK9gfAXtL8sR1loC8I1wTMnXUpNNiFYYNQYXu1rWF2cqzuV28h1NX9r6+4pm7mbvhsDPzZGV6IA2S4GeukiWrND3R0GWf6BaeHYrS7hebI+TS1rys1PbTkuCPBfTgIyIXgVJ/bA5I/tw35JCu6bgHSXDUQUup2DfY8z2NSsdzq6YBKvZLcB7n50N2l+TGKqvR5nBpRM6NDwIszmW13gopx2SutthqYIFGCOB3tL1KqAfvVLF4wiOL8dig1fuuz79kKSWajwzp2bUgYEj+aA=~4272440~4408377; Domain=.fifa.com; Path=/; Expires=Sat, 30 May 2026 16:45:48 GMT; Max-Age=14400')])
2026-05-30 12:45:48.554 | INFO     | httpx._client:_send_single_request:1740 - HTTP Request: GET https://api.fifa.com/api/v3/picture/flags-sq-1/TUR "HTTP/1.1 200 OK"
2026-05-30 12:45:48.555 | DEBUG    | httpcore._trace:atrace:87 - receive_response_body.started request=<Request [b'GET']>
2026-05-30 12:45:48.555 | DEBUG    | httpcore._trace:atrace:87 - receive_response_body.complete
2026-05-30 12:45:48.557 | DEBUG    | httpcore._trace:atrace:87 - response_closed.started
2026-05-30 12:45:48.557 | DEBUG    | httpcore._trace:atrace:87 - response_closed.complete
2026-05-30 12:45:48.562 | DEBUG    | httpcore._trace:atrace:87 - close.started
2026-05-30 12:45:48.564 | DEBUG    | httpcore._trace:atrace:87 - close.complete
2026-05-30 12:45:48.566 | INFO     | uvicorn.protocols.http.httptools_impl:send:484 - 172.19.0.1:51242 - "GET /api/v1/teams/flags/flags-sq-1/TUR HTTP/1.1" 200
2026-05-30 12:45:48.576 | DEBUG    | httpcore._trace:atrace:87 - start_tls.complete return_value=<httpcore._backends.anyio.AnyIOStream object at 0x75d346af8d70>
2026-05-30 12:45:48.575 | INFO     | app.api.v1.endpoints.teams:get_flag_proxy:77 - Flag not cached. Proxying from FIFA: https://api.fifa.com/api/v3/picture/flags-sq-1/MEX
2026-05-30 12:45:48.579 | DEBUG    | httpcore._trace:atrace:87 - send_request_headers.started request=<Request [b'GET']>
2026-05-30 12:45:48.584 | DEBUG    | httpcore._trace:atrace:87 - receive_response_headers.complete return_value=(b'HTTP/1.1', 200, b'OK', [(b'Content-Length', b'1400'), (b'Content-Type', b'image/png'), (b'Access-Control-Expose-Headers', b'Request-Context'), (b'x-mdp-ck', b'**P**'), (b'x-mdp-rootactivityid', b'29ef09b6ffa8469ab2e85a03895f23b3'), (b'X-AspNet-Version', b'4.0.30319'), (b'Request-Context', b'appId=cid-v1:d6e11e63-1bc8-4e56-a695-f7ad71758c42'), (b'Arr-Disable-Session-Affinity', b'true'), (b'Cache-Control', b'public, must-revalidate, max-age=3600, s-maxage=2592000'), (b'Date', b'Sat, 30 May 2026 12:45:48 GMT'), (b'Connection', b'keep-alive'), (b'Access-Control-Allow-Origin', b'*'), (b'X-Frame-Options', b'sameorigin'), (b'Referrer-Policy', b'same-origin'), (b'X-Content-Type-Options', b'nosniff'), (b'X-XSS-Protection', b'1; mode=block'), (b'Strict-Transport-Security', b'max-age=15768000 ; includeSubDomains'), (b'Akamai-GRN', b'0.dec41302.1780145148.41fa25'), (b'Set-Cookie', b'_abck=56F075FBEC68B03636022FD56E34B020~-1~YAAQ3sQTAsfcc3eeAQAAHlLreA+g4uUtRKFEj7TcAGmQXv+h03TE3s/y2DU8uwnmrxEnk7a+FP5AMrY9tIxmknQcKoS21pMHVql2CwYeoJTS3zoW86Ov+NvSwaTARXZ3Yc2TU3dbShxqNHQDy8WNI84FOIot7EU+qIRhrjG7iZD4Pd7o+Zd01d3h6eS7G3JT7YH5fFgNtQQAgRrnyBt15sc9T/sIoMmbRiM7ZuTNbPcKf2qrI6LkimkFOjAAcuCKJKlWlIo/Pr6SOSZ8Alm2zhLvgHDZeoFc0j4f4PLwfPaO2bpxJdQoK8mX41Za/dBdLx5NvAG36u4JnvLw44MG2JEDqKa7iplZrbK9xwEfzCb5sCInjCV3hEJYpsP97WWn+U9E2DdysHLvOsbWRnn15G9ti6zcJwHeJDVtKgmCdAPR7L4IU//HVDDwotPtu4w4Lw2gaPC5~-1~-1~-1~-1~-1; Domain=.fifa.com; Path=/; Expires=Sun, 30 May 2027 12:45:48 GMT; Max-Age=31536000; Secure'), (b'Set-Cookie', b'bm_sz=31561FF3CC0D1CBFEAD7A307D20FDA36~YAAQ3sQTAsjcc3eeAQAAHlLreB+jGyz4QlqAMprIA7yCGtcv3MQHwobL1S7zTwKAlLYp4qveVruN/cBtz9oXkbL6i3rbbhFS897bQlcmLuJGB9VUokLxlVILO9iNgyDnwlP3HjK4xCIl6WDEEmlzas8sBD1btqRfD6q9iZNKXry2n6rSdjXPTXN94dxevtXAJmCYEAarXQLIHCuTHbcDqqnAXR7bVpmkvzt+/svcq8NcjHL2E6R4ulj+mpicQYSMmMQ/LMP1998Znb1QmMv+uUvRVLbYSMLvdW1S7/PX0kv464mBt3ZC8IskV0fzQiLjafB6Tt/3jkGfwK96OrKiwy236SdsBM+HeL7hd8E=~4272440~4408377; Domain=.fifa.com; Path=/; Expires=Sat, 30 May 2026 16:45:48 GMT; Max-Age=14400')])
2026-05-30 12:45:48.586 | INFO     | httpx._client:_send_single_request:1740 - HTTP Request: GET https://api.fifa.com/api/v3/picture/flags-sq-1/JPN "HTTP/1.1 200 OK"
2026-05-30 12:45:48.588 | DEBUG    | httpcore._trace:atrace:87 - receive_response_body.started request=<Request [b'GET']>
2026-05-30 12:45:48.588 | DEBUG    | httpcore._trace:atrace:87 - receive_response_body.complete
2026-05-30 12:45:48.589 | DEBUG    | httpcore._trace:atrace:87 - response_closed.started
2026-05-30 12:45:48.594 | DEBUG    | httpcore._trace:atrace:87 - send_request_headers.complete
2026-05-30 12:45:48.595 | DEBUG    | httpcore._trace:atrace:87 - send_request_body.started request=<Request [b'GET']>
2026-05-30 12:45:48.596 | DEBUG    | httpcore._trace:atrace:87 - send_request_body.complete
2026-05-30 12:45:48.597 | DEBUG    | httpcore._trace:atrace:87 - receive_response_headers.started request=<Request [b'GET']>
2026-05-30 12:45:48.598 | DEBUG    | httpcore._trace:atrace:87 - response_closed.complete
2026-05-30 12:45:48.599 | DEBUG    | httpcore._trace:atrace:87 - close.started
2026-05-30 12:45:48.599 | DEBUG    | httpcore._trace:atrace:87 - start_tls.complete return_value=<httpcore._backends.anyio.AnyIOStream object at 0x75d3461a7440>
2026-05-30 12:45:48.600 | DEBUG    | httpcore._trace:atrace:87 - close.complete
2026-05-30 12:45:48.600 | DEBUG    | httpcore._trace:atrace:87 - send_request_headers.started request=<Request [b'GET']>
2026-05-30 12:45:48.601 | DEBUG    | httpcore._trace:atrace:87 - send_request_headers.complete
2026-05-30 12:45:48.601 | DEBUG    | httpcore._trace:atrace:87 - send_request_body.started request=<Request [b'GET']>
2026-05-30 12:45:48.601 | DEBUG    | httpcore._trace:atrace:87 - send_request_body.complete
2026-05-30 12:45:48.602 | DEBUG    | httpcore._trace:atrace:87 - receive_response_headers.started request=<Request [b'GET']>
2026-05-30 12:45:48.603 | INFO     | uvicorn.protocols.http.httptools_impl:send:484 - 172.19.0.1:51224 - "GET /api/v1/teams/flags/flags-sq-1/JPN HTTP/1.1" 200
2026-05-30 12:45:48.610 | INFO     | app.api.v1.endpoints.teams:get_flag_proxy:77 - Flag not cached. Proxying from FIFA: https://api.fifa.com/api/v3/picture/flags-sq-1/PAR
2026-05-30 12:45:48.610 | DEBUG    | httpcore._trace:atrace:87 - connect_tcp.started host='api.fifa.com' port=443 local_address=None timeout=10.0 socket_options=None
2026-05-30 12:45:48.615 | DEBUG    | httpcore._trace:atrace:87 - start_tls.complete return_value=<httpcore._backends.anyio.AnyIOStream object at 0x7fd9951273b0>
2026-05-30 12:45:48.619 | DEBUG    | httpcore._trace:atrace:87 - receive_response_headers.complete return_value=(b'HTTP/1.1', 200, b'OK', [(b'Content-Length', b'1024'), (b'Content-Type', b'image/png'), (b'Access-Control-Expose-Headers', b'Request-Context'), (b'x-mdp-ck', b'**P**'), (b'x-mdp-rootactivityid', b'1a5d1a3b5ac74ac8b3aa38b4c4c07ba3'), (b'X-AspNet-Version', b'4.0.30319'), (b'Request-Context', b'appId=cid-v1:d6e11e63-1bc8-4e56-a695-f7ad71758c42'), (b'Arr-Disable-Session-Affinity', b'true'), (b'Cache-Control', b'public, must-revalidate, max-age=3600, s-maxage=2592000'), (b'Date', b'Sat, 30 May 2026 12:45:48 GMT'), (b'Connection', b'keep-alive'), (b'Access-Control-Allow-Origin', b'*'), (b'X-Frame-Options', b'sameorigin'), (b'Referrer-Policy', b'same-origin'), (b'X-Content-Type-Options', b'nosniff'), (b'X-XSS-Protection', b'1; mode=block'), (b'Strict-Transport-Security', b'max-age=15768000 ; includeSubDomains'), (b'Akamai-GRN', b'0.d5c41302.1780145148.18400fbb'), (b'Set-Cookie', b'_abck=5DA38078341511FD9B4DBC411090082E~-1~YAAQ1cQTAlPmKECeAQAALVLreA9/xD5wXybwrSNLUFrAQgBwoPeg4n89HhvHmMN5lbtMb9uaZybWA4wV+UY6fftMkJexigCnfe5S2pitKwN8KnsVvjcYZNFaRE8tDvHGgWgTUCRtAt1GYI5FglE3CeO8dpTy6z/0MuNu58uE2pqN30Pj4YhoXX6rm0XnAWsKHBlwXJAq+tV0UwRRhrLQKA1a4SB1TPJ7Tnxg3bnAx0ZYn5B8GZuBdJqlMNphVVrRa7RstHy29ORPc7n63VxMzKYVb68Vhjmlj5EVd7Nt+wdFg0IFsZ/Us9hXwNdrA6jTzIK54U/B7TllM32QYjeQpZnLF88QIw/elVNWPmJhcGpaRzTQjiyPYpxFi6BIxSOumdFQrpae6zoqITD0TQyU0BBf/k33NTtIXCQkdUdqXWVoyzALxMndBZxnG48exhGZvhpBPoHL~-1~-1~-1~-1~-1; Domain=.fifa.com; Path=/; Expires=Sun, 30 May 2027 12:45:48 GMT; Max-Age=31536000; Secure'), (b'Set-Cookie', b'bm_sz=532EA5FF77D2C7CB3138C7A19D0FDCEE~YAAQ1cQTAlTmKECeAQAALVLreB8+2KA7la+vMbgJnojcD94ySM62ZE+M+m+E4yxxAmfQNo+sl1su4TBw7GKoNuUPQsFyObrwL4ZOAWQ27rgmOKmtp2Ziw6sS2qzQYNUJrU/28laKW025RCLYXoaMxNjXg9BGCxc2P7KhZfc8uw8leVbjUeiP82d8a9zutZDchvAMfF/sI+xRaOLHm5az3BaZ9Q5Sk7fup7yFwLH31dTnzthLlII+ACkt/K3tspjkcwtOX/0b2BF7urTS2828iv3IsQ4UMpVFVaMLqWxCgMxfBKXn4vgPV2P+lfuWfKYKTaFTgKx1eP5YwDjsvAgW8HSn1BBJU7THZ0Uf58k=~4272440~4408377; Domain=.fifa.com; Path=/; Expires=Sat, 30 May 2026 16:45:48 GMT; Max-Age=14400')])
2026-05-30 12:45:48.620 | INFO     | httpx._client:_send_single_request:1740 - HTTP Request: GET https://api.fifa.com/api/v3/picture/flags-sq-1/URU "HTTP/1.1 200 OK"
2026-05-30 12:45:48.621 | DEBUG    | httpcore._trace:atrace:87 - receive_response_body.started request=<Request [b'GET']>
2026-05-30 12:45:48.622 | DEBUG    | httpcore._trace:atrace:87 - receive_response_body.complete
2026-05-30 12:45:48.622 | DEBUG    | httpcore._trace:atrace:87 - response_closed.started
2026-05-30 12:45:48.624 | DEBUG    | httpcore._trace:atrace:87 - send_request_headers.started request=<Request [b'GET']>
2026-05-30 12:45:48.625 | DEBUG    | httpcore._trace:atrace:87 - response_closed.complete
2026-05-30 12:45:48.626 | DEBUG    | httpcore._trace:atrace:87 - close.started
2026-05-30 12:45:48.628 | DEBUG    | httpcore._trace:atrace:87 - send_request_headers.complete
2026-05-30 12:45:48.630 | DEBUG    | httpcore._trace:atrace:87 - send_request_body.started request=<Request [b'GET']>
2026-05-30 12:45:48.631 | DEBUG    | httpcore._trace:atrace:87 - send_request_body.complete
2026-05-30 12:45:48.633 | DEBUG    | httpcore._trace:atrace:87 - receive_response_headers.started request=<Request [b'GET']>
2026-05-30 12:45:48.634 | DEBUG    | httpcore._trace:atrace:87 - close.complete
2026-05-30 12:45:48.636 | INFO     | uvicorn.protocols.http.httptools_impl:send:484 - 172.19.0.1:51236 - "GET /api/v1/teams/flags/flags-sq-1/URU HTTP/1.1" 200
2026-05-30 12:45:48.644 | INFO     | app.api.v1.endpoints.teams:get_flag_proxy:77 - Flag not cached. Proxying from FIFA: https://api.fifa.com/api/v3/picture/flags-sq-1/AUT
2026-05-30 12:45:48.646 | DEBUG    | httpcore._trace:atrace:87 - connect_tcp.started host='api.fifa.com' port=443 local_address=None timeout=10.0 socket_options=None
2026-05-30 12:45:48.652 | DEBUG    | httpcore._trace:atrace:87 - receive_response_headers.complete return_value=(b'HTTP/1.1', 200, b'OK', [(b'Content-Length', b'1291'), (b'Content-Type', b'image/png'), (b'Access-Control-Expose-Headers', b'Request-Context'), (b'x-mdp-ck', b'**P**'), (b'x-mdp-rootactivityid', b'f84c6264e0c0467b914e50afe0ad97d0'), (b'X-AspNet-Version', b'4.0.30319'), (b'Request-Context', b'appId=cid-v1:d6e11e63-1bc8-4e56-a695-f7ad71758c42'), (b'Arr-Disable-Session-Affinity', b'true'), (b'Cache-Control', b'public, must-revalidate, max-age=3600, s-maxage=2592000'), (b'Date', b'Sat, 30 May 2026 12:45:48 GMT'), (b'Connection', b'keep-alive'), (b'Access-Control-Allow-Origin', b'*'), (b'X-Frame-Options', b'sameorigin'), (b'Referrer-Policy', b'same-origin'), (b'X-Content-Type-Options', b'nosniff'), (b'X-XSS-Protection', b'1; mode=block'), (b'Strict-Transport-Security', b'max-age=15768000 ; includeSubDomains'), (b'Akamai-GRN', b'0.d5c41302.1780145148.18400fc9'), (b'Set-Cookie', b'_abck=9AA5EA8D871257680204A2AB13A54D3C~-1~YAAQ1cQTAlXmKECeAQAAW1LreA+zZcFl8DOptSanueMxjkzsarPq/whf8G/WFIQienP36ftskRiEOUAuVBF/UnYqj6AHXT6d4UKgw58VV3wSLOhgorTylbJEiTvjjurlDfpe85pIZhUGZwxiLsrDjXiun7AxV0KAPhGJw3jXvK9Ic+BFqxuiYbcdoU/AiCpi/59gV9RyhUudHtEUsc1mbOB97fRVyQH+LKWm4xCDBLeDnbozBTsL4cgUAl+43jPCVuw9uTB+WGcqGxkV/aroVaVECb95Ji6DOY+9GL8KyB3J5CCfFpbyalVx+bZVpmgOXMkTkUyz0p43neSEBfdObGxTZ8cXy+wIIFuGEVfNdQUOzZF02olBEJ1432IM9qneR9LCGfYYIJHjadGW8oEvRsbejsXLhDfUL3t/tES9CjxvW5Yf/VJRBkLMb4tJTChc4FJBBt9e~-1~-1~-1~-1~-1; Domain=.fifa.com; Path=/; Expires=Sun, 30 May 2027 12:45:48 GMT; Max-Age=31536000; Secure'), (b'Set-Cookie', b'bm_sz=211DE41AFBA47F436144483860858741~YAAQ1cQTAlbmKECeAQAAW1LreB/MKVmq5T2hg71EyUvYdZ9K1WT/aZS2s3WER0zR8l9vA5vqZnnCdL5f9u7JAZoWj5yiDwa1Yc6nazwSS1C+etZqB8aeJr8LNJKgIucTRRt7EcG1dEnnn7wf2fyTOF3ehcgqmt5EO9kkO4lafEBg1v1vPfET7sdd9tml1gHJMqGIHcYRKt8l8V5MTKcbKq0lopSEPyP/lVvEAn32GQM7NxL8OI/5uWyNI3tQ/yfsIsUSHHfq8++dYE0F5LjncfEnLdXxS52x646mIL/1Mn2H3GNUZpW3Z3cToax+zlA4fZpzWpDM2BcRK5nSYt40PgF8/joso2iF8c9YoiA=~4272440~4408377; Domain=.fifa.com; Path=/; Expires=Sat, 30 May 2026 16:45:48 GMT; Max-Age=14400')])
2026-05-30 12:45:48.655 | INFO     | httpx._client:_send_single_request:1740 - HTTP Request: GET https://api.fifa.com/api/v3/picture/flags-sq-1/SUI "HTTP/1.1 200 OK"
2026-05-30 12:45:48.657 | DEBUG    | httpcore._trace:atrace:87 - receive_response_body.started request=<Request [b'GET']>
2026-05-30 12:45:48.657 | DEBUG    | httpcore._trace:atrace:87 - receive_response_body.complete
2026-05-30 12:45:48.658 | DEBUG    | httpcore._trace:atrace:87 - response_closed.started
2026-05-30 12:45:48.659 | DEBUG    | httpcore._trace:atrace:87 - response_closed.complete
2026-05-30 12:45:48.661 | DEBUG    | httpcore._trace:atrace:87 - close.started
2026-05-30 12:45:48.662 | DEBUG    | httpcore._trace:atrace:87 - receive_response_headers.complete return_value=(b'HTTP/1.1', 200, b'OK', [(b'Content-Length', b'302'), (b'Content-Type', b'image/png'), (b'Access-Control-Expose-Headers', b'Request-Context'), (b'x-mdp-ck', b'**P**'), (b'x-mdp-rootactivityid', b'399dda2373754fb7a4385c721f681563'), (b'X-AspNet-Version', b'4.0.30319'), (b'Request-Context', b'appId=cid-v1:d6e11e63-1bc8-4e56-a695-f7ad71758c42'), (b'Arr-Disable-Session-Affinity', b'true'), (b'Cache-Control', b'public, must-revalidate, max-age=3600, s-maxage=2592000'), (b'Date', b'Sat, 30 May 2026 12:45:48 GMT'), (b'Connection', b'keep-alive'), (b'Access-Control-Allow-Origin', b'*'), (b'X-Frame-Options', b'sameorigin'), (b'Referrer-Policy', b'same-origin'), (b'X-Content-Type-Options', b'nosniff'), (b'X-XSS-Protection', b'1; mode=block'), (b'Strict-Transport-Security', b'max-age=15768000 ; includeSubDomains'), (b'Akamai-GRN', b'0.dec41302.1780145148.41fa38'), (b'Set-Cookie', b'_abck=6D6DB953CFA91850BA0303F2C6CE1E9D~-1~YAAQ3sQTAs3cc3eeAQAAZ1LreA/xMyaxNy9Fv/OY6Sq3mBz+PAOUkFTrenTwkbRWUf1F9VmQ1UEr+XYBqhwtuIwGb884ETJRAtLJ0x35PTlaVX0BxJspLpdEh+bTyTjy8Gcn/ne2YYeQuVKtY3iBSsQqXBDYHGc/uVIGCCa3oRT1m1/mJ3hOaXGcOjBxvlBIJ/XO4qnrQT6irZ8Q67TSfEqLOuS/IKnSIwaIzg/Rsw+QWNJ1iNla6WXDTeBCazvZgIf1vzmHZx93qg5yqr6rdvx55nCsCgf61sJNz9i6XtMdh6YM3ffio8p5Ch9yiAkzPh5IRcUVizjb8b3UIywWdbnvYw9fORMSePOHxn8/EDDvSfcg6vPCy4/JB+ih8Tgvx16GC3xQ7czYMlsQtl9ZMX6Q474f2P3rycBp4OypTIhpm5K0uLUfpXIhJ2ZaZCgWD/+wgoyk~-1~-1~-1~-1~-1; Domain=.fifa.com; Path=/; Expires=Sun, 30 May 2027 12:45:48 GMT; Max-Age=31536000; Secure'), (b'Set-Cookie', b'bm_sz=8E501AA8A141921D315D20FE869ED7CB~YAAQ3sQTAs7cc3eeAQAAZ1LreB+VdBQDxZUjh9JL4GtPFaZfXgcIwSkv5rh+Ywh0ECAjS88Ib39XkvwcWA3zhkd/KM8MQJEGzZEWOKEUOXxBsIFtFN4QGIY1OGeGDMbr9+X4Bzxme/IhRgaH5nQoNVXn5XnnSCjtJl4WfiyA4ropB81hnJ9s5S0CgexgPTd6u6TzQX/UgXixXsU6/M16qc12LKGKJOyH+3bgGaWRbjEC1CNNP0/rTyKFCor/D214CP5MJVDLpVWVlMnllVvAwZ5JUay2FCy5FpVUMm4/+1tu80YOOAs7sKNExvahNbKFZ0DsihP+gv5uq9D8ClYQOIk0kR+SY1zbXXpFzhQ=~4272440~4408377; Domain=.fifa.com; Path=/; Expires=Sat, 30 May 2026 16:45:48 GMT; Max-Age=14400')])
2026-05-30 12:45:48.667 | INFO     | httpx._client:_send_single_request:1740 - HTTP Request: GET https://api.fifa.com/api/v3/picture/flags-sq-1/BEL "HTTP/1.1 200 OK"
2026-05-30 12:45:48.669 | DEBUG    | httpcore._trace:atrace:87 - receive_response_body.started request=<Request [b'GET']>
2026-05-30 12:45:48.671 | DEBUG    | httpcore._trace:atrace:87 - receive_response_body.complete
2026-05-30 12:45:48.673 | DEBUG    | httpcore._trace:atrace:87 - response_closed.started
2026-05-30 12:45:48.674 | DEBUG    | httpcore._trace:atrace:87 - close.complete
2026-05-30 12:45:48.675 | DEBUG    | httpcore._trace:atrace:87 - response_closed.complete
2026-05-30 12:45:48.676 | DEBUG    | httpcore._trace:atrace:87 - connect_tcp.started host='api.fifa.com' port=443 local_address=None timeout=10.0 socket_options=None
2026-05-30 12:45:48.678 | DEBUG    | httpcore._trace:atrace:87 - close.started
2026-05-30 12:45:48.679 | DEBUG    | httpcore._trace:atrace:87 - close.complete
2026-05-30 12:45:48.683 | DEBUG    | httpcore._trace:atrace:87 - receive_response_headers.complete return_value=(b'HTTP/1.1', 200, b'OK', [(b'Content-Length', b'811'), (b'Content-Type', b'image/png'), (b'Access-Control-Expose-Headers', b'Request-Context'), (b'x-mdp-ck', b'**P**'), (b'x-mdp-rootactivityid', b'85554d44a3f2419a8c55ca88c9c54185'), (b'X-AspNet-Version', b'4.0.30319'), (b'Request-Context', b'appId=cid-v1:d6e11e63-1bc8-4e56-a695-f7ad71758c42'), (b'Arr-Disable-Session-Affinity', b'true'), (b'Cache-Control', b'public, must-revalidate, max-age=3600, s-maxage=2592000'), (b'Date', b'Sat, 30 May 2026 12:45:48 GMT'), (b'Connection', b'keep-alive'), (b'Access-Control-Allow-Origin', b'*'), (b'X-Frame-Options', b'sameorigin'), (b'Referrer-Policy', b'same-origin'), (b'X-Content-Type-Options', b'nosniff'), (b'X-XSS-Protection', b'1; mode=block'), (b'Strict-Transport-Security', b'max-age=15768000 ; includeSubDomains'), (b'Akamai-GRN', b'0.dec41302.1780145148.41fa40'), (b'Set-Cookie', b'_abck=95BFFC432B4E58A0CB000081801D0D81~-1~YAAQ3sQTAs/cc3eeAQAAe1LreA/dkBLyTeSyfr2IByQ1htqWiVqFERQq4DOx601yihcrGG9oVjU+Ty5Ks536VXj+rZhA/bB3dQFkZy3osAD8MAklUcSygu+Gz62Cf6tlnIpeU5m1OhoVBqf8ZiY9LVBVpigZv9PZTsiYcFq+cdxdtObjyRgoQnKAyRA3cZQElNKqoZYPwuq9ss2MxYexhCb0SQiU0oPet91lIfbT7ubEkSrf6VNhWf7dFCobCvXqkQi7Hxka58vWx+XEmqZisDs2ct3r165Ms18coZCPzi4LadUf0/bLau/2S3iUCA/JHbas6xmlePeqYr5aPMUNZYL88FCEaWi5ka5YXpJYWxBjf6XlHwKEBf6qNaonarOi7TQubw95gGRNN6M+p/A3pTp7caO0eswbC5UDacOHd1yDvJZFrGHrv3yRuXoSn4cAZfFHbE5+~-1~-1~-1~-1~-1; Domain=.fifa.com; Path=/; Expires=Sun, 30 May 2027 12:45:48 GMT; Max-Age=31536000; Secure'), (b'Set-Cookie', b'bm_sz=0C2F9C9C365102E868B7485BE1667E40~YAAQ3sQTAtDcc3eeAQAAe1LreB8NKvOEB6zrSgMWtziV7whTcsiCi3vvORanf1u+Q+xXdQOOmx2i92ep+Ql35XIydnlLbVUkUFJStJVs+fVKJvzm7AduDW+oDALduyyD1NFtU3qKXCmjN/MXAl7tTCo3/kIPOqx/xJuhDG07aW52ZddNGq+HIUJ1gAUqO3VMogmz3ppnBWGYgO2pfhFRVTZ8rJWtgeNtXohodNUWTqKCF2VR/ymIczsp1QoccRxMdrecLVQDeidycZDKSJAxSVammS3O7zDJV3Bg+rRqNnZbLuSlyI3PFZMUF1pQ9rOXbyr9OCiiAx4j83ldtEVdsD9/iAPzukt9SbVChCM=~4272440~4408377; Domain=.fifa.com; Path=/; Expires=Sat, 30 May 2026 16:45:48 GMT; Max-Age=14400')])
2026-05-30 12:45:48.683 | INFO     | uvicorn.protocols.http.httptools_impl:send:484 - 172.19.0.1:51268 - "GET /api/v1/teams/flags/flags-sq-1/SUI HTTP/1.1" 200
2026-05-30 12:45:48.687 | INFO     | uvicorn.protocols.http.httptools_impl:send:484 - 172.19.0.1:51260 - "GET /api/v1/teams/flags/flags-sq-1/BEL HTTP/1.1" 200
2026-05-30 12:45:48.686 | INFO     | httpx._client:_send_single_request:1740 - HTTP Request: GET https://api.fifa.com/api/v3/picture/flags-sq-1/SEN "HTTP/1.1 200 OK"
2026-05-30 12:45:48.687 | DEBUG    | httpcore._trace:atrace:87 - receive_response_body.started request=<Request [b'GET']>
2026-05-30 12:45:48.687 | DEBUG    | httpcore._trace:atrace:87 - receive_response_body.complete
2026-05-30 12:45:48.689 | DEBUG    | httpcore._trace:atrace:87 - response_closed.started
2026-05-30 12:45:48.690 | DEBUG    | httpcore._trace:atrace:87 - response_closed.complete
2026-05-30 12:45:48.693 | DEBUG    | httpcore._trace:atrace:87 - close.started
2026-05-30 12:45:48.695 | DEBUG    | httpcore._trace:atrace:87 - close.complete
2026-05-30 12:45:48.696 | INFO     | app.api.v1.endpoints.teams:get_flag_proxy:77 - Flag not cached. Proxying from FIFA: https://api.fifa.com/api/v3/picture/flags-sq-1/MAR
2026-05-30 12:45:48.697 | DEBUG    | httpcore._trace:atrace:87 - connect_tcp.complete return_value=<httpcore._backends.anyio.AnyIOStream object at 0x7fd9942ee330>
2026-05-30 12:45:48.698 | DEBUG    | httpcore._trace:atrace:87 - start_tls.started ssl_context=<ssl.SSLContext object at 0x7fd9942c0fd0> server_hostname='api.fifa.com' timeout=10.0
2026-05-30 12:45:48.701 | INFO     | uvicorn.protocols.http.httptools_impl:send:484 - 172.19.0.1:51244 - "GET /api/v1/teams/flags/flags-sq-1/SEN HTTP/1.1" 200
2026-05-30 12:45:48.705 | INFO     | app.api.v1.endpoints.teams:get_flag_proxy:77 - Flag not cached. Proxying from FIFA: https://api.fifa.com/api/v3/picture/flags-sq-1/AUS
2026-05-30 12:45:48.722 | DEBUG    | httpcore._trace:atrace:87 - connect_tcp.started host='api.fifa.com' port=443 local_address=None timeout=10.0 socket_options=None
2026-05-30 12:45:48.726 | INFO     | app.api.v1.endpoints.teams:get_flag_proxy:77 - Flag not cached. Proxying from FIFA: https://api.fifa.com/api/v3/picture/flags-sq-1/CAN
2026-05-30 12:45:48.728 | DEBUG    | httpcore._trace:atrace:87 - connect_tcp.started host='api.fifa.com' port=443 local_address=None timeout=10.0 socket_options=None
2026-05-30 12:45:48.732 | DEBUG    | httpcore._trace:atrace:87 - connect_tcp.complete return_value=<httpcore._backends.anyio.AnyIOStream object at 0x7fd9942d36e0>
2026-05-30 12:45:48.735 | DEBUG    | httpcore._trace:atrace:87 - start_tls.started ssl_context=<ssl.SSLContext object at 0x7fd9942c2b50> server_hostname='api.fifa.com' timeout=10.0
2026-05-30 12:45:48.743 | DEBUG    | httpcore._trace:atrace:87 - start_tls.complete return_value=<httpcore._backends.anyio.AnyIOStream object at 0x7fd9942d0bf0>
2026-05-30 12:45:48.745 | DEBUG    | httpcore._trace:atrace:87 - send_request_headers.started request=<Request [b'GET']>
2026-05-30 12:45:48.746 | DEBUG    | httpcore._trace:atrace:87 - send_request_headers.complete
2026-05-30 12:45:48.746 | DEBUG    | httpcore._trace:atrace:87 - send_request_body.started request=<Request [b'GET']>
2026-05-30 12:45:48.747 | DEBUG    | httpcore._trace:atrace:87 - send_request_body.complete
2026-05-30 12:45:48.748 | DEBUG    | httpcore._trace:atrace:87 - receive_response_headers.started request=<Request [b'GET']>
2026-05-30 12:45:48.761 | DEBUG    | httpcore._trace:atrace:87 - connect_tcp.started host='api.fifa.com' port=443 local_address=None timeout=10.0 socket_options=None
2026-05-30 12:45:48.762 | DEBUG    | httpcore._trace:atrace:87 - connect_tcp.complete return_value=<httpcore._backends.anyio.AnyIOStream object at 0x75d346c5a090>
2026-05-30 12:45:48.763 | DEBUG    | httpcore._trace:atrace:87 - start_tls.started ssl_context=<ssl.SSLContext object at 0x75d34617fd50> server_hostname='api.fifa.com' timeout=10.0
2026-05-30 12:45:48.785 | DEBUG    | httpcore._trace:atrace:87 - start_tls.complete return_value=<httpcore._backends.anyio.AnyIOStream object at 0x7fd9942d3650>
2026-05-30 12:45:48.787 | DEBUG    | httpcore._trace:atrace:87 - send_request_headers.started request=<Request [b'GET']>
2026-05-30 12:45:48.788 | DEBUG    | httpcore._trace:atrace:87 - send_request_headers.complete
2026-05-30 12:45:48.788 | DEBUG    | httpcore._trace:atrace:87 - send_request_body.started request=<Request [b'GET']>
2026-05-30 12:45:48.789 | DEBUG    | httpcore._trace:atrace:87 - send_request_body.complete
2026-05-30 12:45:48.789 | DEBUG    | httpcore._trace:atrace:87 - receive_response_headers.started request=<Request [b'GET']>
2026-05-30 12:45:48.790 | DEBUG    | httpcore._trace:atrace:87 - connect_tcp.complete return_value=<httpcore._backends.anyio.AnyIOStream object at 0x7fd994304920>
2026-05-30 12:45:48.790 | DEBUG    | httpcore._trace:atrace:87 - start_tls.started ssl_context=<ssl.SSLContext object at 0x7fd9942a7d50> server_hostname='api.fifa.com' timeout=10.0
2026-05-30 12:45:48.794 | DEBUG    | httpcore._trace:atrace:87 - connect_tcp.complete return_value=<httpcore._backends.anyio.AnyIOStream object at 0x75d347c8c6b0>
2026-05-30 12:45:48.800 | DEBUG    | httpcore._trace:atrace:87 - start_tls.started ssl_context=<ssl.SSLContext object at 0x75d346163e50> server_hostname='api.fifa.com' timeout=10.0
2026-05-30 12:45:48.796 | DEBUG    | httpcore._trace:atrace:87 - receive_response_headers.complete return_value=(b'HTTP/1.1', 200, b'OK', [(b'Content-Length', b'1153'), (b'Content-Type', b'image/png'), (b'Access-Control-Expose-Headers', b'Request-Context'), (b'x-mdp-ck', b'**P**'), (b'x-mdp-rootactivityid', b'7c63f6a971ad4a10bd27769d990c1177'), (b'X-AspNet-Version', b'4.0.30319'), (b'Request-Context', b'appId=cid-v1:d6e11e63-1bc8-4e56-a695-f7ad71758c42'), (b'Arr-Disable-Session-Affinity', b'true'), (b'Cache-Control', b'public, must-revalidate, max-age=3600, s-maxage=2592000'), (b'Date', b'Sat, 30 May 2026 12:45:48 GMT'), (b'Connection', b'keep-alive'), (b'Access-Control-Allow-Origin', b'*'), (b'X-Frame-Options', b'sameorigin'), (b'Referrer-Policy', b'same-origin'), (b'X-Content-Type-Options', b'nosniff'), (b'X-XSS-Protection', b'1; mode=block'), (b'Strict-Transport-Security', b'max-age=15768000 ; includeSubDomains'), (b'Akamai-GRN', b'0.dec41302.1780145148.41fa7a'), (b'Set-Cookie', b'_abck=CDEA3E63459893F80D20439955588CEA~-1~YAAQ3sQTAtHcc3eeAQAA9lLreA9J9BtefOgjXXNcBrfbPcEwzAIAUK4yS9SABgC5a15nnyQJyNVptJ6baYg+2FY8GAb2gO38bQm+oawm2MI7rYDqtXuBuQq0RymCP+CkinkjNE7IBnPDINMJdYsw6DBOSKq7msq1XTFAA+RSKJA3QXV2qj5iKE0H9robe6w/DT05FmMfak5P2BBnCS+gK6jN9faQ60z0jluqy6rOax7ketQg3z/3gYM+DZcflZHWD9WdrQZtfw0um1qv5Pz2Q3mmPiz97gFo+8KznbM7VuI/hKhP/wB5z07yaXSzzu0KRqLDY4jI4KwoOGrbOAeNgqZPaf15G7gXFk6QTdEvkZF6f65MyOhxn74gT7ROS7Q0656/Mck0ztcMj9BVkriG7X/3wfwEZ3nIIhPyC0m+NKh40P3PsntkAXCB33Nwm402sMGKgbBT~-1~-1~-1~-1~-1; Domain=.fifa.com; Path=/; Expires=Sun, 30 May 2027 12:45:48 GMT; Max-Age=31536000; Secure'), (b'Set-Cookie', b'bm_sz=A130E0D3820A7BA3A7B8F776A07983B3~YAAQ3sQTAtLcc3eeAQAA9lLreB/UOBZrqv5BioUvhRWkfg4zaBIpHyQAXFbwDBx5k9OWyonvV8wnSqGOAKi9S0+cFwj9BQIi9YtWp/t/A9vSOb03SHW+su5YXmWOQ8mGvF5T/Fr7RHFrGXf0XjRXVeDD8yugNozsTF/9deW5BJlQBalVf++nZN2Gl5+hdxm+vIPoAi9bNU9Uzrb7t9Qh7xmx54gO/RTvNsG9tJoodVUzkFZrq1ku1bZ508Orlg9xBlYfQVl/vMb9HM0feSiq3aE6u1l90lq0asePFEH30rCsdmnePJtXp8Rpm4nYwzF1phwtL+jK6zfhW5A+QbhkeocTQLoYtHGScxeWrrs=~4272440~4408377; Domain=.fifa.com; Path=/; Expires=Sat, 30 May 2026 16:45:48 GMT; Max-Age=14400')])
2026-05-30 12:45:48.804 | INFO     | httpx._client:_send_single_request:1740 - HTTP Request: GET https://api.fifa.com/api/v3/picture/flags-sq-1/MEX "HTTP/1.1 200 OK"
2026-05-30 12:45:48.805 | DEBUG    | httpcore._trace:atrace:87 - receive_response_body.started request=<Request [b'GET']>
2026-05-30 12:45:48.806 | DEBUG    | httpcore._trace:atrace:87 - receive_response_body.complete
2026-05-30 12:45:48.816 | DEBUG    | httpcore._trace:atrace:87 - start_tls.complete return_value=<httpcore._backends.anyio.AnyIOStream object at 0x75d346180140>
2026-05-30 12:45:48.807 | DEBUG    | httpcore._trace:atrace:87 - response_closed.started
2026-05-30 12:45:48.808 | DEBUG    | httpcore._trace:atrace:87 - response_closed.complete
2026-05-30 12:45:48.819 | DEBUG    | httpcore._trace:atrace:87 - send_request_headers.started request=<Request [b'GET']>
2026-05-30 12:45:48.815 | DEBUG    | httpcore._trace:atrace:87 - close.started
2026-05-30 12:45:48.820 | DEBUG    | httpcore._trace:atrace:87 - connect_tcp.complete return_value=<httpcore._backends.anyio.AnyIOStream object at 0x75d3461c0b00>
2026-05-30 12:45:48.821 | DEBUG    | httpcore._trace:atrace:87 - start_tls.started ssl_context=<ssl.SSLContext object at 0x75d34617f350> server_hostname='api.fifa.com' timeout=10.0
2026-05-30 12:45:48.821 | DEBUG    | httpcore._trace:atrace:87 - close.complete
2026-05-30 12:45:48.823 | DEBUG    | httpcore._trace:atrace:87 - send_request_headers.complete
2026-05-30 12:45:48.824 | DEBUG    | httpcore._trace:atrace:87 - send_request_body.started request=<Request [b'GET']>
2026-05-30 12:45:48.824 | DEBUG    | httpcore._trace:atrace:87 - send_request_body.complete
2026-05-30 12:45:48.825 | DEBUG    | httpcore._trace:atrace:87 - receive_response_headers.started request=<Request [b'GET']>
2026-05-30 12:45:48.829 | DEBUG    | httpcore._trace:atrace:87 - receive_response_headers.complete return_value=(b'HTTP/1.1', 200, b'OK', [(b'Content-Length', b'1186'), (b'Content-Type', b'image/png'), (b'Access-Control-Expose-Headers', b'Request-Context'), (b'x-mdp-ck', b'**P**'), (b'x-mdp-rootactivityid', b'60e752ef9b9b42e3a180a7d27bf4c97e'), (b'X-AspNet-Version', b'4.0.30319'), (b'Request-Context', b'appId=cid-v1:d6e11e63-1bc8-4e56-a695-f7ad71758c42'), (b'Arr-Disable-Session-Affinity', b'true'), (b'Cache-Control', b'public, must-revalidate, max-age=3600, s-maxage=2592000'), (b'Date', b'Sat, 30 May 2026 12:45:48 GMT'), (b'Connection', b'keep-alive'), (b'Access-Control-Allow-Origin', b'*'), (b'X-Frame-Options', b'sameorigin'), (b'Referrer-Policy', b'same-origin'), (b'X-Content-Type-Options', b'nosniff'), (b'X-XSS-Protection', b'1; mode=block'), (b'Strict-Transport-Security', b'max-age=15768000 ; includeSubDomains'), (b'Akamai-GRN', b'0.dec41302.1780145148.41fa91'), (b'Set-Cookie', b'_abck=D30D4D81986A784EDAE97399F209F176~-1~YAAQ3sQTAtPcc3eeAQAAFVPreA8i5G/eDRMkoj7y8XCFA2JUCBIxtit2MUUocKc5bfevykC5Kzg84KruRNvNp7AJ0qVLwZ/So3ozyLSD1XA/20S4WASx7wlCd8bFQhq8JemDgBW5U/sqsGgSGuh2wTq3HlN57vdokAOczExMC/Dk/5DcEEY065Tu2Yidm+LyVgR87kgS2u8boAGlO69F2NoIq3QuIsFqz+9i2ia0CK5+2RaU7UBjsECQ39OVjj56OAvyDiVjbE6oq+fdfD2rk8E74rdieL4lYrPYK6V80QhZnmmaHk/f17GQ9qNuhDDoyNvUMgwCYW4sxbTN4MNFS43ibJYRrxNAFUFqBPwShjXEvlzzBDJ7bOpEJj1c9veQ9lX+LsSGwShD3XVGne4ko5B18v9cEaT6/0zebA6Jc50RNidlF/DZtUfTPypXBDeKTe1jSi7G~-1~-1~-1~-1~-1; Domain=.fifa.com; Path=/; Expires=Sun, 30 May 2027 12:45:48 GMT; Max-Age=31536000; Secure'), (b'Set-Cookie', b'bm_sz=F0A6F266579F411762F324B5BC7FC27B~YAAQ3sQTAtTcc3eeAQAAFVPreB8WwfhquMEpSzonsclVWoZFwgoxSX8tvvFlVNsGapDgrUeDRgZ/YMLtLHUd0APAd8mWTskyqr3R1qBABhofNaG5fgnOW0HA+49XV191w80CD2fGSVJgtvyNxWGPP80s6t/a2prBLDQK77ZuxWTwekI2QyDVBpXaSz5DHqAXiGBlukMJWEwVkcVY9rTX2ki0RBj6HQg79K0WGo7N1ahN8lo6DqNrbfz9v3HG8sBa/OuZN1+63NyDykS3B9qUOHMXDH5pnfEPDjK/Kv9KP8CxGD8mr7OVbySQTHQ+x9jToyhPY+XvpcgR3dz6YK/h17I5qjB+YN8PJfpeiSA=~4272440~4408377; Domain=.fifa.com; Path=/; Expires=Sat, 30 May 2026 16:45:48 GMT; Max-Age=14400')])
2026-05-30 12:45:48.831 | INFO     | httpx._client:_send_single_request:1740 - HTTP Request: GET https://api.fifa.com/api/v3/picture/flags-sq-1/AUT "HTTP/1.1 200 OK"
2026-05-30 12:45:48.832 | DEBUG    | httpcore._trace:atrace:87 - receive_response_body.started request=<Request [b'GET']>
2026-05-30 12:45:48.833 | DEBUG    | httpcore._trace:atrace:87 - receive_response_body.complete
2026-05-30 12:45:48.835 | DEBUG    | httpcore._trace:atrace:87 - response_closed.started
2026-05-30 12:45:48.835 | DEBUG    | httpcore._trace:atrace:87 - response_closed.complete
2026-05-30 12:45:48.837 | DEBUG    | httpcore._trace:atrace:87 - start_tls.complete return_value=<httpcore._backends.anyio.AnyIOStream object at 0x75d346dd74a0>
2026-05-30 12:45:48.837 | DEBUG    | httpcore._trace:atrace:87 - close.started
2026-05-30 12:45:48.842 | DEBUG    | httpcore._trace:atrace:87 - send_request_headers.started request=<Request [b'GET']>
2026-05-30 12:45:48.842 | DEBUG    | httpcore._trace:atrace:87 - close.complete
2026-05-30 12:45:48.842 | DEBUG    | httpcore._trace:atrace:87 - start_tls.complete return_value=<httpcore._backends.anyio.AnyIOStream object at 0x7fd9942d3560>
2026-05-30 12:45:48.843 | DEBUG    | httpcore._trace:atrace:87 - send_request_headers.complete
2026-05-30 12:45:48.845 | DEBUG    | httpcore._trace:atrace:87 - send_request_body.started request=<Request [b'GET']>
2026-05-30 12:45:48.845 | INFO     | uvicorn.protocols.http.httptools_impl:send:484 - 172.19.0.1:51242 - "GET /api/v1/teams/flags/flags-sq-1/MEX HTTP/1.1" 200
2026-05-30 12:45:48.846 | DEBUG    | httpcore._trace:atrace:87 - send_request_body.complete
2026-05-30 12:45:48.849 | DEBUG    | httpcore._trace:atrace:87 - send_request_headers.started request=<Request [b'GET']>
2026-05-30 12:45:48.847 | DEBUG    | httpcore._trace:atrace:87 - receive_response_headers.started request=<Request [b'GET']>
2026-05-30 12:45:48.852 | DEBUG    | httpcore._trace:atrace:87 - send_request_headers.complete
2026-05-30 12:45:48.853 | DEBUG    | httpcore._trace:atrace:87 - send_request_body.started request=<Request [b'GET']>
2026-05-30 12:45:48.853 | DEBUG    | httpcore._trace:atrace:87 - send_request_body.complete
2026-05-30 12:45:48.853 | DEBUG    | httpcore._trace:atrace:87 - receive_response_headers.started request=<Request [b'GET']>
2026-05-30 12:45:48.855 | INFO     | uvicorn.protocols.http.httptools_impl:send:484 - 172.19.0.1:51236 - "GET /api/v1/teams/flags/flags-sq-1/AUT HTTP/1.1" 200
2026-05-30 12:45:48.861 | INFO     | app.api.v1.endpoints.teams:get_flag_proxy:77 - Flag not cached. Proxying from FIFA: https://api.fifa.com/api/v3/picture/flags-sq-1/SCO
2026-05-30 12:45:48.869 | DEBUG    | httpcore._trace:atrace:87 - start_tls.complete return_value=<httpcore._backends.anyio.AnyIOStream object at 0x75d3461c0e30>
2026-05-30 12:45:48.875 | DEBUG    | httpcore._trace:atrace:87 - send_request_headers.started request=<Request [b'GET']>
2026-05-30 12:45:48.876 | DEBUG    | httpcore._trace:atrace:87 - receive_response_headers.complete return_value=(b'HTTP/1.1', 200, b'OK', [(b'Content-Length', b'430'), (b'Content-Type', b'image/png'), (b'Access-Control-Expose-Headers', b'Request-Context'), (b'x-mdp-ck', b'**P**'), (b'x-mdp-rootactivityid', b'd4a8fbb8f6074c7ab2582392dd95449d'), (b'X-AspNet-Version', b'4.0.30319'), (b'Request-Context', b'appId=cid-v1:d6e11e63-1bc8-4e56-a695-f7ad71758c42'), (b'Arr-Disable-Session-Affinity', b'true'), (b'Cache-Control', b'public, must-revalidate, max-age=3600, s-maxage=2592000'), (b'Date', b'Sat, 30 May 2026 12:45:48 GMT'), (b'Connection', b'keep-alive'), (b'Access-Control-Allow-Origin', b'*'), (b'X-Frame-Options', b'sameorigin'), (b'Referrer-Policy', b'same-origin'), (b'X-Content-Type-Options', b'nosniff'), (b'X-XSS-Protection', b'1; mode=block'), (b'Strict-Transport-Security', b'max-age=15768000 ; includeSubDomains'), (b'Akamai-GRN', b'0.d5c41302.1780145148.18401018'), (b'Set-Cookie', b'_abck=74C3A2A93FEEF024112A53975A60429E~-1~YAAQ1cQTAl/mKECeAQAAQlPreA/ibSxnc58bpwXhSElDZ0H4tClKMdQQxzHgtX9AFia/mgJT5APIms6NyrwIoAO5e1Dws+XkXOauGtkKuQGlTLma63uGxCDYSus6W+pYCGFzbao5T35KKB1uN6tbKQlEMvI5iNwHJ5gRZSieZ0PfcE9bwtSBxmwSss7lh2LGPT8Vn6L76MIdptGsBNPvGZVG5uIw/14oENnTreASfVQTCkI5rjs+d04bKn+4pOIBYhrOmvU/Y5ASdldxEW0Ytkx8i4fLTbxm54vDiubdZ9VoOBckt2/wm2KAwFTzlHV3CLNa3A0OexWZIOaZKSfT7BnFeG2LNRWrU+44xWHZafVMocyb7cJZFNejmd5InaiyqEHvQ4mfdxzzT9VCEo9NIncMvpDhMiEByGTO9X6XYw0EO+timqvrpHD92WI8oA6niwSiejrn~-1~-1~-1~-1~-1; Domain=.fifa.com; Path=/; Expires=Sun, 30 May 2027 12:45:48 GMT; Max-Age=31536000; Secure'), (b'Set-Cookie', b'bm_sz=A6139D97D464F2506FF69F2318C968AF~YAAQ1cQTAmDmKECeAQAAQlPreB/Y+GBaSGN1AdpBNNhohI5SQuQN4BcOFnbEOQ7snUqhfuabuRtgMQNZPopL78/pjgMH0vI3tF45GfbGOlWYlel21DFsgbvRwInK5MJZE/chFSJEdJRs73qd8FwRLV8Kn2sX1G65NXmPKOE8ceUqAQCQhkWcHMRkTiJd3JOFOflcHG7SCXxYnEdKm3kLzocf91d6cK6ok+fuW5v/6NKWSa3Eue6IYuulACKAvV10JBAbi7B3Xl48WZnVz2dKvL+lczoK45+8qTEtfpQncQpsfpaMKhP9SF8wo4juqEvxNUWEHUR+oCU1xZDvSYbb3bM4er3D9IkC9WF5Dy0=~4272440~4408377; Domain=.fifa.com; Path=/; Expires=Sat, 30 May 2026 16:45:48 GMT; Max-Age=14400')])
2026-05-30 12:45:48.878 | INFO     | httpx._client:_send_single_request:1740 - HTTP Request: GET https://api.fifa.com/api/v3/picture/flags-sq-1/PAR "HTTP/1.1 200 OK"
2026-05-30 12:45:48.882 | DEBUG    | httpcore._trace:atrace:87 - receive_response_body.started request=<Request [b'GET']>
2026-05-30 12:45:48.883 | DEBUG    | httpcore._trace:atrace:87 - receive_response_body.complete
2026-05-30 12:45:48.883 | DEBUG    | httpcore._trace:atrace:87 - response_closed.started
2026-05-30 12:45:48.884 | DEBUG    | httpcore._trace:atrace:87 - send_request_headers.complete
2026-05-30 12:45:48.884 | DEBUG    | httpcore._trace:atrace:87 - send_request_body.started request=<Request [b'GET']>
2026-05-30 12:45:48.885 | DEBUG    | httpcore._trace:atrace:87 - send_request_body.complete
2026-05-30 12:45:48.886 | DEBUG    | httpcore._trace:atrace:87 - receive_response_headers.started request=<Request [b'GET']>
2026-05-30 12:45:48.886 | DEBUG    | httpcore._trace:atrace:87 - response_closed.complete
2026-05-30 12:45:48.888 | DEBUG    | httpcore._trace:atrace:87 - close.started
2026-05-30 12:45:48.889 | DEBUG    | httpcore._trace:atrace:87 - close.complete
2026-05-30 12:45:48.891 | INFO     | uvicorn.protocols.http.httptools_impl:send:484 - 172.19.0.1:51224 - "GET /api/v1/teams/flags/flags-sq-1/PAR HTTP/1.1" 200
2026-05-30 12:45:48.896 | DEBUG    | httpcore._trace:atrace:87 - receive_response_headers.complete return_value=(b'HTTP/1.1', 200, b'OK', [(b'Content-Length', b'756'), (b'Content-Type', b'image/png'), (b'Access-Control-Expose-Headers', b'Request-Context'), (b'x-mdp-ck', b'**P**'), (b'x-mdp-rootactivityid', b'df0c6b2b4dda426cb19d9e116840a2d1'), (b'X-AspNet-Version', b'4.0.30319'), (b'Request-Context', b'appId=cid-v1:d6e11e63-1bc8-4e56-a695-f7ad71758c42'), (b'Arr-Disable-Session-Affinity', b'true'), (b'Cache-Control', b'public, must-revalidate, max-age=3600, s-maxage=2592000'), (b'Date', b'Sat, 30 May 2026 12:45:48 GMT'), (b'Connection', b'keep-alive'), (b'Access-Control-Allow-Origin', b'*'), (b'X-Frame-Options', b'sameorigin'), (b'Referrer-Policy', b'same-origin'), (b'X-Content-Type-Options', b'nosniff'), (b'X-XSS-Protection', b'1; mode=block'), (b'Strict-Transport-Security', b'max-age=15768000 ; includeSubDomains'), (b'Akamai-GRN', b'0.dec41302.1780145148.41faa3'), (b'Set-Cookie', b'_abck=E96CB2BAB589B1CDD4A4794C8D49829F~-1~YAAQ3sQTAtXcc3eeAQAAWlPreA81XN3x0WozXzINUzT76Q80XpGuIoIkj0eGzoKrnySjcmTsSXcSlWdV5RmvjijJY87ijs+wQqL8daanijTnbJt8BV360yQfEda1Z8jUXboDXGkDVm+TgcIfONoMBXTMyMaTgoB8L4liycU158UMxiIeumQM0DgBQHItVguMNK0VVPzmP+XPaM1iy9jDyUQu3VgeMSb01oWUn2EIBQbaUQUo1Zw+iL9xlG5QM4yaip+yFPP6RTPEaERsa80FyJ88HTbAOnZbh44E1Xox7GIrrl9Ak63ESeFeltJuU4isLKBFoSctX22ud0EQtEK/80ux9emUjSGnQSKkpdguaKPllFKeB9Qq0ch8zhw9SUUmVmrAJWGHYgs2ZxuR2g+wwAwnU0dRVvMeZ0abn3+9aK0oh8NyqWNZJ4n6OPW+zeD8tWNZUHv8~-1~-1~-1~-1~-1; Domain=.fifa.com; Path=/; Expires=Sun, 30 May 2027 12:45:48 GMT; Max-Age=31536000; Secure'), (b'Set-Cookie', b'bm_sz=75D67DEEE9C0D1E49C1C8BE6AA8A45E6~YAAQ3sQTAtbcc3eeAQAAWlPreB+vgkO7cf+rphgxPId0cs9MuEYORTPpze6CrGEct/rRsTl6PJzRXW+xgs3XR/ELClRy+n8dzFTodfGbS2VPLlsegmoLHOHDaSykPHp6tN6dZ6GzrETiLf6p+tUszbqZbws5XEDiC5shb7/kfm8BMaIjPfI2nHR4Jroe3syR7eFXZ6Pr1b2ukdZwfFZZGwemRaLFvRB7zunW979ZcN24rj/yJFpGX1XjukS9/7CInL3SoX+b51WEkKjopCQHsQUd8Wskd05ML8NFkdA0XatxYolo15XLspvL/KDAgD9e2Oi1yd6r2cUt1jJPWCcxl9rx/wgwFKQuyXEqOOI=~4272440~4408377; Domain=.fifa.com; Path=/; Expires=Sat, 30 May 2026 16:45:48 GMT; Max-Age=14400')])
2026-05-30 12:45:48.902 | INFO     | httpx._client:_send_single_request:1740 - HTTP Request: GET https://api.fifa.com/api/v3/picture/flags-sq-1/MAR "HTTP/1.1 200 OK"
2026-05-30 12:45:48.902 | DEBUG    | httpcore._trace:atrace:87 - connect_tcp.started host='api.fifa.com' port=443 local_address=None timeout=10.0 socket_options=None
2026-05-30 12:45:48.903 | DEBUG    | httpcore._trace:atrace:87 - receive_response_body.started request=<Request [b'GET']>
2026-05-30 12:45:48.905 | INFO     | app.api.v1.endpoints.teams:get_flag_proxy:77 - Flag not cached. Proxying from FIFA: https://api.fifa.com/api/v3/picture/flags-sq-1/IRN
2026-05-30 12:45:48.904 | DEBUG    | httpcore._trace:atrace:87 - receive_response_body.complete
2026-05-30 12:45:48.907 | DEBUG    | httpcore._trace:atrace:87 - response_closed.started
2026-05-30 12:45:48.910 | DEBUG    | httpcore._trace:atrace:87 - response_closed.complete
2026-05-30 12:45:48.911 | DEBUG    | httpcore._trace:atrace:87 - close.started
2026-05-30 12:45:48.913 | INFO     | app.api.v1.endpoints.teams:get_flag_proxy:77 - Flag not cached. Proxying from FIFA: https://api.fifa.com/api/v3/picture/flags-sq-1/KOR
2026-05-30 12:45:48.929 | DEBUG    | httpcore._trace:atrace:87 - receive_response_headers.complete return_value=(b'HTTP/1.1', 200, b'OK', [(b'Content-Length', b'2703'), (b'Content-Type', b'image/png'), (b'Access-Control-Expose-Headers', b'Request-Context'), (b'x-mdp-ck', b'**P**'), (b'x-mdp-rootactivityid', b'dd17cee422bd43e997482b0b6a352e50'), (b'X-AspNet-Version', b'4.0.30319'), (b'Request-Context', b'appId=cid-v1:d6e11e63-1bc8-4e56-a695-f7ad71758c42'), (b'Arr-Disable-Session-Affinity', b'true'), (b'Cache-Control', b'public, must-revalidate, max-age=3600, s-maxage=2592000'), (b'Date', b'Sat, 30 May 2026 12:45:48 GMT'), (b'Connection', b'keep-alive'), (b'Access-Control-Allow-Origin', b'*'), (b'X-Frame-Options', b'sameorigin'), (b'Referrer-Policy', b'same-origin'), (b'X-Content-Type-Options', b'nosniff'), (b'X-XSS-Protection', b'1; mode=block'), (b'Strict-Transport-Security', b'max-age=15768000 ; includeSubDomains'), (b'Akamai-GRN', b'0.dec41302.1780145148.41faa6'), (b'Set-Cookie', b'_abck=41EEB35267C58625506FD86DF35397C9~-1~YAAQ3sQTAtfcc3eeAQAAXFPreA+O1GiI7X5UxCECMonIJrCSX2nPOJS9EFz9zicYHpQx9CGxYjjDw2h9y/e7hXPPeAtZhYyVWKntasg2RPXjEIPMPxGPYaE5Qy464YxaZn7HjZ5flpWXQRgUJ03LDTK/FXIcoHE5HJuoP1RaehOQOGNoI7Wl8tDOuFSpbNcE1G+1vJgs8Q+sBV2/p8sDR7EqZ4Gk9G0psJtBRnRg3dop8/+nukgiilbJfz7V9ScHMR6FzURnaLwK31e685uFqBND23z5wEAzM4F2BLrP2mdhJojPaHnjubsEYV31CMaIn7wCr8QTcWpVkAkLtCNQ7OOAOrVEOcZvcxrj+VVSUYdHd603FH/YAQFjxiSlbqoncdyLETQPDRC48UTlWN+UmM/VVdD4R0L2Ygo8AeAEBUypgW8ow2DGq09VJnOnfjTKmQULSyLR~-1~-1~-1~-1~-1; Domain=.fifa.com; Path=/; Expires=Sun, 30 May 2027 12:45:48 GMT; Max-Age=31536000; Secure'), (b'Set-Cookie', b'bm_sz=0954252CB4B6182A062963E9C6E902FA~YAAQ3sQTAtjcc3eeAQAAXFPreB/6Y8tuWiwB6l1+OA1TAqTtX1NLPVzaHRH0PfKgj9obYFbE5IX907m3Q/3W+qvlOGlWuY3YPXwC/UkOJj3UTrj+cKvMIftkw8l/torhU1Ap2QcbimB9BHc0gtySZx7mEUKztQpEZ2Q1fKfkR780QegKYIo6LjEAlqjgx9gUxuutyWkqBvzTXCyTwixtPP6f1ph19zjV65DNPM367RpRbkLEMP0KAKi5oYB2lgZSUaocsAlZ5qW0mv+pzwlG+uiGB6BRrLSHEiHOqXyUwhqM8qP0V92PXioOWe12Rii7dxNqsmxrhRF5gVKUIK5c65GD+xhvSw9ephibfrs=~4272440~4408377; Domain=.fifa.com; Path=/; Expires=Sat, 30 May 2026 16:45:48 GMT; Max-Age=14400')])
2026-05-30 12:45:48.930 | INFO     | httpx._client:_send_single_request:1740 - HTTP Request: GET https://api.fifa.com/api/v3/picture/flags-sq-1/AUS "HTTP/1.1 200 OK"
2026-05-30 12:45:48.930 | DEBUG    | httpcore._trace:atrace:87 - receive_response_body.started request=<Request [b'GET']>
2026-05-30 12:45:48.931 | DEBUG    | httpcore._trace:atrace:87 - receive_response_body.complete
2026-05-30 12:45:48.932 | DEBUG    | httpcore._trace:atrace:87 - response_closed.started
2026-05-30 12:45:48.933 | DEBUG    | httpcore._trace:atrace:87 - connect_tcp.started host='api.fifa.com' port=443 local_address=None timeout=10.0 socket_options=None
2026-05-30 12:45:48.941 | DEBUG    | httpcore._trace:atrace:87 - close.complete
2026-05-30 12:45:48.943 | DEBUG    | httpcore._trace:atrace:87 - connect_tcp.started host='api.fifa.com' port=443 local_address=None timeout=10.0 socket_options=None
2026-05-30 12:45:48.947 | DEBUG    | httpcore._trace:atrace:87 - receive_response_headers.complete return_value=(b'HTTP/1.1', 200, b'OK', [(b'Content-Length', b'1483'), (b'Content-Type', b'image/png'), (b'Access-Control-Expose-Headers', b'Request-Context'), (b'x-mdp-ck', b'**P**'), (b'x-mdp-rootactivityid', b'49b240d9fa5b4ac5b79f867214bde302'), (b'X-AspNet-Version', b'4.0.30319'), (b'Request-Context', b'appId=cid-v1:d6e11e63-1bc8-4e56-a695-f7ad71758c42'), (b'Arr-Disable-Session-Affinity', b'true'), (b'Cache-Control', b'public, must-revalidate, max-age=3600, s-maxage=2592000'), (b'Date', b'Sat, 30 May 2026 12:45:48 GMT'), (b'Connection', b'keep-alive'), (b'Access-Control-Allow-Origin', b'*'), (b'X-Frame-Options', b'sameorigin'), (b'Referrer-Policy', b'same-origin'), (b'X-Content-Type-Options', b'nosniff'), (b'X-XSS-Protection', b'1; mode=block'), (b'Strict-Transport-Security', b'max-age=15768000 ; includeSubDomains'), (b'Akamai-GRN', b'0.dec41302.1780145148.41fab5'), (b'Set-Cookie', b'_abck=E1991BB28EE35B3F9178B280B0E998E3~-1~YAAQ3sQTAtncc3eeAQAAdFPreA/aR5Pgko09f0/bE6miAH1PY+uwOIMbhs48sqVYu3WqfK62lxIfqpqctznxJlL5L8HWrW4R1Qtzffx+8yVgJuCIS8fGFA9HaKkpXg+kxj95QFTSJa4/VzkqDOEpVS3YAn4/5/YdsVPM+dbZ4gjGlICfHbN2dZ8cYxTmKEAvmxTb6RWxQjs/kgu3THFDYqWxYMo9yO2jzp3ZHpY+aTIkKMzLm8JVWPp5C8dm+v2wuDHyFDmQK2NgCbkOTn1ZDFvMvPqpjihwJPb+Qj6cz+u4bIeSBT53lRveP9CZggKHi6iKAdFMwWWutYQsxeG4R2V6cajWDpX7R+PXuR8ug3khw0Z+E/rZ8gZThlUZcPYKKuc+Od/nr+7wOo9c1I5SLAwAQzIlCgaPSfG+I5ZSYg4xM+OGr1eVFGsXNQaMqXwWR5PWRrQg~-1~-1~-1~-1~-1; Domain=.fifa.com; Path=/; Expires=Sun, 30 May 2027 12:45:48 GMT; Max-Age=31536000; Secure'), (b'Set-Cookie', b'bm_sz=A491562EED7222403DF7E587C2FAC2CE~YAAQ3sQTAtrcc3eeAQAAdFPreB+zes0I10/tMgT29gvB8LgO8OfS9SiP/V9WWaYKwcS4mpvI8aFOM/px9ie24ZmFn0Sj2j9fEuRcl19tru9ZCmcEd+Ci7v13u8dzrCi5KMInvRKOFuhyWeCUKOd6UCByqH162UAmUcnoH9rKZT/2AmCMlq/KyXQiZgbiow91rTRLsfCS7ENiytafLqK9nhPDiKr8MhHiy0LcfBGJMCJuFl2stldpVX4oClrRYkdUc4BqV5vr/Q+uWszNUMgBKn2Mrhs1hmON/KVt3yS+bA7BJc+jNAYG2BqdjxP/V5mRJWPYRx0PzKdtsqVsW8vo70bR/y80SiIPYva42po=~4272440~4408377; Domain=.fifa.com; Path=/; Expires=Sat, 30 May 2026 16:45:48 GMT; Max-Age=14400')])
2026-05-30 12:45:48.934 | DEBUG    | httpcore._trace:atrace:87 - response_closed.complete
2026-05-30 12:45:48.952 | INFO     | httpx._client:_send_single_request:1740 - HTTP Request: GET https://api.fifa.com/api/v3/picture/flags-sq-1/CAN "HTTP/1.1 200 OK"
2026-05-30 12:45:48.956 | DEBUG    | httpcore._trace:atrace:87 - receive_response_body.started request=<Request [b'GET']>
2026-05-30 12:45:48.958 | DEBUG    | httpcore._trace:atrace:87 - receive_response_body.complete
2026-05-30 12:45:48.962 | DEBUG    | httpcore._trace:atrace:87 - response_closed.started
2026-05-30 12:45:48.962 | DEBUG    | httpcore._trace:atrace:87 - close.started
2026-05-30 12:45:48.963 | DEBUG    | httpcore._trace:atrace:87 - response_closed.complete
2026-05-30 12:45:48.964 | DEBUG    | httpcore._trace:atrace:87 - close.complete
2026-05-30 12:45:48.965 | DEBUG    | httpcore._trace:atrace:87 - close.started
2026-05-30 12:45:48.966 | DEBUG    | httpcore._trace:atrace:87 - close.complete
2026-05-30 12:45:48.968 | INFO     | uvicorn.protocols.http.httptools_impl:send:484 - 172.19.0.1:51268 - "GET /api/v1/teams/flags/flags-sq-1/MAR HTTP/1.1" 200
2026-05-30 12:45:48.971 | INFO     | uvicorn.protocols.http.httptools_impl:send:484 - 172.19.0.1:51244 - "GET /api/v1/teams/flags/flags-sq-1/AUS HTTP/1.1" 200
2026-05-30 12:45:48.970 | INFO     | uvicorn.protocols.http.httptools_impl:send:484 - 172.19.0.1:51260 - "GET /api/v1/teams/flags/flags-sq-1/CAN HTTP/1.1" 200
2026-05-30 12:45:48.982 | INFO     | app.api.v1.endpoints.teams:get_flag_proxy:77 - Flag not cached. Proxying from FIFA: https://api.fifa.com/api/v3/picture/flags-sq-1/ALG
2026-05-30 12:45:48.983 | INFO     | app.api.v1.endpoints.teams:get_flag_proxy:77 - Flag not cached. Proxying from FIFA: https://api.fifa.com/api/v3/picture/flags-sq-1/PAN
2026-05-30 12:45:49.006 | DEBUG    | httpcore._trace:atrace:87 - connect_tcp.started host='api.fifa.com' port=443 local_address=None timeout=10.0 socket_options=None
2026-05-30 12:45:49.011 | DEBUG    | httpcore._trace:atrace:87 - connect_tcp.started host='api.fifa.com' port=443 local_address=None timeout=10.0 socket_options=None
2026-05-30 12:45:49.015 | DEBUG    | httpcore._trace:atrace:87 - connect_tcp.complete return_value=<httpcore._backends.anyio.AnyIOStream object at 0x7fd994ed69f0>
2026-05-30 12:45:49.016 | DEBUG    | httpcore._trace:atrace:87 - start_tls.started ssl_context=<ssl.SSLContext object at 0x7fd9942c0250> server_hostname='api.fifa.com' timeout=10.0
2026-05-30 12:45:49.008 | INFO     | app.api.v1.endpoints.teams:get_flag_proxy:77 - Flag not cached. Proxying from FIFA: https://api.fifa.com/api/v3/picture/flags-sq-1/UZB
2026-05-30 12:45:49.020 | DEBUG    | httpcore._trace:atrace:87 - connect_tcp.complete return_value=<httpcore._backends.anyio.AnyIOStream object at 0x7fd994307ef0>
2026-05-30 12:45:49.021 | DEBUG    | httpcore._trace:atrace:87 - start_tls.started ssl_context=<ssl.SSLContext object at 0x7fd9942c0450> server_hostname='api.fifa.com' timeout=10.0
2026-05-30 12:45:49.042 | DEBUG    | httpcore._trace:atrace:87 - connect_tcp.started host='api.fifa.com' port=443 local_address=None timeout=10.0 socket_options=None
2026-05-30 12:45:49.044 | DEBUG    | httpcore._trace:atrace:87 - connect_tcp.complete return_value=<httpcore._backends.anyio.AnyIOStream object at 0x75d34715bf20>
2026-05-30 12:45:49.046 | DEBUG    | httpcore._trace:atrace:87 - start_tls.started ssl_context=<ssl.SSLContext object at 0x75d3461d8250> server_hostname='api.fifa.com' timeout=10.0
2026-05-30 12:45:49.058 | DEBUG    | httpcore._trace:atrace:87 - start_tls.complete return_value=<httpcore._backends.anyio.AnyIOStream object at 0x7fd994307650>
2026-05-30 12:45:49.063 | DEBUG    | httpcore._trace:atrace:87 - send_request_headers.started request=<Request [b'GET']>
2026-05-30 12:45:49.064 | DEBUG    | httpcore._trace:atrace:87 - start_tls.complete return_value=<httpcore._backends.anyio.AnyIOStream object at 0x7fd994306c30>
2026-05-30 12:45:49.066 | DEBUG    | httpcore._trace:atrace:87 - send_request_headers.complete
2026-05-30 12:45:49.067 | DEBUG    | httpcore._trace:atrace:87 - send_request_body.started request=<Request [b'GET']>
2026-05-30 12:45:49.067 | DEBUG    | httpcore._trace:atrace:87 - send_request_body.complete
2026-05-30 12:45:49.068 | DEBUG    | httpcore._trace:atrace:87 - receive_response_headers.started request=<Request [b'GET']>
2026-05-30 12:45:49.068 | DEBUG    | httpcore._trace:atrace:87 - send_request_headers.started request=<Request [b'GET']>
2026-05-30 12:45:49.069 | DEBUG    | httpcore._trace:atrace:87 - send_request_headers.complete
2026-05-30 12:45:49.070 | DEBUG    | httpcore._trace:atrace:87 - send_request_body.started request=<Request [b'GET']>
2026-05-30 12:45:49.071 | DEBUG    | httpcore._trace:atrace:87 - send_request_body.complete
2026-05-30 12:45:49.071 | DEBUG    | httpcore._trace:atrace:87 - receive_response_headers.started request=<Request [b'GET']>
2026-05-30 12:45:49.072 | DEBUG    | httpcore._trace:atrace:87 - connect_tcp.complete return_value=<httpcore._backends.anyio.AnyIOStream object at 0x7fd994ece1b0>
2026-05-30 12:45:49.073 | DEBUG    | httpcore._trace:atrace:87 - start_tls.started ssl_context=<ssl.SSLContext object at 0x7fd9942c29d0> server_hostname='api.fifa.com' timeout=10.0
2026-05-30 12:45:49.073 | DEBUG    | httpcore._trace:atrace:87 - connect_tcp.complete return_value=<httpcore._backends.anyio.AnyIOStream object at 0x75d346dcce00>
2026-05-30 12:45:49.073 | DEBUG    | httpcore._trace:atrace:87 - start_tls.started ssl_context=<ssl.SSLContext object at 0x75d34617c1d0> server_hostname='api.fifa.com' timeout=10.0
2026-05-30 12:45:49.086 | DEBUG    | httpcore._trace:atrace:87 - start_tls.complete return_value=<httpcore._backends.anyio.AnyIOStream object at 0x75d346ddd430>
2026-05-30 12:45:49.088 | DEBUG    | httpcore._trace:atrace:87 - send_request_headers.started request=<Request [b'GET']>
2026-05-30 12:45:49.089 | DEBUG    | httpcore._trace:atrace:87 - send_request_headers.complete
2026-05-30 12:45:49.090 | DEBUG    | httpcore._trace:atrace:87 - send_request_body.started request=<Request [b'GET']>
2026-05-30 12:45:49.090 | DEBUG    | httpcore._trace:atrace:87 - send_request_body.complete
2026-05-30 12:45:49.090 | DEBUG    | httpcore._trace:atrace:87 - receive_response_headers.started request=<Request [b'GET']>
2026-05-30 12:45:49.091 | DEBUG    | httpcore._trace:atrace:87 - connect_tcp.complete return_value=<httpcore._backends.anyio.AnyIOStream object at 0x75d346dd6e40>
2026-05-30 12:45:49.092 | DEBUG    | httpcore._trace:atrace:87 - start_tls.started ssl_context=<ssl.SSLContext object at 0x75d34617f850> server_hostname='api.fifa.com' timeout=10.0
2026-05-30 12:45:49.110 | DEBUG    | httpcore._trace:atrace:87 - receive_response_headers.complete return_value=(b'HTTP/1.1', 200, b'OK', [(b'Content-Length', b'1396'), (b'Content-Type', b'image/png'), (b'Access-Control-Expose-Headers', b'Request-Context'), (b'x-mdp-ck', b'**P**'), (b'x-mdp-rootactivityid', b'cd718fc1075a4f0b961390b5ca94155b'), (b'X-AspNet-Version', b'4.0.30319'), (b'Request-Context', b'appId=cid-v1:d6e11e63-1bc8-4e56-a695-f7ad71758c42'), (b'Arr-Disable-Session-Affinity', b'true'), (b'Cache-Control', b'public, must-revalidate, max-age=3600, s-maxage=2592000'), (b'Date', b'Sat, 30 May 2026 12:45:48 GMT'), (b'Connection', b'keep-alive'), (b'Access-Control-Allow-Origin', b'*'), (b'X-Frame-Options', b'sameorigin'), (b'Referrer-Policy', b'same-origin'), (b'X-Content-Type-Options', b'nosniff'), (b'X-XSS-Protection', b'1; mode=block'), (b'Strict-Transport-Security', b'max-age=15768000 ; includeSubDomains'), (b'Akamai-GRN', b'0.dec41302.1780145148.41fb04'), (b'Set-Cookie', b'_abck=1F5D88E0A38D6D1773F531A3CFFFCF48~-1~YAAQ3sQTAtvcc3eeAQAALFTreA+Qf18ExgRziT+h8uZSorqdCUm4rlsJMbOznIcP0duIPqZdQNdlHdwUOEzV9gXeh8PxsEC5VovFvRMfsztAwM3Soy0CuookZJwfFQIebwZe4K/rvdRgM+9C+Kb5bXhkRuDnuRkp3m2uWoOocDCn9dgAvTwVO8CdZxowWDXtnq5yCewuPqdticn4b6hb+H2rvIW2zG1L5s7CzFw74kDF7As30afzuDYsyDg4jMenKYQV1k9qvZBLGcgOCLbCJPm9LS8GpkYtD84rgvSe2dQ6mlilejbhlcAjtdu5wcyMWli0XzzBmE1U0vqC2Kr7ErQRPpoAf28q8ocKGOAKFS3QDOiBWjLI4T3g404iN4s4qMbt6OhIVZCtpDoaiwXijRrzOtGDU8xuIftSHh4lXb0QXBISDtJljfouV8AJI03mdaBvPRJx~-1~-1~-1~-1~-1; Domain=.fifa.com; Path=/; Expires=Sun, 30 May 2027 12:45:48 GMT; Max-Age=31536000; Secure'), (b'Set-Cookie', b'bm_sz=06D87FD6CD1722BF95069C425FD2CB14~YAAQ3sQTAtzcc3eeAQAALFTreB9DHbs8L1ZLSQpRhz24gtE1z5pE2EB1DvEr7jPSmnU8Tl/b0zixOfxBNLiIr3ehYL5iPtapO7u+JdM90+7ooeqPB/oQpQcw2V7gstoSijajUYiPF8tZyR1Tp3JyRWjOtztb0tC8A/4eBey7sK1pYKL/sg5+c+2vN2neKGiIcckm9bfohm9MyFQJHrXVx96GDmLfz5c9ABTqrDsxHHP2/dtg3i6UhlN/srmRStyOzDMXGbye1HNT6Tb/TQfZxzzX5o0QLkh8tnTZEOotv6s9G/2p3VvnQSloZYezF07QFJzWskMA1xGfr5JbXRbwEddcoIhaHjCeYh1L4ew=~4272440~4408377; Domain=.fifa.com; Path=/; Expires=Sat, 30 May 2026 16:45:48 GMT; Max-Age=14400')])
2026-05-30 12:45:49.116 | INFO     | httpx._client:_send_single_request:1740 - HTTP Request: GET https://api.fifa.com/api/v3/picture/flags-sq-1/IRN "HTTP/1.1 200 OK"
2026-05-30 12:45:49.116 | DEBUG    | httpcore._trace:atrace:87 - receive_response_body.started request=<Request [b'GET']>
2026-05-30 12:45:49.124 | DEBUG    | httpcore._trace:atrace:87 - start_tls.complete return_value=<httpcore._backends.anyio.AnyIOStream object at 0x75d347274530>
2026-05-30 12:45:49.117 | DEBUG    | httpcore._trace:atrace:87 - receive_response_body.complete
2026-05-30 12:45:49.124 | DEBUG    | httpcore._trace:atrace:87 - response_closed.started
2026-05-30 12:45:49.138 | DEBUG    | httpcore._trace:atrace:87 - send_request_headers.started request=<Request [b'GET']>
2026-05-30 12:45:49.140 | DEBUG    | httpcore._trace:atrace:87 - send_request_headers.complete
2026-05-30 12:45:49.140 | DEBUG    | httpcore._trace:atrace:87 - send_request_body.started request=<Request [b'GET']>
2026-05-30 12:45:49.130 | DEBUG    | httpcore._trace:atrace:87 - response_closed.complete
2026-05-30 12:45:49.140 | DEBUG    | httpcore._trace:atrace:87 - send_request_body.complete
2026-05-30 12:45:49.133 | DEBUG    | httpcore._trace:atrace:87 - close.started
2026-05-30 12:45:49.140 | DEBUG    | httpcore._trace:atrace:87 - receive_response_headers.started request=<Request [b'GET']>
2026-05-30 12:45:49.156 | DEBUG    | httpcore._trace:atrace:87 - receive_response_headers.complete return_value=(b'HTTP/1.1', 200, b'OK', [(b'Content-Length', b'3281'), (b'Content-Type', b'image/png'), (b'Access-Control-Expose-Headers', b'Request-Context'), (b'x-mdp-ck', b'**P**'), (b'x-mdp-rootactivityid', b'a8c0a593bece45d59f635cf93dad6df6'), (b'X-AspNet-Version', b'4.0.30319'), (b'Request-Context', b'appId=cid-v1:d6e11e63-1bc8-4e56-a695-f7ad71758c42'), (b'Arr-Disable-Session-Affinity', b'true'), (b'Cache-Control', b'public, must-revalidate, max-age=3600, s-maxage=2592000'), (b'Date', b'Sat, 30 May 2026 12:45:48 GMT'), (b'Connection', b'keep-alive'), (b'Access-Control-Allow-Origin', b'*'), (b'X-Frame-Options', b'sameorigin'), (b'Referrer-Policy', b'same-origin'), (b'X-Content-Type-Options', b'nosniff'), (b'X-XSS-Protection', b'1; mode=block'), (b'Strict-Transport-Security', b'max-age=15768000 ; includeSubDomains'), (b'Akamai-GRN', b'0.dec41302.1780145148.41fb0b'), (b'Set-Cookie', b'_abck=CCCCEBB08E6CB9B0DA7AA6F780CBE3F2~-1~YAAQ3sQTAt3cc3eeAQAAN1TreA8wHRC18K6zmmPZNWMJbTgso2T0wDgf9MNNNGgnwNN1pdm+8z9ZntjKUkVLpC1zfIiCuwRdn0bD0KkgCQKFAxs/kuRuM08Bdypc8ZaURjvSg9t6WUWFQLo2TXy/54z6RkNKqJs7OYhwM3pas8AyxjnvXCPeNoJhVaQDBrVleoeZRDQdYYGCNspCAfCSDfTZYPID8Qyewvdey4dVADWQFYnRV6PLOoqIjdZ2m91KD06CQJGT+IVQakNaeyGsc1yHOekSto97bbKz4i0bPMrQFnxFmDGqORUKUtwqtVin4UQveZA8MoSfpuJovPvQ9iQOeVv2nfC5TsLBBysZsXerbC1XTQNdOtSMfsgjAt9soLsrYMrTMuiujxEKoMBSGQmuekQhF4I1T1GMvS6fkEjznnQ8BPYiwUKjQF5RPk0jZoeO1t6M~-1~-1~-1~-1~-1; Domain=.fifa.com; Path=/; Expires=Sun, 30 May 2027 12:45:48 GMT; Max-Age=31536000; Secure'), (b'Set-Cookie', b'bm_sz=AE8037F45508624232F9095EA074A311~YAAQ3sQTAt7cc3eeAQAAN1TreB9UlA7FDIAqPOANTZHad2IQp2R9K7vYvKi3fFmgJWBx+tj5uqr4i1YLasKk2WvH+dQKO/9yl/OdWmqIjHeF+MGjY8qr8PbHOCPJz8J6i8wLIg+T7TOrBdnyz52zK1vnDbHZtc60j/cWsu/OjdzgvJ1PX0SeKHOIQ5QmVwDqKot1E74EYjqvxfx5iPUbsvDsA/Z6kaNi8e4uJeJtyZrKT1cIEcAsDQtlScQXo0+gZOZ7UU5jX4tLNXiHwREgZoz3dBbsVuqfMF/6XM9QYsRRGuYEn5nnckWJ5Gdu7FIENUWInoa+MPgNrV2wC/DO2DCI+vho9o3jqJoHewM=~4272440~4408377; Domain=.fifa.com; Path=/; Expires=Sat, 30 May 2026 16:45:48 GMT; Max-Age=14400')])
2026-05-30 12:45:49.168 | INFO     | httpx._client:_send_single_request:1740 - HTTP Request: GET https://api.fifa.com/api/v3/picture/flags-sq-1/SCO "HTTP/1.1 200 OK"
2026-05-30 12:45:49.169 | DEBUG    | httpcore._trace:atrace:87 - receive_response_body.started request=<Request [b'GET']>
2026-05-30 12:45:49.170 | DEBUG    | httpcore._trace:atrace:87 - receive_response_body.complete
2026-05-30 12:45:49.171 | DEBUG    | httpcore._trace:atrace:87 - response_closed.started
2026-05-30 12:45:49.162 | DEBUG    | httpcore._trace:atrace:87 - receive_response_headers.complete return_value=(b'HTTP/1.1', 200, b'OK', [(b'Content-Length', b'4210'), (b'Content-Type', b'image/png'), (b'Access-Control-Expose-Headers', b'Request-Context'), (b'x-mdp-ck', b'**P**'), (b'x-mdp-rootactivityid', b'4923ce69c5384bc3a467d2033ef8422f'), (b'X-AspNet-Version', b'4.0.30319'), (b'Request-Context', b'appId=cid-v1:d6e11e63-1bc8-4e56-a695-f7ad71758c42'), (b'Arr-Disable-Session-Affinity', b'true'), (b'Cache-Control', b'public, must-revalidate, max-age=3600, s-maxage=2592000'), (b'Date', b'Sat, 30 May 2026 12:45:48 GMT'), (b'Connection', b'keep-alive'), (b'Access-Control-Allow-Origin', b'*'), (b'X-Frame-Options', b'sameorigin'), (b'Referrer-Policy', b'same-origin'), (b'X-Content-Type-Options', b'nosniff'), (b'X-XSS-Protection', b'1; mode=block'), (b'Strict-Transport-Security', b'max-age=15768000 ; includeSubDomains'), (b'Akamai-GRN', b'0.d5c41302.1780145148.18401066'), (b'Set-Cookie', b'_abck=A75A5E475DEC2B8655F7CEADE8134ED0~-1~YAAQ1cQTAmPmKECeAQAARVTreA/PKrl5nKotKukjKBdj5hrlXRGEiGgRgYJ6hLg+7AcGxdSSsyDobL4XOsbhHI5f9c7XUAKidDG4Eu/vk7B59iOvES96RJsm2TQD8Eco/zjsVDjvNmqB9d+tcGsW6akCmpCyYrf60gP2C6pzT88VjszWTeUaqEyyBHaoTz+k1aOYrvckKMPs/NCSxozqm1heb1IbYKKF3gWR5bdtjKW0V0WsFTqKnammObiqm4SWphyf1d3LqAKspumrKYQlplathY2j0ivVvKdAjFoesmxhLHx2F7QlPJ94hDDVXQVD69cAyGGY0WIBX/zaR777EsLmVIjNR0lo/AQ7t3VS0YGtyp2e1bJe2XpnTWEHCcJyC3kJTGqr0QTcPVVzf+I4QXvAwh2vviWyzHVp/Gb3nK2ECdbHHE9+VdJu19+j+bwqMO+jG+yv~-1~-1~-1~-1~-1; Domain=.fifa.com; Path=/; Expires=Sun, 30 May 2027 12:45:48 GMT; Max-Age=31536000; Secure'), (b'Set-Cookie', b'bm_sz=95AF0DC283127497655B45FA5A814090~YAAQ1cQTAmTmKECeAQAARVTreB+H97d/3JFzhj2Muz075C/GuvweIl5V9RFFzEYQwF5aPCLRI/xk6WSBSJ4PjPTsXRUcXrYsGjibvska1SAv2IIdW7D59ruuL2LLzL8B6Cei6vLB0F2yn7+o1fAol7USArJPwmj7Pmtf4dnmcGThCnrMzrCRUq+V0kMiZi8y4IVGZGVjSFNeD6jOftt0jDiNidS/rCiO9FMKMq6pNl4RbEfdxUjmg2yuDZELfe2FnaLE0sJu8rNB9+mPqEYR5IsFBi5+QW4MMLLP2irHV27HYUZNFGgwMhl3cwpwKEQlyqhR1lCzbeZBlK7h9NgzcFc/fyAP9ltRSunhY6I=~4272440~4408377; Domain=.fifa.com; Path=/; Expires=Sat, 30 May 2026 16:45:48 GMT; Max-Age=14400')])
2026-05-30 12:45:49.163 | INFO     | httpx._client:_send_single_request:1740 - HTTP Request: GET https://api.fifa.com/api/v3/picture/flags-sq-1/KOR "HTTP/1.1 200 OK"
2026-05-30 12:45:49.163 | DEBUG    | httpcore._trace:atrace:87 - receive_response_body.started request=<Request [b'GET']>
2026-05-30 12:45:49.163 | DEBUG    | httpcore._trace:atrace:87 - receive_response_body.complete
2026-05-30 12:45:49.164 | DEBUG    | httpcore._trace:atrace:87 - response_closed.started
2026-05-30 12:45:49.172 | DEBUG    | httpcore._trace:atrace:87 - close.complete
2026-05-30 12:45:49.174 | DEBUG    | httpcore._trace:atrace:87 - start_tls.complete return_value=<httpcore._backends.anyio.AnyIOStream object at 0x7fd994c13bc0>
2026-05-30 12:45:49.164 | DEBUG    | httpcore._trace:atrace:87 - start_tls.complete return_value=<httpcore._backends.anyio.AnyIOStream object at 0x75d3461827e0>
2026-05-30 12:45:49.177 | DEBUG    | httpcore._trace:atrace:87 - response_closed.complete
2026-05-30 12:45:49.165 | DEBUG    | httpcore._trace:atrace:87 - response_closed.complete
2026-05-30 12:45:49.176 | DEBUG    | httpcore._trace:atrace:87 - close.started
2026-05-30 12:45:49.180 | DEBUG    | httpcore._trace:atrace:87 - send_request_headers.started request=<Request [b'GET']>
2026-05-30 12:45:49.184 | DEBUG    | httpcore._trace:atrace:87 - close.started
2026-05-30 12:45:49.185 | DEBUG    | httpcore._trace:atrace:87 - send_request_headers.started request=<Request [b'GET']>
2026-05-30 12:45:49.187 | DEBUG    | httpcore._trace:atrace:87 - close.complete
2026-05-30 12:45:49.188 | DEBUG    | httpcore._trace:atrace:87 - send_request_headers.complete
2026-05-30 12:45:49.183 | DEBUG    | httpcore._trace:atrace:87 - close.complete
2026-05-30 12:45:49.186 | DEBUG    | httpcore._trace:atrace:87 - send_request_headers.complete
2026-05-30 12:45:49.186 | DEBUG    | httpcore._trace:atrace:87 - send_request_body.started request=<Request [b'GET']>
2026-05-30 12:45:49.191 | DEBUG    | httpcore._trace:atrace:87 - send_request_body.started request=<Request [b'GET']>
2026-05-30 12:45:49.192 | DEBUG    | httpcore._trace:atrace:87 - send_request_body.complete
2026-05-30 12:45:49.187 | DEBUG    | httpcore._trace:atrace:87 - send_request_body.complete
2026-05-30 12:45:49.192 | DEBUG    | httpcore._trace:atrace:87 - receive_response_headers.started request=<Request [b'GET']>
2026-05-30 12:45:49.195 | INFO     | uvicorn.protocols.http.httptools_impl:send:484 - 172.19.0.1:51236 - "GET /api/v1/teams/flags/flags-sq-1/IRN HTTP/1.1" 200
2026-05-30 12:45:49.189 | DEBUG    | httpcore._trace:atrace:87 - receive_response_headers.started request=<Request [b'GET']>
2026-05-30 12:45:49.197 | INFO     | uvicorn.protocols.http.httptools_impl:send:484 - 172.19.0.1:51242 - "GET /api/v1/teams/flags/flags-sq-1/SCO HTTP/1.1" 200
2026-05-30 12:45:49.220 | INFO     | app.api.v1.endpoints.teams:get_flag_proxy:77 - Flag not cached. Proxying from FIFA: https://api.fifa.com/api/v3/picture/flags-sq-1/CZE
2026-05-30 12:45:49.194 | DEBUG    | httpcore._trace:atrace:87 - receive_response_headers.complete return_value=(b'HTTP/1.1', 200, b'OK', [(b'Content-Length', b'2100'), (b'Content-Type', b'image/png'), (b'Access-Control-Expose-Headers', b'Request-Context'), (b'x-mdp-ck', b'**P**'), (b'x-mdp-rootactivityid', b'3f40d59ce14d4e438a3f85ba49e5a830'), (b'X-AspNet-Version', b'4.0.30319'), (b'Request-Context', b'appId=cid-v1:d6e11e63-1bc8-4e56-a695-f7ad71758c42'), (b'Arr-Disable-Session-Affinity', b'true'), (b'Cache-Control', b'public, must-revalidate, max-age=3600, s-maxage=2592000'), (b'Date', b'Sat, 30 May 2026 12:45:49 GMT'), (b'Connection', b'keep-alive'), (b'Access-Control-Allow-Origin', b'*'), (b'X-Frame-Options', b'sameorigin'), (b'Referrer-Policy', b'same-origin'), (b'X-Content-Type-Options', b'nosniff'), (b'X-XSS-Protection', b'1; mode=block'), (b'Strict-Transport-Security', b'max-age=15768000 ; includeSubDomains'), (b'Akamai-GRN', b'0.d5c41302.1780145149.1840107f'), (b'Set-Cookie', b'_abck=1BB05ECAC71327AFDE304BDDD5DCD7F5~-1~YAAQ1cQTAmfmKECeAQAAd1TreA/IhLX8HK5kwfbbVStn3yElljJ+DF7KOoKk+qUZNeCziqdm+CP3IG1zxnnWgoRcr9BNBC5qPgrz3rS25MCY5pWARWMmHS/cpccq+J4odA6QFFBdZiOs9MPu7AT7baetHyD10E0yTdt/G9s7U91+xC7a5/f7lG1COSu1+5O5SIyQJ1uFxa7r1FMJW7aE3618b32o+NVngL0+F2wEdmLsZJvKLtO1RAMCCzxUj6V51y//TLLLslx/FYec9uYnSUsFqGpd3iNXDnisT0gHe8MMYo9bdyNodTHUHC9hG3uo6fFf4gS1HV1pOVmDmK3Fvpms7VDiR+ool6zF4/azADSYzlN7BH3BcDRQunnxqKsGfZRdMH3bKgqdG6WnZNsEnsznj/gG2+MF/dQrZN9dnk8yyKcdwLKVZcejBxlV0lk4hqBLYUiS~-1~-1~-1~-1~-1; Domain=.fifa.com; Path=/; Expires=Sun, 30 May 2027 12:45:49 GMT; Max-Age=31536000; Secure'), (b'Set-Cookie', b'bm_sz=8781302980044E983C13EAD693F653AC~YAAQ1cQTAmjmKECeAQAAd1TreB/7B+LQKKKfHYGWgTSRYKMZnzVP06ToJSHSPrhtzYF2ZQmH3C9O6g81mgMjguKKwpfhNXV4ebi8AGIwj9lnBluddtqTjQQehEuz4oC7Lj33k2wuEqyR6zzz3ZMQ36wV92D3av+ulgfv4YmcZBKBfc5FP1qXnLl1A8XY5mN4c89Dewd7jdwUsSIZYv7328NoSj0MWCmxnxAdpaqIgwEzJzlSkUSilDIjz3hGVrCLkac58d9P41vcmgSiJ65Qh2Y95OWGllxdh1p5J7hjTsjlbzrzr8U5wt+tTtpbNFDdkEpVgC4Kdphc9Gwd/MnfQZth/qog5tCrHJ6glWs=~4273202~3617080; Domain=.fifa.com; Path=/; Expires=Sat, 30 May 2026 16:45:49 GMT; Max-Age=14400')])
2026-05-30 12:45:49.203 | INFO     | httpx._client:_send_single_request:1740 - HTTP Request: GET https://api.fifa.com/api/v3/picture/flags-sq-1/ALG "HTTP/1.1 200 OK"
2026-05-30 12:45:49.205 | DEBUG    | httpcore._trace:atrace:87 - receive_response_body.started request=<Request [b'GET']>
2026-05-30 12:45:49.211 | DEBUG    | httpcore._trace:atrace:87 - receive_response_body.complete
2026-05-30 12:45:49.220 | DEBUG    | httpcore._trace:atrace:87 - response_closed.started
2026-05-30 12:45:49.221 | DEBUG    | httpcore._trace:atrace:87 - response_closed.complete
2026-05-30 12:45:49.223 | DEBUG    | httpcore._trace:atrace:87 - close.started
2026-05-30 12:45:49.226 | DEBUG    | httpcore._trace:atrace:87 - close.complete
2026-05-30 12:45:49.230 | INFO     | uvicorn.protocols.http.httptools_impl:send:484 - 172.19.0.1:51224 - "GET /api/v1/teams/flags/flags-sq-1/KOR HTTP/1.1" 200
2026-05-30 12:45:49.231 | DEBUG    | httpcore._trace:atrace:87 - receive_response_headers.complete return_value=(b'HTTP/1.1', 200, b'OK', [(b'Content-Length', b'1566'), (b'Content-Type', b'image/png'), (b'Access-Control-Expose-Headers', b'Request-Context'), (b'x-mdp-ck', b'**P**'), (b'x-mdp-rootactivityid', b'aa53083da6c3460d9c782566bd63d412'), (b'X-AspNet-Version', b'4.0.30319'), (b'Request-Context', b'appId=cid-v1:d6e11e63-1bc8-4e56-a695-f7ad71758c42'), (b'Arr-Disable-Session-Affinity', b'true'), (b'Cache-Control', b'public, must-revalidate, max-age=3600, s-maxage=2592000'), (b'Date', b'Sat, 30 May 2026 12:45:49 GMT'), (b'Connection', b'keep-alive'), (b'Access-Control-Allow-Origin', b'*'), (b'X-Frame-Options', b'sameorigin'), (b'Referrer-Policy', b'same-origin'), (b'X-Content-Type-Options', b'nosniff'), (b'X-XSS-Protection', b'1; mode=block'), (b'Strict-Transport-Security', b'max-age=15768000 ; includeSubDomains'), (b'Akamai-GRN', b'0.d5c41302.1780145149.18401093'), (b'Set-Cookie', b'_abck=14C59037D8BC6258948A7EDCEA479AF9~-1~YAAQ1cQTAmnmKECeAQAAp1TreA+mMSZSOprUt/5XtM3jJ1LojQpwnahHJ+zpqFdzG2YHcv5nJedH/eAeKNvcr+fALRqk99BSJTVIUhG/sZQuJerWg9NedRF0T+JHjdyu8WZS7dsRXI78+hq1rGpKZJmGzLbFHpCx20u63YGf7an+9p2bh/QcEfOVSEQAhlPthnpM3XZXhXz88SPw+amse0yw1i1DdP4u/qn+KoYXmmF5qqnOXp4Mme48Uz5Az2qSwRK/85x6+UsRhpA6tPPKKBkXmEI0oh4ufBL784PbPnTP70a9Mrd2wNAxXRTdXFIfUmifV1XOr3BqodBKYuHV9c4fWvi8+vR3q5ENnwILy5fe0Pk4qYO3yMisfwH/fmpebobHo9D3GzCTWjVjpqcR9vUuqklh4GpQVJyyZesgmfZvHX7O35evb6XzjafJ8nOiPKRIqUsv~-1~-1~-1~-1~-1; Domain=.fifa.com; Path=/; Expires=Sun, 30 May 2027 12:45:49 GMT; Max-Age=31536000; Secure'), (b'Set-Cookie', b'bm_sz=A402C147AEEFF5A965DD75DC618591C9~YAAQ1cQTAmrmKECeAQAAp1TreB+n/eJufKnBTZ/9ci7h2QiMPtTzlZ3oMaMz1X8ABxQK2THsVyBgQbAidwVSYEMlT42koRnUQgGzE8Dlus49DmKqMBhEijcT/m81z7Of6I+5itdBBTcfjhxD0aFqjJe2HU71626dFcKyNCWAuNqO3QrsgR0hoyYGlUB4L7bm5VrTxlk7oQQzGRV/zU20vFu+pyUZlQFaEN9vJAf2HgI8oE/8/hV7zD6uMQJxtsS5ByhZUCWjMw05NbrqhnooaEUqeaT/KVTXMwIdorwfPtWPFslB5BxcGycEffqLDbmPR0US30IYYAsfAwGr9//h0lfpSeIjprk9dcu1lxM=~4273202~3617080; Domain=.fifa.com; Path=/; Expires=Sat, 30 May 2026 16:45:49 GMT; Max-Age=14400')])
2026-05-30 12:45:49.233 | INFO     | httpx._client:_send_single_request:1740 - HTTP Request: GET https://api.fifa.com/api/v3/picture/flags-sq-1/UZB "HTTP/1.1 200 OK"
2026-05-30 12:45:49.234 | DEBUG    | httpcore._trace:atrace:87 - receive_response_body.started request=<Request [b'GET']>
2026-05-30 12:45:49.235 | DEBUG    | httpcore._trace:atrace:87 - receive_response_body.complete
2026-05-30 12:45:49.237 | DEBUG    | httpcore._trace:atrace:87 - response_closed.started
2026-05-30 12:45:49.238 | DEBUG    | httpcore._trace:atrace:87 - response_closed.complete
2026-05-30 12:45:49.240 | DEBUG    | httpcore._trace:atrace:87 - close.started
2026-05-30 12:45:49.241 | DEBUG    | httpcore._trace:atrace:87 - close.complete
2026-05-30 12:45:49.242 | INFO     | uvicorn.protocols.http.httptools_impl:send:484 - 172.19.0.1:51260 - "GET /api/v1/teams/flags/flags-sq-1/ALG HTTP/1.1" 200
2026-05-30 12:45:49.244 | INFO     | uvicorn.protocols.http.httptools_impl:send:484 - 172.19.0.1:51268 - "GET /api/v1/teams/flags/flags-sq-1/UZB HTTP/1.1" 200
2026-05-30 12:45:49.252 | INFO     | app.api.v1.endpoints.teams:get_flag_proxy:77 - Flag not cached. Proxying from FIFA: https://api.fifa.com/api/v3/picture/flags-sq-1/USA
2026-05-30 12:45:49.254 | DEBUG    | httpcore._trace:atrace:87 - connect_tcp.started host='api.fifa.com' port=443 local_address=None timeout=10.0 socket_options=None
2026-05-30 12:45:49.258 | DEBUG    | httpcore._trace:atrace:87 - receive_response_headers.complete return_value=(b'HTTP/1.1', 200, b'OK', [(b'Content-Length', b'1926'), (b'Content-Type', b'image/png'), (b'Access-Control-Expose-Headers', b'Request-Context'), (b'x-mdp-ck', b'**P**'), (b'x-mdp-rootactivityid', b'39684405dd0a4622b61c1c6d70145d76'), (b'X-AspNet-Version', b'4.0.30319'), (b'Request-Context', b'appId=cid-v1:d6e11e63-1bc8-4e56-a695-f7ad71758c42'), (b'Arr-Disable-Session-Affinity', b'true'), (b'Cache-Control', b'public, must-revalidate, max-age=3600, s-maxage=2592000'), (b'Date', b'Sat, 30 May 2026 12:45:49 GMT'), (b'Connection', b'keep-alive'), (b'Access-Control-Allow-Origin', b'*'), (b'X-Frame-Options', b'sameorigin'), (b'Referrer-Policy', b'same-origin'), (b'X-Content-Type-Options', b'nosniff'), (b'X-XSS-Protection', b'1; mode=block'), (b'Strict-Transport-Security', b'max-age=15768000 ; includeSubDomains'), (b'Akamai-GRN', b'0.d5c41302.1780145149.18401097'), (b'Set-Cookie', b'_abck=94AB451187A22D4DC8465B303E661EEA~-1~YAAQ1cQTAmvmKECeAQAArlTreA9p6mzz9AhQ3lp3h35tJ2xQXpQ39nTQUAnUCj2a83jAbGmuXtRy0m/wyNR5CfmPnOcjwYHWiEHv4MhND9ilUlYc6fMUZ4zb07ZjETn9LhH0MGK9ZCkujAVlQVcfyuOmEWa/PWvTeD2YTKWvoWU+FESqptf2c+9bl6Rg9MIKEydjsbt54rkUu6oMaL956KqgAUltXTKnta6IUr4wg8FIESaO4FY2wq/nP4Q5uj29ohE7mLbTcnptrSEDNY4n30s0xlM7YbIc2CF+2kcrSSm0VzIkq8vpd0iPhCvx9krkFLCfgDXMmoCLxaC69zDQMRiTHe/vytNTYbPPbw41yKvTLkGrnDFDmfthH1mc+F28mvMRZzQMlba6z9ZVzOYmqtSMW2+gBTHWIr5b9S4shXEYsaYznQkye/ij5AiLseEMlj1dQ5L/~-1~-1~-1~-1~-1; Domain=.fifa.com; Path=/; Expires=Sun, 30 May 2027 12:45:49 GMT; Max-Age=31536000; Secure'), (b'Set-Cookie', b'bm_sz=F560AE2C2A554E18599FED207053DDF8~YAAQ1cQTAmzmKECeAQAArlTreB9CsV0+V6BrPgiLOl86z9AmmaZgzdla6swQDWrvWRTh0Vs583hIFRKNaW9YZ14a8RwDmm2CVb2BLQNm9STRXvGpyvscgEjxeMf2iECv9gOCd4fAeq4y0Qlrg+IaHCadukxpfstDAkIF1LDB3DdxK59ntUGj/QjTMSJxRvRUVUcQkzkalmpnvdbCKbUjkyMsjRixcdsp2bcwTslvAA1VGN6QSG/6GwRMJui7wAwms8X1FnzZ2YEk0xtZioQfgS3jXuKhCmef6wHU7olZSltuCR8v8ZkULY4YbOCLwvf84lu4QC9EK+8b5wTrhjH+EBQcTxw6Kw8r/bl5idY=~4273202~3617080; Domain=.fifa.com; Path=/; Expires=Sat, 30 May 2026 16:45:49 GMT; Max-Age=14400')])
2026-05-30 12:45:49.267 | INFO     | httpx._client:_send_single_request:1740 - HTTP Request: GET https://api.fifa.com/api/v3/picture/flags-sq-1/PAN "HTTP/1.1 200 OK"
2026-05-30 12:45:49.273 | DEBUG    | httpcore._trace:atrace:87 - receive_response_body.started request=<Request [b'GET']>
2026-05-30 12:45:49.274 | DEBUG    | httpcore._trace:atrace:87 - receive_response_body.complete
2026-05-30 12:45:49.275 | DEBUG    | httpcore._trace:atrace:87 - response_closed.started
2026-05-30 12:45:49.279 | DEBUG    | httpcore._trace:atrace:87 - response_closed.complete
2026-05-30 12:45:49.287 | DEBUG    | httpcore._trace:atrace:87 - connect_tcp.started host='api.fifa.com' port=443 local_address=None timeout=10.0 socket_options=None
2026-05-30 12:45:49.289 | DEBUG    | httpcore._trace:atrace:87 - close.started
2026-05-30 12:45:49.288 | INFO     | app.api.v1.endpoints.teams:get_flag_proxy:77 - Flag not cached. Proxying from FIFA: https://api.fifa.com/api/v3/picture/flags-sq-1/SWE
2026-05-30 12:45:49.291 | DEBUG    | httpcore._trace:atrace:87 - close.complete
2026-05-30 12:45:49.294 | INFO     | app.api.v1.endpoints.teams:get_flag_proxy:77 - Flag not cached. Proxying from FIFA: https://api.fifa.com/api/v3/picture/flags-sq-1/JOR
2026-05-30 12:45:49.312 | INFO     | app.api.v1.endpoints.teams:get_flag_proxy:77 - Flag not cached. Proxying from FIFA: https://api.fifa.com/api/v3/picture/flags-sq-1/EGY
2026-05-30 12:45:49.312 | DEBUG    | httpcore._trace:atrace:87 - connect_tcp.started host='api.fifa.com' port=443 local_address=None timeout=10.0 socket_options=None
2026-05-30 12:45:49.317 | INFO     | uvicorn.protocols.http.httptools_impl:send:484 - 172.19.0.1:51244 - "GET /api/v1/teams/flags/flags-sq-1/PAN HTTP/1.1" 200
2026-05-30 12:45:49.322 | DEBUG    | httpcore._trace:atrace:87 - connect_tcp.complete return_value=<httpcore._backends.anyio.AnyIOStream object at 0x7fd9942edb20>
2026-05-30 12:45:49.323 | DEBUG    | httpcore._trace:atrace:87 - start_tls.started ssl_context=<ssl.SSLContext object at 0x7fd9942c3850> server_hostname='api.fifa.com' timeout=10.0
2026-05-30 12:45:49.328 | INFO     | app.api.v1.endpoints.teams:get_flag_proxy:77 - Flag not cached. Proxying from FIFA: https://api.fifa.com/api/v3/picture/flags-sq-1/CIV
2026-05-30 12:45:49.337 | DEBUG    | httpcore._trace:atrace:87 - connect_tcp.started host='api.fifa.com' port=443 local_address=None timeout=10.0 socket_options=None
2026-05-30 12:45:49.339 | DEBUG    | httpcore._trace:atrace:87 - connect_tcp.started host='api.fifa.com' port=443 local_address=None timeout=10.0 socket_options=None
2026-05-30 12:45:49.350 | DEBUG    | httpcore._trace:atrace:87 - connect_tcp.started host='api.fifa.com' port=443 local_address=None timeout=10.0 socket_options=None
2026-05-30 12:45:49.361 | DEBUG    | httpcore._trace:atrace:87 - start_tls.complete return_value=<httpcore._backends.anyio.AnyIOStream object at 0x7fd994d90350>
2026-05-30 12:45:49.364 | DEBUG    | httpcore._trace:atrace:87 - connect_tcp.complete return_value=<httpcore._backends.anyio.AnyIOStream object at 0x7fd9942ec740>
2026-05-30 12:45:49.365 | DEBUG    | httpcore._trace:atrace:87 - start_tls.started ssl_context=<ssl.SSLContext object at 0x7fd99431c550> server_hostname='api.fifa.com' timeout=10.0
2026-05-30 12:45:49.367 | DEBUG    | httpcore._trace:atrace:87 - send_request_headers.started request=<Request [b'GET']>
2026-05-30 12:45:49.371 | DEBUG    | httpcore._trace:atrace:87 - connect_tcp.complete return_value=<httpcore._backends.anyio.AnyIOStream object at 0x75d346de2ff0>
2026-05-30 12:45:49.372 | DEBUG    | httpcore._trace:atrace:87 - start_tls.started ssl_context=<ssl.SSLContext object at 0x75d34617ea50> server_hostname='api.fifa.com' timeout=10.0
2026-05-30 12:45:49.369 | DEBUG    | httpcore._trace:atrace:87 - send_request_headers.complete
2026-05-30 12:45:49.369 | DEBUG    | httpcore._trace:atrace:87 - send_request_body.started request=<Request [b'GET']>
2026-05-30 12:45:49.371 | DEBUG    | httpcore._trace:atrace:87 - send_request_body.complete
2026-05-30 12:45:49.375 | DEBUG    | httpcore._trace:atrace:87 - connect_tcp.complete return_value=<httpcore._backends.anyio.AnyIOStream object at 0x75d3461c25a0>
2026-05-30 12:45:49.372 | DEBUG    | httpcore._trace:atrace:87 - receive_response_headers.started request=<Request [b'GET']>
2026-05-30 12:45:49.375 | DEBUG    | httpcore._trace:atrace:87 - start_tls.started ssl_context=<ssl.SSLContext object at 0x75d34617ed50> server_hostname='api.fifa.com' timeout=10.0
2026-05-30 12:45:49.385 | DEBUG    | httpcore._trace:atrace:87 - connect_tcp.complete return_value=<httpcore._backends.anyio.AnyIOStream object at 0x75d3461c1eb0>
2026-05-30 12:45:49.386 | DEBUG    | httpcore._trace:atrace:87 - start_tls.started ssl_context=<ssl.SSLContext object at 0x75d3461d89d0> server_hostname='api.fifa.com' timeout=10.0
2026-05-30 12:45:49.397 | DEBUG    | httpcore._trace:atrace:87 - connect_tcp.complete return_value=<httpcore._backends.anyio.AnyIOStream object at 0x7fd9942eccb0>
2026-05-30 12:45:49.397 | DEBUG    | httpcore._trace:atrace:87 - start_tls.started ssl_context=<ssl.SSLContext object at 0x7fd9942c28d0> server_hostname='api.fifa.com' timeout=10.0
2026-05-30 12:45:49.405 | DEBUG    | httpcore._trace:atrace:87 - start_tls.complete return_value=<httpcore._backends.anyio.AnyIOStream object at 0x7fd996a78230>
2026-05-30 12:45:49.406 | DEBUG    | httpcore._trace:atrace:87 - send_request_headers.started request=<Request [b'GET']>
2026-05-30 12:45:49.407 | DEBUG    | httpcore._trace:atrace:87 - send_request_headers.complete
2026-05-30 12:45:49.408 | DEBUG    | httpcore._trace:atrace:87 - send_request_body.started request=<Request [b'GET']>
2026-05-30 12:45:49.410 | DEBUG    | httpcore._trace:atrace:87 - start_tls.complete return_value=<httpcore._backends.anyio.AnyIOStream object at 0x75d347096870>
2026-05-30 12:45:49.410 | DEBUG    | httpcore._trace:atrace:87 - send_request_body.complete
2026-05-30 12:45:49.411 | DEBUG    | httpcore._trace:atrace:87 - receive_response_headers.started request=<Request [b'GET']>
2026-05-30 12:45:49.416 | DEBUG    | httpcore._trace:atrace:87 - send_request_headers.started request=<Request [b'GET']>
2026-05-30 12:45:49.418 | DEBUG    | httpcore._trace:atrace:87 - start_tls.complete return_value=<httpcore._backends.anyio.AnyIOStream object at 0x75d3461c3dd0>
2026-05-30 12:45:49.419 | DEBUG    | httpcore._trace:atrace:87 - send_request_headers.complete
2026-05-30 12:45:49.416 | DEBUG    | httpcore._trace:atrace:87 - receive_response_headers.complete return_value=(b'HTTP/1.1', 200, b'OK', [(b'Content-Length', b'1998'), (b'Content-Type', b'image/png'), (b'Access-Control-Expose-Headers', b'Request-Context'), (b'x-mdp-ck', b'**P**'), (b'x-mdp-rootactivityid', b'c3d732414095470f9cc52e3fb28d4c23'), (b'X-AspNet-Version', b'4.0.30319'), (b'Request-Context', b'appId=cid-v1:d6e11e63-1bc8-4e56-a695-f7ad71758c42'), (b'Arr-Disable-Session-Affinity', b'true'), (b'Cache-Control', b'public, must-revalidate, max-age=3600, s-maxage=2592000'), (b'Date', b'Sat, 30 May 2026 12:45:49 GMT'), (b'Connection', b'keep-alive'), (b'Access-Control-Allow-Origin', b'*'), (b'X-Frame-Options', b'sameorigin'), (b'Referrer-Policy', b'same-origin'), (b'X-Content-Type-Options', b'nosniff'), (b'X-XSS-Protection', b'1; mode=block'), (b'Strict-Transport-Security', b'max-age=15768000 ; includeSubDomains'), (b'Akamai-GRN', b'0.dec41302.1780145149.41fb6c'), (b'Set-Cookie', b'_abck=FB335EC05DBB19690D3A27AEA3E5A09C~-1~YAAQ3sQTAuHcc3eeAQAAW1XreA/L3RiZgti0CjPUNh3ffMZE1iAVe8ovL7CUGA2ioC/l9jnfbS7sFE1JSEG+GMoIaeN9lbghkzZ3A6oFZXsYyLcAiEHb6WflrgLrWminR4g0skIOEO9tqfgGDilreHmgJmIHbWRa28TrzAXVYPTt9CAb9p9K0z/qr6TZUu064/bhqBjZJL9FA9tv/SyJEItni5d8boRbP+gKIB8lMUgLsLToa7HZT/6JSwFe6n3OcMv6z4SGMSTlDV8zk4+FYpktpl5L3oqc2EP7XOIr39odkqqK/nKbqz2d1BDFwB8frUe3+sBzU9R/7PHd/RkaYzj82fdKkCax/d13SomQn7XFCReoM1kBwXVANzMRXrpaj3vBzuaBzorbVtW0wPqYlN1KhO/T6e6kx5uTDhDJLOcVQ89b3Mr5ILHFl50QaSpd8NF85Ry6~-1~-1~-1~-1~-1; Domain=.fifa.com; Path=/; Expires=Sun, 30 May 2027 12:45:49 GMT; Max-Age=31536000; Secure'), (b'Set-Cookie', b'bm_sz=E908F80944DC84E07CDFCCAB3221F197~YAAQ3sQTAuLcc3eeAQAAW1XreB+PGw4RTQ8dOCOpyJKJt9neotUP6Hlucr3Y72f2FGO8/zLA6iUvfIzgf87OZj+nSGlhHYxxRGBBSNQ5DQa26sWlOlpObdrQWNG4Ub7O229oO6RnyHmgAwn6M6tg2ZKfkAr40XryNbCjLbiWYMqmlPMymDHa8kd1pQ+9oxyLB0pS5J00ijoltfmZ3O6BbrdukWAopLc4DetZI5uQ+HZEefc/0rLuz8t3OqcsUwCy/ca23IRGGE90F8ZGSelN6mXUEkXWhSSX53zLHQTq6DO3cph3qseGeQXxpQWu2s4a6A1ypif6WKr9AF/Dak03cJu7iFvjjrwQ2mT1eUs=~4273202~3617080; Domain=.fifa.com; Path=/; Expires=Sat, 30 May 2026 16:45:49 GMT; Max-Age=14400')])
2026-05-30 12:45:49.419 | DEBUG    | httpcore._trace:atrace:87 - send_request_body.started request=<Request [b'GET']>
2026-05-30 12:45:49.420 | DEBUG    | httpcore._trace:atrace:87 - send_request_body.complete
2026-05-30 12:45:49.420 | DEBUG    | httpcore._trace:atrace:87 - receive_response_headers.started request=<Request [b'GET']>
2026-05-30 12:45:49.420 | INFO     | httpx._client:_send_single_request:1740 - HTTP Request: GET https://api.fifa.com/api/v3/picture/flags-sq-1/CZE "HTTP/1.1 200 OK"
2026-05-30 12:45:49.421 | DEBUG    | httpcore._trace:atrace:87 - send_request_headers.started request=<Request [b'GET']>
2026-05-30 12:45:49.421 | DEBUG    | httpcore._trace:atrace:87 - receive_response_body.started request=<Request [b'GET']>
2026-05-30 12:45:49.423 | DEBUG    | httpcore._trace:atrace:87 - send_request_headers.complete
2026-05-30 12:45:49.424 | DEBUG    | httpcore._trace:atrace:87 - send_request_body.started request=<Request [b'GET']>
2026-05-30 12:45:49.422 | DEBUG    | httpcore._trace:atrace:87 - receive_response_body.complete
2026-05-30 12:45:49.425 | DEBUG    | httpcore._trace:atrace:87 - send_request_body.complete
2026-05-30 12:45:49.425 | DEBUG    | httpcore._trace:atrace:87 - receive_response_headers.started request=<Request [b'GET']>
2026-05-30 12:45:49.424 | DEBUG    | httpcore._trace:atrace:87 - response_closed.started
2026-05-30 12:45:49.425 | DEBUG    | httpcore._trace:atrace:87 - response_closed.complete
2026-05-30 12:45:49.428 | DEBUG    | httpcore._trace:atrace:87 - close.started
2026-05-30 12:45:49.429 | DEBUG    | httpcore._trace:atrace:87 - close.complete
2026-05-30 12:45:49.431 | INFO     | uvicorn.protocols.http.httptools_impl:send:484 - 172.19.0.1:51236 - "GET /api/v1/teams/flags/flags-sq-1/CZE HTTP/1.1" 200
2026-05-30 12:45:49.433 | DEBUG    | httpcore._trace:atrace:87 - start_tls.complete return_value=<httpcore._backends.anyio.AnyIOStream object at 0x75d3461c2990>
2026-05-30 12:45:49.435 | DEBUG    | httpcore._trace:atrace:87 - send_request_headers.started request=<Request [b'GET']>
2026-05-30 12:45:49.436 | DEBUG    | httpcore._trace:atrace:87 - send_request_headers.complete
2026-05-30 12:45:49.437 | DEBUG    | httpcore._trace:atrace:87 - send_request_body.started request=<Request [b'GET']>
2026-05-30 12:45:49.438 | DEBUG    | httpcore._trace:atrace:87 - send_request_body.complete
2026-05-30 12:45:49.438 | DEBUG    | httpcore._trace:atrace:87 - receive_response_headers.started request=<Request [b'GET']>
2026-05-30 12:45:49.440 | DEBUG    | httpcore._trace:atrace:87 - start_tls.complete return_value=<httpcore._backends.anyio.AnyIOStream object at 0x7fd995215430>
2026-05-30 12:45:49.443 | DEBUG    | httpcore._trace:atrace:87 - send_request_headers.started request=<Request [b'GET']>
2026-05-30 12:45:49.446 | DEBUG    | httpcore._trace:atrace:87 - send_request_headers.complete
2026-05-30 12:45:49.447 | DEBUG    | httpcore._trace:atrace:87 - send_request_body.started request=<Request [b'GET']>
2026-05-30 12:45:49.448 | DEBUG    | httpcore._trace:atrace:87 - send_request_body.complete
2026-05-30 12:45:49.448 | DEBUG    | httpcore._trace:atrace:87 - receive_response_headers.started request=<Request [b'GET']>
2026-05-30 12:45:49.450 | INFO     | app.api.v1.endpoints.teams:get_flag_proxy:77 - Flag not cached. Proxying from FIFA: https://api.fifa.com/api/v3/picture/flags-sq-1/COD
2026-05-30 12:45:49.468 | DEBUG    | httpcore._trace:atrace:87 - receive_response_headers.complete return_value=(b'HTTP/1.1', 200, b'OK', [(b'Content-Length', b'1575'), (b'Content-Type', b'image/png'), (b'Access-Control-Expose-Headers', b'Request-Context'), (b'x-mdp-ck', b'**P**'), (b'x-mdp-rootactivityid', b'3c2faf93011848ee9f7bc28d887f2b1b'), (b'X-AspNet-Version', b'4.0.30319'), (b'Request-Context', b'appId=cid-v1:d6e11e63-1bc8-4e56-a695-f7ad71758c42'), (b'Arr-Disable-Session-Affinity', b'true'), (b'Cache-Control', b'public, must-revalidate, max-age=3600, s-maxage=2592000'), (b'Date', b'Sat, 30 May 2026 12:45:49 GMT'), (b'Connection', b'keep-alive'), (b'Access-Control-Allow-Origin', b'*'), (b'X-Frame-Options', b'sameorigin'), (b'Referrer-Policy', b'same-origin'), (b'X-Content-Type-Options', b'nosniff'), (b'X-XSS-Protection', b'1; mode=block'), (b'Strict-Transport-Security', b'max-age=15768000 ; includeSubDomains'), (b'Akamai-GRN', b'0.dec41302.1780145149.41fb88'), (b'Set-Cookie', b'_abck=81C72D391C2D418ABBC7BB56D6B6FC1B~-1~YAAQ3sQTAuPcc3eeAQAAklXreA8zLQA9/Nh0PBk1QfdSQ5E2PI9vT3JKpP3VQlEEDy2wdid3x+fu24fNIVacADm/HzqmWhOOQlTtEubsF5J0ImGqddjJCRTt+TbPMHmo9SbVyTJNsmcN7dc5rbChwP361YXM3PElOhr51nXakmTNxX758zmCJZ3E+nI7fMZgQ8wNHLSLHeyhQWVzhrEFJuGiWtjhjrzGRcSlB38FAnskVgJF0XI+sWjfiKpyeVrR6j3qTHoddGfAwd4zGAqA8FqNIMYd2WZdf/tgTIhbNX7gCzv5RaKzwCP/8LR6aasjyEPRDpXVgPwpEAZ4v+107/oo7wQUujzM1aLs+MCj5GdbDms1+glvt3L9x3EiiAXcsNF2xFlwXz3CSnVv1Rmx8hbInGd1Mu4m44zJ0ACv/0XJAumIBcXqDXRBA98ex/M9TzOrt75F~-1~-1~-1~-1~-1; Domain=.fifa.com; Path=/; Expires=Sun, 30 May 2027 12:45:49 GMT; Max-Age=31536000; Secure'), (b'Set-Cookie', b'bm_sz=0F86487720E78F8233859859B7CED97B~YAAQ3sQTAuTcc3eeAQAAk1XreB/GBx8gpqATGAQU+VIriYIpjfPJgfgSvCNOzlAQbQ/UEEA2jQNzbbRTY3JrxbrWLokdQ2NK9sxVI2Jgh4Bjo8qJx52jm9/YhfzUjbjs5fLRo9El1u/AEgjcb23mht977nAS00k3sDfa+QjoX/vt7yK/GXilEqtLwV6zTpYVcq+qY8qwIjfqjpKNif5KW2qMlx+l35P7VinAoU7Z7XtJQ7/FFolscn13s+sZxezQTdfDBCxGiLFJt159WNXLFXng1LR3KJujvh1gvl1D7ozwPOALMlxC+lkPfP493BFVlPknp6MO7jHKCuM8FZ2azCcaB0GoVGZl2VAqGzI=~4273202~3617080; Domain=.fifa.com; Path=/; Expires=Sat, 30 May 2026 16:45:49 GMT; Max-Age=14400')])
2026-05-30 12:45:49.471 | INFO     | httpx._client:_send_single_request:1740 - HTTP Request: GET https://api.fifa.com/api/v3/picture/flags-sq-1/USA "HTTP/1.1 200 OK"
2026-05-30 12:45:49.472 | DEBUG    | httpcore._trace:atrace:87 - receive_response_body.started request=<Request [b'GET']>
2026-05-30 12:45:49.472 | DEBUG    | httpcore._trace:atrace:87 - connect_tcp.started host='api.fifa.com' port=443 local_address=None timeout=10.0 socket_options=None
2026-05-30 12:45:49.473 | DEBUG    | httpcore._trace:atrace:87 - receive_response_body.complete
2026-05-30 12:45:49.477 | DEBUG    | httpcore._trace:atrace:87 - response_closed.started
2026-05-30 12:45:49.475 | DEBUG    | httpcore._trace:atrace:87 - receive_response_headers.complete return_value=(b'HTTP/1.1', 200, b'OK', [(b'Content-Length', b'2155'), (b'Content-Type', b'image/png'), (b'Access-Control-Expose-Headers', b'Request-Context'), (b'x-mdp-ck', b'**P**'), (b'x-mdp-rootactivityid', b'36e783c748cc4e498764bc721a8badfc'), (b'X-AspNet-Version', b'4.0.30319'), (b'Request-Context', b'appId=cid-v1:d6e11e63-1bc8-4e56-a695-f7ad71758c42'), (b'Arr-Disable-Session-Affinity', b'true'), (b'Cache-Control', b'public, must-revalidate, max-age=3600, s-maxage=2592000'), (b'Date', b'Sat, 30 May 2026 12:45:49 GMT'), (b'Connection', b'keep-alive'), (b'Access-Control-Allow-Origin', b'*'), (b'X-Frame-Options', b'sameorigin'), (b'Referrer-Policy', b'same-origin'), (b'X-Content-Type-Options', b'nosniff'), (b'X-XSS-Protection', b'1; mode=block'), (b'Strict-Transport-Security', b'max-age=15768000 ; includeSubDomains'), (b'Akamai-GRN', b'0.d5c41302.1780145149.184010f4'), (b'Set-Cookie', b'_abck=BD6F5DA839D645180F047FD01B1A91E6~-1~YAAQ1cQTAnDmKECeAQAAgVXreA+WZnI18TiUGvCFof76F4RBWLBISKLctZLRH0tlOV8nsAqkuMbwtSedEflnTrbUh5zwbzqU+L/uwLI1WXDDqisWfutoOsEOG5bg32tda34BOMSBSsxW3Xt0fPCXEoy2Q+nwJm5lCDthisJHRlEwEbU+ucTg6ZEQB9COJZVZPv36Ad0smizsweGC5VWXK2SRhgKUketaFL0bbjMC5XIOSidvjwcJrTK5OT0qWXGdPDPgRaSOzW2UvS0f+xTxMZkqjPxwm3OFLWTzFnZdGcZR8sfBDr/scc4z+3BxQrtOxmbo9efQpfTcHUu0ZmSZjY7V+u4rIYdJQNkH9flDuuYJKNum3WSixx/tDNGq0ld7/1gwEjjByB9MD5WiaQrvMFtM0+VaW34kxC0s6y1CKSEfwbpwkqzfk6I/6fca3D9FLirlrv8U~-1~-1~-1~-1~-1; Domain=.fifa.com; Path=/; Expires=Sun, 30 May 2027 12:45:49 GMT; Max-Age=31536000; Secure'), (b'Set-Cookie', b'bm_sz=E0F81D13636F835DD29F1266AE181E88~YAAQ1cQTAnHmKECeAQAAgVXreB+jp3ez/1iCOTZZW4ABfz7ruTX5Om0YGXe1m0H+Pu2Dd2s3aQBeG9UyABPG2i0sKDQ3bYCUauaqoykRjXvaLr0O1rLIhHYY0Z6imfWxHLylYXZ9ZkHMF1zyQKMAI0ejzpe0hbdMtWh/6BxhcvZ/Fcl3LYzrW4WN615fU8liBfy3YFOVEQqFERHsqMUmsCfNf51AYMJNP3MrVNK8vDlBCsqISgnYGWFBnk+CmOvkpcGZE44vRQjnV9V+2mjYJp0uM35sglycdE2kXesonoD0Uc6YDhS+IB8ZIaTz9zlLA6EgTKea474nz7xpXtb67pX9dFWfQys7lIAolFA=~4273202~3617080; Domain=.fifa.com; Path=/; Expires=Sat, 30 May 2026 16:45:49 GMT; Max-Age=14400')])
2026-05-30 12:45:49.479 | DEBUG    | httpcore._trace:atrace:87 - response_closed.complete
2026-05-30 12:45:49.477 | INFO     | httpx._client:_send_single_request:1740 - HTTP Request: GET https://api.fifa.com/api/v3/picture/flags-sq-1/JOR "HTTP/1.1 200 OK"
2026-05-30 12:45:49.483 | DEBUG    | httpcore._trace:atrace:87 - close.started
2026-05-30 12:45:49.478 | DEBUG    | httpcore._trace:atrace:87 - receive_response_body.started request=<Request [b'GET']>
2026-05-30 12:45:49.479 | DEBUG    | httpcore._trace:atrace:87 - receive_response_body.complete
2026-05-30 12:45:49.484 | DEBUG    | httpcore._trace:atrace:87 - response_closed.started
2026-05-30 12:45:49.486 | DEBUG    | httpcore._trace:atrace:87 - receive_response_headers.complete return_value=(b'HTTP/1.1', 200, b'OK', [(b'Content-Length', b'1594'), (b'Content-Type', b'image/png'), (b'Access-Control-Expose-Headers', b'Request-Context'), (b'x-mdp-ck', b'**P**'), (b'x-mdp-rootactivityid', b'9a11d00a1e974743aa8c008d0f4f09a4'), (b'X-AspNet-Version', b'4.0.30319'), (b'Request-Context', b'appId=cid-v1:d6e11e63-1bc8-4e56-a695-f7ad71758c42'), (b'Arr-Disable-Session-Affinity', b'true'), (b'Cache-Control', b'public, must-revalidate, max-age=3600, s-maxage=2592000'), (b'Date', b'Sat, 30 May 2026 12:45:49 GMT'), (b'Connection', b'keep-alive'), (b'Access-Control-Allow-Origin', b'*'), (b'X-Frame-Options', b'sameorigin'), (b'Referrer-Policy', b'same-origin'), (b'X-Content-Type-Options', b'nosniff'), (b'X-XSS-Protection', b'1; mode=block'), (b'Strict-Transport-Security', b'max-age=15768000 ; includeSubDomains'), (b'Akamai-GRN', b'0.dec41302.1780145149.41fb8e'), (b'Set-Cookie', b'_abck=9C1B73BD92C2A20FA67C04E199712B90~-1~YAAQ3sQTAuXcc3eeAQAAm1XreA/95Zc76o5UxvYd3ICF+MZtcCPeZim94OBWTpYkn7x8mdrheVW+foH9FibAeAJQBWSenJRYgKFQFlWeFz2icuNtbDVG11RpwrXpcGFXaGX5Mp7iIfukLAlAS0E14gY9JHIlqnR7sIrOk9hktaBmMGrWR1TSPkwE+rjhl+58ZGyxIT5+IzzOnfetY6CeR54VfUZHER5VbCfsC9EwuOSbKCXLXxj5CgN2zkVOw1XAwMkTfrp7ldwgFyhr2hR2Oj1b3UG9uWlirFDoZbDmggAPARRluL+hUyE+n7xtIYjWkmdhb3iUgpR+EYNS1eYRUtxJMeEVJOGG3PGHCXsTfeqRGngBaatFJBAxyKqU2doGZZunV7h0uk7cLKxR7aemwMnM+oXFg7+D5rZ99CgW9cCYhAmagVGffDLeNjVQXWXGYTwiaZPG~-1~-1~-1~-1~-1; Domain=.fifa.com; Path=/; Expires=Sun, 30 May 2027 12:45:49 GMT; Max-Age=31536000; Secure'), (b'Set-Cookie', b'bm_sz=47D9E7A3003A7805267D30E292F240B4~YAAQ3sQTAubcc3eeAQAAm1XreB/tUQgsucp9xYuGX5GWhiHKvueNYAYLU4Gnbq2XT3yOCBtRoP5006uJy4mEaoLpckzi/zGH2+2HI83SbqSOGof/jOD3DE/ubumhnzw2CGBOzvUe2/8zUNS9oyhRB5vQnn5xZ0PLoKWpdENEBXuY84aQLRqKehKtbbYsgZjyw9rNKIF/ymbLVHtJCt8hZE0JSQoDybxQJpY/FaaM61ALYRShpJIM/qyYGmj/l0D41R7/mHCnANSwRoXvht4dmhfTUEcVKoaB8UuMyvfDXWVB5Uzygj9fMGdWOkaYCMiVSdiwaQ1soOTPTxa0/0AGplQEcisOHqGsrQSlYgw=~4273202~3617080; Domain=.fifa.com; Path=/; Expires=Sat, 30 May 2026 16:45:49 GMT; Max-Age=14400')])
2026-05-30 12:45:49.487 | DEBUG    | httpcore._trace:atrace:87 - response_closed.complete
2026-05-30 12:45:49.488 | INFO     | httpx._client:_send_single_request:1740 - HTTP Request: GET https://api.fifa.com/api/v3/picture/flags-sq-1/SWE "HTTP/1.1 200 OK"
2026-05-30 12:45:49.489 | DEBUG    | httpcore._trace:atrace:87 - receive_response_body.started request=<Request [b'GET']>
2026-05-30 12:45:49.489 | DEBUG    | httpcore._trace:atrace:87 - close.started
2026-05-30 12:45:49.490 | DEBUG    | httpcore._trace:atrace:87 - receive_response_body.complete
2026-05-30 12:45:49.490 | DEBUG    | httpcore._trace:atrace:87 - close.complete
2026-05-30 12:45:49.491 | DEBUG    | httpcore._trace:atrace:87 - response_closed.started
2026-05-30 12:45:49.492 | INFO     | uvicorn.protocols.http.httptools_impl:send:484 - 172.19.0.1:51242 - "GET /api/v1/teams/flags/flags-sq-1/JOR HTTP/1.1" 200
2026-05-30 12:45:49.492 | DEBUG    | httpcore._trace:atrace:87 - close.complete
2026-05-30 12:45:49.494 | DEBUG    | httpcore._trace:atrace:87 - response_closed.complete
2026-05-30 12:45:49.498 | INFO     | app.api.v1.endpoints.teams:get_flag_proxy:77 - Flag not cached. Proxying from FIFA: https://api.fifa.com/api/v3/picture/flags-sq-1/TUN
2026-05-30 12:45:49.498 | DEBUG    | httpcore._trace:atrace:87 - close.started
2026-05-30 12:45:49.502 | DEBUG    | httpcore._trace:atrace:87 - receive_response_headers.complete return_value=(b'HTTP/1.1', 200, b'OK', [(b'Content-Length', b'1435'), (b'Content-Type', b'image/png'), (b'Access-Control-Expose-Headers', b'Request-Context'), (b'OutputCachingAttribute', b'1'), (b'x-mdp-rootactivityid', b'eae05c12a8a145a994ce395665e37452'), (b'X-AspNet-Version', b'4.0.30319'), (b'Request-Context', b'appId=cid-v1:d6e11e63-1bc8-4e56-a695-f7ad71758c42'), (b'Arr-Disable-Session-Affinity', b'true'), (b'Cache-Control', b'public, must-revalidate, max-age=3600, s-maxage=2592000'), (b'Date', b'Sat, 30 May 2026 12:45:49 GMT'), (b'Connection', b'keep-alive'), (b'Access-Control-Allow-Origin', b'*'), (b'X-Frame-Options', b'sameorigin'), (b'Referrer-Policy', b'same-origin'), (b'X-Content-Type-Options', b'nosniff'), (b'X-XSS-Protection', b'1; mode=block'), (b'Strict-Transport-Security', b'max-age=15768000 ; includeSubDomains'), (b'Akamai-GRN', b'0.d5c41302.1780145149.18401101'), (b'Set-Cookie', b'_abck=440DF843925202D9A3CB5E3B29AD3E59~-1~YAAQ1cQTAnPmKECeAQAAnVXreA+IbOSrXLjjaV9wLlk7KfiBgVS16KwKd3wwRtnkwPnqcK50uw+gNvGDWTO7YONoFyOelPRoeBVdLFltNPurc/MEy4jXZfX06hivrA+wPoxEueof7G6chHDFyIorxq7rT9Oof2KRbJG9KY74lbKU5fshsjkoqNEL53iRHyTUEw8MAI7B5bVS159rE/lUnA2vVHyQfq4458HpBRtBY1BK6oq7Ri5b2h+Cxd3q8iV7wK/kWvot3CO5wUT88xYSH5xcO9c9Z2gmN9YMUUX5+AemjdIMx+Kbus60PNTzN60QLqNIs3dQ8XWnGXV4r61COwz4mrQoWje7v5fzatiP/7MZ0FgMS4zQ8hNA4dy3DyoqO/XhQgS4cf8o4GLnef/2JsL5uby9cdLbuSxQ8611cF2hHSnl7hU4Qfj5uJ/wfwMky2tuiP1N~-1~-1~-1~-1~-1; Domain=.fifa.com; Path=/; Expires=Sun, 30 May 2027 12:45:49 GMT; Max-Age=31536000; Secure'), (b'Set-Cookie', b'bm_sz=C0C9844D5D4BF2D21C816B630E5486A7~YAAQ1cQTAnTmKECeAQAAnVXreB8W7OcHyYooL08HKoxNCTUCdp4IqtsLy7ZxXOz63ddvshXDrzUOLJ/uJ9/UmTTwEM0LAFv4oOYPwefV3eoBsXPG/Lz9J4qxjLSpHhMtupiSADALzC4uErtStvo60q1YT9ISuInum4wk295sPBdInrZHZaMLHaXFKheB3abjooI7IPtL8nBMV4nwnKGbppIzLwpx8V+/KJOk/TJ1fbEIJKDhfKpMwNpJDJEyTw1mjchN+8BNcAybxqUTCQ4kItppDzjxbvwM/vo5KCZD2UUqsubwQng575Y7s+gsSy61AFBHWCSYHbm5rTj8jv0KRzTwtVKBU3jhrpf0iDw=~4273202~3617080; Domain=.fifa.com; Path=/; Expires=Sat, 30 May 2026 16:45:49 GMT; Max-Age=14400')])
2026-05-30 12:45:49.503 | INFO     | httpx._client:_send_single_request:1740 - HTTP Request: GET https://api.fifa.com/api/v3/picture/flags-sq-1/EGY "HTTP/1.1 200 OK"
2026-05-30 12:45:49.504 | DEBUG    | httpcore._trace:atrace:87 - receive_response_body.started request=<Request [b'GET']>
2026-05-30 12:45:49.505 | DEBUG    | httpcore._trace:atrace:87 - receive_response_body.complete
2026-05-30 12:45:49.505 | DEBUG    | httpcore._trace:atrace:87 - response_closed.started
2026-05-30 12:45:49.506 | DEBUG    | httpcore._trace:atrace:87 - close.complete
2026-05-30 12:45:49.507 | DEBUG    | httpcore._trace:atrace:87 - response_closed.complete
2026-05-30 12:45:49.509 | DEBUG    | httpcore._trace:atrace:87 - close.started
2026-05-30 12:45:49.510 | DEBUG    | httpcore._trace:atrace:87 - close.complete
2026-05-30 12:45:49.511 | INFO     | uvicorn.protocols.http.httptools_impl:send:484 - 172.19.0.1:51224 - "GET /api/v1/teams/flags/flags-sq-1/USA HTTP/1.1" 200
2026-05-30 12:45:49.512 | INFO     | uvicorn.protocols.http.httptools_impl:send:484 - 172.19.0.1:51268 - "GET /api/v1/teams/flags/flags-sq-1/SWE HTTP/1.1" 200
2026-05-30 12:45:49.513 | INFO     | uvicorn.protocols.http.httptools_impl:send:484 - 172.19.0.1:51260 - "GET /api/v1/teams/flags/flags-sq-1/EGY HTTP/1.1" 200
2026-05-30 12:45:49.521 | INFO     | app.api.v1.endpoints.teams:get_flag_proxy:77 - Flag not cached. Proxying from FIFA: https://api.fifa.com/api/v3/picture/flags-sq-1/IRQ
2026-05-30 12:45:49.524 | DEBUG    | httpcore._trace:atrace:87 - connect_tcp.started host='api.fifa.com' port=443 local_address=None timeout=10.0 socket_options=None
2026-05-30 12:45:49.526 | DEBUG    | httpcore._trace:atrace:87 - receive_response_headers.complete return_value=(b'HTTP/1.1', 200, b'OK', [(b'Content-Length', b'1037'), (b'Content-Type', b'image/png'), (b'Access-Control-Expose-Headers', b'Request-Context'), (b'x-mdp-ck', b'**P**'), (b'x-mdp-rootactivityid', b'a27a3040fd994bdbafb7f74f1960e0bc'), (b'X-AspNet-Version', b'4.0.30319'), (b'Request-Context', b'appId=cid-v1:d6e11e63-1bc8-4e56-a695-f7ad71758c42'), (b'Arr-Disable-Session-Affinity', b'true'), (b'Cache-Control', b'public, must-revalidate, max-age=3600, s-maxage=2592000'), (b'Date', b'Sat, 30 May 2026 12:45:49 GMT'), (b'Connection', b'keep-alive'), (b'Access-Control-Allow-Origin', b'*'), (b'X-Frame-Options', b'sameorigin'), (b'Referrer-Policy', b'same-origin'), (b'X-Content-Type-Options', b'nosniff'), (b'X-XSS-Protection', b'1; mode=block'), (b'Strict-Transport-Security', b'max-age=15768000 ; includeSubDomains'), (b'Akamai-GRN', b'0.d5c41302.1780145149.18401102'), (b'Set-Cookie', b'_abck=B5E682FB5705615A4BC968432BF8A1D1~-1~YAAQ1cQTAnXmKECeAQAAp1XreA/DE3LNG2YN63wu20Qi66nOS3zAeqOyHaVrJ06PGIBNfJTIcpos2huTXjlUNxuOnj66ZKgKdeRd1Whh2OPL8YVUiQ+VNoaXf+x2BWqirCh5lA7SyqDPC9cVZodkavdJ+5wOQxdhtH+wlKwC7yW2bFdBjoWWRuOtbEvtZW3wi81tdDskxEoAc5DsK5vuS8aGT5Ig6gwZvLTD/mt3Tx/bzalbah5ihKZju/ZuQWmanbJyZAXQogDY6XX+uxm2aGvf9pm5d5tx2uTfkV04Rjebc3ovgT2+7U0sRybU4lWtZthxCDpaF7AMN2oz1we63VSVlRX4FTYLdBC/b917jZ8rfAUCanB/71hBfaINlHjw7eZgaG/TZ3pgM/KL/o7R6utqn3H0LYpbU8SHs9J6h8kZem0vGIyDJrpv18VxjnfKXPEMSaTv~-1~-1~-1~-1~-1; Domain=.fifa.com; Path=/; Expires=Sun, 30 May 2027 12:45:49 GMT; Max-Age=31536000; Secure'), (b'Set-Cookie', b'bm_sz=A2049AF72FEC554BE5655D918EAC22EB~YAAQ1cQTAnbmKECeAQAAp1XreB8kY2yylVHBBU8R+jIJN6BTH+W7T5I/ttdpdOfUnfuBHFyBLeIoLrzcBAIfBO/wCdxROwdo9Yaq9m8vgTkLFlXETBmDEdDe4/qJvQxP1KYpZnmWghdgcVPKY00y+84UP//QKmfpewEb+7zCExz9xmMnkxs4W/mxa0eMMIHjGxkMZH/71ng6duggSYwjDrnx0nGl/jXIhr1Z3VhYpUgGyneRoeoypjZ+rUOzRkDUVQSCMrXmcPION55OppCJ7zPMwIqdd1eHbQzZt5Rx+MItWp7U+LyHcb/eo4eJscsoEKkbl1FXD1di1rG3+wsIRtRBN43fkrq4W/RPa4E=~4273202~3617080; Domain=.fifa.com; Path=/; Expires=Sat, 30 May 2026 16:45:49 GMT; Max-Age=14400')])
2026-05-30 12:45:49.528 | INFO     | httpx._client:_send_single_request:1740 - HTTP Request: GET https://api.fifa.com/api/v3/picture/flags-sq-1/CIV "HTTP/1.1 200 OK"
2026-05-30 12:45:49.529 | DEBUG    | httpcore._trace:atrace:87 - receive_response_body.started request=<Request [b'GET']>
2026-05-30 12:45:49.530 | DEBUG    | httpcore._trace:atrace:87 - receive_response_body.complete
2026-05-30 12:45:49.532 | DEBUG    | httpcore._trace:atrace:87 - response_closed.started
2026-05-30 12:45:49.535 | DEBUG    | httpcore._trace:atrace:87 - response_closed.complete
2026-05-30 12:45:49.539 | DEBUG    | httpcore._trace:atrace:87 - close.started
2026-05-30 12:45:49.540 | DEBUG    | httpcore._trace:atrace:87 - close.complete
2026-05-30 12:45:49.542 | DEBUG    | httpcore._trace:atrace:87 - connect_tcp.complete return_value=<httpcore._backends.anyio.AnyIOStream object at 0x7fd994ed6840>
2026-05-30 12:45:49.543 | DEBUG    | httpcore._trace:atrace:87 - start_tls.started ssl_context=<ssl.SSLContext object at 0x7fd99431cc50> server_hostname='api.fifa.com' timeout=10.0
2026-05-30 12:45:49.548 | INFO     | uvicorn.protocols.http.httptools_impl:send:484 - 172.19.0.1:51244 - "GET /api/v1/teams/flags/flags-sq-1/CIV HTTP/1.1" 200
2026-05-30 12:45:49.556 | INFO     | app.api.v1.endpoints.teams:get_flag_proxy:77 - Flag not cached. Proxying from FIFA: https://api.fifa.com/api/v3/picture/flags-sq-1/KSA
2026-05-30 12:45:49.563 | DEBUG    | httpcore._trace:atrace:87 - connect_tcp.started host='api.fifa.com' port=443 local_address=None timeout=10.0 socket_options=None
2026-05-30 12:45:49.576 | INFO     | app.api.v1.endpoints.teams:get_flag_proxy:77 - Flag not cached. Proxying from FIFA: https://api.fifa.com/api/v3/picture/flags-sq-1/BIH
2026-05-30 12:45:49.584 | DEBUG    | httpcore._trace:atrace:87 - connect_tcp.started host='api.fifa.com' port=443 local_address=None timeout=10.0 socket_options=None
2026-05-30 12:45:49.589 | DEBUG    | httpcore._trace:atrace:87 - start_tls.complete return_value=<httpcore._backends.anyio.AnyIOStream object at 0x7fd995ef6540>
2026-05-30 12:45:49.590 | DEBUG    | httpcore._trace:atrace:87 - send_request_headers.started request=<Request [b'GET']>
2026-05-30 12:45:49.592 | DEBUG    | httpcore._trace:atrace:87 - connect_tcp.complete return_value=<httpcore._backends.anyio.AnyIOStream object at 0x7fd994eec620>
2026-05-30 12:45:49.593 | DEBUG    | httpcore._trace:atrace:87 - start_tls.started ssl_context=<ssl.SSLContext object at 0x7fd9942c01d0> server_hostname='api.fifa.com' timeout=10.0
2026-05-30 12:45:49.595 | DEBUG    | httpcore._trace:atrace:87 - send_request_headers.complete
2026-05-30 12:45:49.596 | DEBUG    | httpcore._trace:atrace:87 - send_request_body.started request=<Request [b'GET']>
2026-05-30 12:45:49.597 | DEBUG    | httpcore._trace:atrace:87 - send_request_body.complete
2026-05-30 12:45:49.602 | DEBUG    | httpcore._trace:atrace:87 - receive_response_headers.started request=<Request [b'GET']>
2026-05-30 12:45:49.609 | INFO     | app.api.v1.endpoints.teams:get_flag_proxy:77 - Flag not cached. Proxying from FIFA: https://api.fifa.com/api/v3/picture/flags-sq-1/NZL
2026-05-30 12:45:49.644 | DEBUG    | httpcore._trace:atrace:87 - connect_tcp.started host='api.fifa.com' port=443 local_address=None timeout=10.0 socket_options=None
2026-05-30 12:45:49.654 | DEBUG    | httpcore._trace:atrace:87 - receive_response_headers.complete return_value=(b'HTTP/1.1', 200, b'OK', [(b'Content-Length', b'3365'), (b'Content-Type', b'image/png'), (b'Access-Control-Expose-Headers', b'Request-Context'), (b'x-mdp-ck', b'**P**'), (b'x-mdp-rootactivityid', b'0bc55b3bc70840b48eb411fa78495392'), (b'X-AspNet-Version', b'4.0.30319'), (b'Request-Context', b'appId=cid-v1:d6e11e63-1bc8-4e56-a695-f7ad71758c42'), (b'Arr-Disable-Session-Affinity', b'true'), (b'Cache-Control', b'public, must-revalidate, max-age=3600, s-maxage=2592000'), (b'Date', b'Sat, 30 May 2026 12:45:49 GMT'), (b'Connection', b'keep-alive'), (b'Access-Control-Allow-Origin', b'*'), (b'X-Frame-Options', b'sameorigin'), (b'Referrer-Policy', b'same-origin'), (b'X-Content-Type-Options', b'nosniff'), (b'X-XSS-Protection', b'1; mode=block'), (b'Strict-Transport-Security', b'max-age=15768000 ; includeSubDomains'), (b'Akamai-GRN', b'0.d5c41302.1780145149.18401149'), (b'Set-Cookie', b'_abck=1A4C2A8C818727D8E8E19A27F79D18BD~-1~YAAQ1cQTAnfmKECeAQAAPFbreA9ikt+MzPhIYf3P0cM51pXX4lenep/0xLYHZvXrAEm5qUFC2S3X2Le1IqABxENBIGFHsWKcszcCusYOHxsZBKV8UKY1Lp6J2nFShz4Jd56dgMUdvkBEmGMvEytiSR4fWAK+yOvrVlPLtahr2KgxM8aAs8km8kiAcr06jc/gEcGAKPC79qGLcFIZpAwTnE2QwSweMPBHd2XJptQMZXHf6XoUvxY0aBV/fGyrLNXS90J/m21JhTE3MESwjDbA2FASHnszT46GVIj1MCT0wyB5L8Dcs1BUysuokTKeVc09/1pqkiL2Z3Ojo7CYO8CI5uaYNibxHvuUJMl3/yK2U2iuwKXd3h/no5YVTFrzjTNYEWSJKcQmFWoi49TWaqTxkUA6G9MBEZYVh11hXgk9/jc8e6cdDvTTS5LSWsnXq1DHz50DDJz9~-1~-1~-1~-1~-1; Domain=.fifa.com; Path=/; Expires=Sun, 30 May 2027 12:45:49 GMT; Max-Age=31536000; Secure'), (b'Set-Cookie', b'bm_sz=321E134E2F886FDFB2731020CF741FF2~YAAQ1cQTAnjmKECeAQAAPFbreB8MCWpCcpDwRcUS+0Zq7p/QGV+d0AHW1Zl1nP6gzeOxfBPxFKYvPyCsuJ63CAEcls2W8eGLOK1x6ORc/mrCTUuOLTgYimzjNl/mqrU8yMzsnDI3/f3CRzKH1Gc1RbSrld75IJy44NfT7TzORrbvHgPj8u/wQc2sBzvWa+Y+hjq1T07Dk0UvzDlxQN9rfS/ivkkVuIj8VhuHaQjo4QPYYqlNJ50k8/TiF1YMBvkF8aQInjDmDmNSsoRCdPSYrUGl1LPLwMJLChdCB/3s00+lAEYpSEipjOL6gM6xwdaUrFyUDTrhRL0fPuYfsbTCw/jcrDGXMqBf76DrEZg=~4273202~3617080; Domain=.fifa.com; Path=/; Expires=Sat, 30 May 2026 16:45:49 GMT; Max-Age=14400')])
2026-05-30 12:45:49.651 | DEBUG    | httpcore._trace:atrace:87 - connect_tcp.started host='api.fifa.com' port=443 local_address=None timeout=10.0 socket_options=None
2026-05-30 12:45:49.656 | INFO     | httpx._client:_send_single_request:1740 - HTTP Request: GET https://api.fifa.com/api/v3/picture/flags-sq-1/COD "HTTP/1.1 200 OK"
2026-05-30 12:45:49.657 | DEBUG    | httpcore._trace:atrace:87 - receive_response_body.started request=<Request [b'GET']>
2026-05-30 12:45:49.657 | DEBUG    | httpcore._trace:atrace:87 - receive_response_body.complete
2026-05-30 12:45:49.658 | DEBUG    | httpcore._trace:atrace:87 - response_closed.started
2026-05-30 12:45:49.658 | DEBUG    | httpcore._trace:atrace:87 - response_closed.complete
2026-05-30 12:45:49.660 | DEBUG    | httpcore._trace:atrace:87 - close.started
2026-05-30 12:45:49.661 | DEBUG    | httpcore._trace:atrace:87 - close.complete
2026-05-30 12:45:49.661 | DEBUG    | httpcore._trace:atrace:87 - connect_tcp.complete return_value=<httpcore._backends.anyio.AnyIOStream object at 0x7fd994c096a0>
2026-05-30 12:45:49.662 | DEBUG    | httpcore._trace:atrace:87 - start_tls.started ssl_context=<ssl.SSLContext object at 0x7fd9942c3150> server_hostname='api.fifa.com' timeout=10.0
2026-05-30 12:45:49.666 | INFO     | uvicorn.protocols.http.httptools_impl:send:484 - 172.19.0.1:51236 - "GET /api/v1/teams/flags/flags-sq-1/COD HTTP/1.1" 200
2026-05-30 12:45:49.675 | INFO     | app.api.v1.endpoints.teams:get_flag_proxy:77 - Flag not cached. Proxying from FIFA: https://api.fifa.com/api/v3/picture/flags-sq-1/CPV
2026-05-30 12:45:49.693 | DEBUG    | httpcore._trace:atrace:87 - connect_tcp.started host='api.fifa.com' port=443 local_address=None timeout=10.0 socket_options=None
2026-05-30 12:45:49.707 | DEBUG    | httpcore._trace:atrace:87 - connect_tcp.complete return_value=<httpcore._backends.anyio.AnyIOStream object at 0x75d346183200>
2026-05-30 12:45:49.707 | DEBUG    | httpcore._trace:atrace:87 - start_tls.started ssl_context=<ssl.SSLContext object at 0x75d346b0ff50> server_hostname='api.fifa.com' timeout=10.0
2026-05-30 12:45:49.706 | DEBUG    | httpcore._trace:atrace:87 - start_tls.complete return_value=<httpcore._backends.anyio.AnyIOStream object at 0x7fd994306150>
2026-05-30 12:45:49.709 | DEBUG    | httpcore._trace:atrace:87 - send_request_headers.started request=<Request [b'GET']>
2026-05-30 12:45:49.713 | DEBUG    | httpcore._trace:atrace:87 - send_request_headers.complete
2026-05-30 12:45:49.714 | DEBUG    | httpcore._trace:atrace:87 - send_request_body.started request=<Request [b'GET']>
2026-05-30 12:45:49.714 | DEBUG    | httpcore._trace:atrace:87 - send_request_body.complete
2026-05-30 12:45:49.715 | DEBUG    | httpcore._trace:atrace:87 - receive_response_headers.started request=<Request [b'GET']>
2026-05-30 12:45:49.750 | DEBUG    | httpcore._trace:atrace:87 - connect_tcp.complete return_value=<httpcore._backends.anyio.AnyIOStream object at 0x75d346182570>
2026-05-30 12:45:49.750 | DEBUG    | httpcore._trace:atrace:87 - start_tls.started ssl_context=<ssl.SSLContext object at 0x75d34617e850> server_hostname='api.fifa.com' timeout=10.0
2026-05-30 12:45:49.753 | DEBUG    | httpcore._trace:atrace:87 - connect_tcp.complete return_value=<httpcore._backends.anyio.AnyIOStream object at 0x75d347db0ef0>
2026-05-30 12:45:49.753 | DEBUG    | httpcore._trace:atrace:87 - start_tls.started ssl_context=<ssl.SSLContext object at 0x75d34617fdd0> server_hostname='api.fifa.com' timeout=10.0
2026-05-30 12:45:49.772 | DEBUG    | httpcore._trace:atrace:87 - start_tls.complete return_value=<httpcore._backends.anyio.AnyIOStream object at 0x7fd994d937d0>
2026-05-30 12:45:49.773 | DEBUG    | httpcore._trace:atrace:87 - send_request_headers.started request=<Request [b'GET']>
2026-05-30 12:45:49.774 | DEBUG    | httpcore._trace:atrace:87 - send_request_headers.complete
2026-05-30 12:45:49.778 | DEBUG    | httpcore._trace:atrace:87 - start_tls.complete return_value=<httpcore._backends.anyio.AnyIOStream object at 0x75d346181b50>
2026-05-30 12:45:49.774 | DEBUG    | httpcore._trace:atrace:87 - send_request_body.started request=<Request [b'GET']>
2026-05-30 12:45:49.776 | DEBUG    | httpcore._trace:atrace:87 - send_request_body.complete
2026-05-30 12:45:49.777 | DEBUG    | httpcore._trace:atrace:87 - receive_response_headers.started request=<Request [b'GET']>
2026-05-30 12:45:49.780 | DEBUG    | httpcore._trace:atrace:87 - send_request_headers.started request=<Request [b'GET']>
2026-05-30 12:45:49.782 | DEBUG    | httpcore._trace:atrace:87 - send_request_headers.complete
2026-05-30 12:45:49.783 | DEBUG    | httpcore._trace:atrace:87 - send_request_body.started request=<Request [b'GET']>
2026-05-30 12:45:49.784 | DEBUG    | httpcore._trace:atrace:87 - send_request_body.complete
2026-05-30 12:45:49.784 | DEBUG    | httpcore._trace:atrace:87 - receive_response_headers.started request=<Request [b'GET']>
2026-05-30 12:45:49.811 | DEBUG    | httpcore._trace:atrace:87 - connect_tcp.complete return_value=<httpcore._backends.anyio.AnyIOStream object at 0x7fd994306e70>
2026-05-30 12:45:49.812 | DEBUG    | httpcore._trace:atrace:87 - start_tls.started ssl_context=<ssl.SSLContext object at 0x7fd9942c2d50> server_hostname='api.fifa.com' timeout=10.0
2026-05-30 12:45:49.832 | DEBUG    | httpcore._trace:atrace:87 - start_tls.complete return_value=<httpcore._backends.anyio.AnyIOStream object at 0x75d347105040>
2026-05-30 12:45:49.833 | DEBUG    | httpcore._trace:atrace:87 - start_tls.complete return_value=<httpcore._backends.anyio.AnyIOStream object at 0x75d346b03ad0>
2026-05-30 12:45:49.837 | DEBUG    | httpcore._trace:atrace:87 - send_request_headers.started request=<Request [b'GET']>
2026-05-30 12:45:49.839 | DEBUG    | httpcore._trace:atrace:87 - send_request_headers.started request=<Request [b'GET']>
2026-05-30 12:45:49.840 | DEBUG    | httpcore._trace:atrace:87 - send_request_headers.complete
2026-05-30 12:45:49.841 | DEBUG    | httpcore._trace:atrace:87 - send_request_body.started request=<Request [b'GET']>
2026-05-30 12:45:49.839 | DEBUG    | httpcore._trace:atrace:87 - receive_response_headers.complete return_value=(b'HTTP/1.1', 200, b'OK', [(b'Content-Length', b'1538'), (b'Content-Type', b'image/png'), (b'Access-Control-Expose-Headers', b'Request-Context'), (b'x-mdp-ck', b'**P**'), (b'x-mdp-rootactivityid', b'3046d630d05a48898d0700c1da4bf280'), (b'X-AspNet-Version', b'4.0.30319'), (b'Request-Context', b'appId=cid-v1:d6e11e63-1bc8-4e56-a695-f7ad71758c42'), (b'Arr-Disable-Session-Affinity', b'true'), (b'Cache-Control', b'public, must-revalidate, max-age=3600, s-maxage=2592000'), (b'Date', b'Sat, 30 May 2026 12:45:49 GMT'), (b'Connection', b'keep-alive'), (b'Access-Control-Allow-Origin', b'*'), (b'X-Frame-Options', b'sameorigin'), (b'Referrer-Policy', b'same-origin'), (b'X-Content-Type-Options', b'nosniff'), (b'X-XSS-Protection', b'1; mode=block'), (b'Strict-Transport-Security', b'max-age=15768000 ; includeSubDomains'), (b'Akamai-GRN', b'0.dec41302.1780145149.41fc0e'), (b'Set-Cookie', b'_abck=08BABF18BEB45045180B15611539256B~-1~YAAQ3sQTAujcc3eeAQAAw1breA9fzk6/RZV/mia9AavatMo7ruY9vDcX2bJ7NnDa1lpviM00cFVsMh+8yKLphRw/vRENEp6ePaqLX/5cziNew+HUQDj8/JK5Y8BM6VjLLlo7ADkhbyVDvxHvei8xaxS9i7NH0cDAK9P4+daAMl2oTR/r3t2QZThJ1vbKrec56MAE2gQtqfLCyYORp+BkayjvBdLZsWFIa+VZY2786XnanV7r0JSSHL/Zkxh4S/6O2/Bf9N9A5mkvNNlWb0TiGGTyK9eulT5Wr3AS8sBhtxHCUXvhh0NCO6GOWnHTkLh/cTajRxogPnLKEhrqNgYANMZhjzZ7JT/ceEyvs7LtvIjarIZmr2tWYO/n3ys/O3Qvtm/TvUiqhImIFFW8tTX5zuAazyvD/AVuSmTMKhAq+l9oUdc878FeUMeEwcZH6eMk8wzfx4t5~-1~-1~-1~-1~-1; Domain=.fifa.com; Path=/; Expires=Sun, 30 May 2027 12:45:49 GMT; Max-Age=31536000; Secure'), (b'Set-Cookie', b'bm_sz=0794703C270038847C7F0A794A16583C~YAAQ3sQTAuncc3eeAQAAw1breB8T2ITVgpehDsMM0AID5eNbGApFKYDwBOIYn56Cd/8v4pk9tF/WUVzPjM0RLy5T5Tmam8ABaF4BEa3s46TDb3sTmtk/fjMVyCi78ZDvSceAGlobZC5am/cqpJydzp5L4fH153Pz987lTzebHR4RN6jxzODlg2Qujbmq+Eytjg6z6HMwA6yjI0F33fOMWN8cc/srj648Cve8S+Kgy6eYXJh/9a2rLaKU2RPYZgdJB4bYGs1k7VNBTXk2tfRc2SeKN3/oaq8mb/a41z0Zbud14497PCu79z652zr7mMkx8X8mIo5EfMF1gHmrNY9AmY2mBL1v0JPa9GK4DCQ=~4273202~3617080; Domain=.fifa.com; Path=/; Expires=Sat, 30 May 2026 16:45:49 GMT; Max-Age=14400')])
2026-05-30 12:45:49.841 | INFO     | httpx._client:_send_single_request:1740 - HTTP Request: GET https://api.fifa.com/api/v3/picture/flags-sq-1/TUN "HTTP/1.1 200 OK"
2026-05-30 12:45:49.841 | DEBUG    | httpcore._trace:atrace:87 - receive_response_body.started request=<Request [b'GET']>
2026-05-30 12:45:49.842 | DEBUG    | httpcore._trace:atrace:87 - receive_response_body.complete
2026-05-30 12:45:49.843 | DEBUG    | httpcore._trace:atrace:87 - response_closed.started
2026-05-30 12:45:49.842 | DEBUG    | httpcore._trace:atrace:87 - send_request_body.complete
2026-05-30 12:45:49.845 | DEBUG    | httpcore._trace:atrace:87 - response_closed.complete
2026-05-30 12:45:49.843 | DEBUG    | httpcore._trace:atrace:87 - receive_response_headers.started request=<Request [b'GET']>
2026-05-30 12:45:49.843 | DEBUG    | httpcore._trace:atrace:87 - send_request_headers.complete
2026-05-30 12:45:49.844 | DEBUG    | httpcore._trace:atrace:87 - send_request_body.started request=<Request [b'GET']>
2026-05-30 12:45:49.845 | DEBUG    | httpcore._trace:atrace:87 - send_request_body.complete
2026-05-30 12:45:49.845 | DEBUG    | httpcore._trace:atrace:87 - receive_response_headers.started request=<Request [b'GET']>
2026-05-30 12:45:49.848 | DEBUG    | httpcore._trace:atrace:87 - close.started
2026-05-30 12:45:49.850 | DEBUG    | httpcore._trace:atrace:87 - receive_response_headers.complete return_value=(b'HTTP/1.1', 200, b'OK', [(b'Content-Length', b'1543'), (b'Content-Type', b'image/png'), (b'Access-Control-Expose-Headers', b'Request-Context'), (b'x-mdp-ck', b'**P**'), (b'x-mdp-rootactivityid', b'87da7fbb6c784091a0d2120ecbd57347'), (b'X-AspNet-Version', b'4.0.30319'), (b'Request-Context', b'appId=cid-v1:d6e11e63-1bc8-4e56-a695-f7ad71758c42'), (b'Arr-Disable-Session-Affinity', b'true'), (b'Cache-Control', b'public, must-revalidate, max-age=3600, s-maxage=2592000'), (b'Date', b'Sat, 30 May 2026 12:45:49 GMT'), (b'Connection', b'keep-alive'), (b'Access-Control-Allow-Origin', b'*'), (b'X-Frame-Options', b'sameorigin'), (b'Referrer-Policy', b'same-origin'), (b'X-Content-Type-Options', b'nosniff'), (b'X-XSS-Protection', b'1; mode=block'), (b'Strict-Transport-Security', b'max-age=15768000 ; includeSubDomains'), (b'Akamai-GRN', b'0.d5c41302.1780145149.18401199'), (b'Set-Cookie', b'_abck=42E11C5E0AC2CCE7FA92D05DE43287C3~-1~YAAQ1cQTAn3mKECeAQAABlfreA/0MyiJRNgOJ05TmJ6P1/8EcUqvHAFSCmhXx0SBZYnf3AYbHQVGI/AW6doEzdZnNiyGYZEvEqw0jAXDTGrkSYuNjntu7rqhEOMtq+2677FytUXoEUBffADOwjvSfnrjC+cLgooxSqO8ZqgUrP1Ct6GoIdsfxMJFAt2w707/lrgfucp4ej496UnXDkr7T28zvteeX3sKB5vjnPlOTzj55WHkSmO8ZDSJWcuLlmEPLJiFcjNmMyRQ65MLK5i+5A2TmG1rdm5NOQOmB/CEMxDOFf0GSKAAiDohTUMPkrUhkDndx0Z08jXWgX1Q9PKdC6maxTY8lmafddLlKBLIl09hc59PYp/IUVBgegjYGLXwtUk9ET4cQ4ZRjlouKSBKnZNeKYhO75RBLyqmHBkE4korhlnJ6GiM5Hyr+Ku6evd0khhsKd4C~-1~-1~-1~-1~-1; Domain=.fifa.com; Path=/; Expires=Sun, 30 May 2027 12:45:49 GMT; Max-Age=31536000; Secure'), (b'Set-Cookie', b'bm_sz=FA6CA6467A6D51B4ACD3D3BAE30B91D3~YAAQ1cQTAn7mKECeAQAABlfreB/bu7cEiE29eiX0Pod8zOeCfUbWjDjbyHhBQ01pNpJBp1tCLB4kBKxZZRkzxTklZu17HgooeE1R+4+F0YilorTRzIRhaMeBkBPu7Tix7Lif8uuGvFOpU6JU+CaOiXoiV8Ioh9gMMupABkEFYKwVhd34djRDpa5VWV8HUQiRvpIFjEV3NWdr92iupfGfgl3uAthea8VBH39AI3QQcDgfWEc2dbMKfocTkioL+qTYygbotFbNLFgBADUD6B533bPmSvWkf1PQf/fluhL5Q+7DrYR8UVStUD6AFzp3A9DRP5mAEjAGSSZeKswQX8lGoyc0tLzdaLRPUtTKlrE=~4273202~3617080; Domain=.fifa.com; Path=/; Expires=Sat, 30 May 2026 16:45:49 GMT; Max-Age=14400')])
2026-05-30 12:45:49.852 | INFO     | httpx._client:_send_single_request:1740 - HTTP Request: GET https://api.fifa.com/api/v3/picture/flags-sq-1/KSA "HTTP/1.1 200 OK"
2026-05-30 12:45:49.854 | DEBUG    | httpcore._trace:atrace:87 - receive_response_headers.complete return_value=(b'HTTP/1.1', 200, b'OK', [(b'Content-Length', b'1569'), (b'Content-Type', b'image/png'), (b'Access-Control-Expose-Headers', b'Request-Context'), (b'x-mdp-ck', b'**P**'), (b'x-mdp-rootactivityid', b'66d68eed9941403aa1da5e19c90937cd'), (b'X-AspNet-Version', b'4.0.30319'), (b'Request-Context', b'appId=cid-v1:d6e11e63-1bc8-4e56-a695-f7ad71758c42'), (b'Arr-Disable-Session-Affinity', b'true'), (b'Cache-Control', b'public, must-revalidate, max-age=3600, s-maxage=2592000'), (b'Date', b'Sat, 30 May 2026 12:45:49 GMT'), (b'Connection', b'keep-alive'), (b'Access-Control-Allow-Origin', b'*'), (b'X-Frame-Options', b'sameorigin'), (b'Referrer-Policy', b'same-origin'), (b'X-Content-Type-Options', b'nosniff'), (b'X-XSS-Protection', b'1; mode=block'), (b'Strict-Transport-Security', b'max-age=15768000 ; includeSubDomains'), (b'Akamai-GRN', b'0.d5c41302.1780145149.184011a2'), (b'Set-Cookie', b'_abck=7C1AF710AC4EA9665464FF9457F45301~-1~YAAQ1cQTAn/mKECeAQAAEVfreA8+MiBHXOJU5eH/DxTKRGyXAL+ogcUlmkS8qiGxZS2y2s+Q+mUXgIXhhHto9vDEn7WDMqVJJk7qsBSPTJAxGPkW8tpUqQaW3afdgWRmhm7CR/kuXZkWLAnTgPEQzA9oeJhrSq4Jax4Buv8T4NmRcNwLNtQ0o+9qHLZGbbl0KRGqWm+vCLbd2xlDVssQ971zX2fqnBpNWo30nLTJw5ASF3WfuEooDgkRoLsVeYSffDbM18cuHCbxw5IilbzoHbLgFAe8Gujnudkc3tA3qBqSCDuK+wviUeO4W7IRiIteHHcwPlw8dx0+Lsy3xM4pMNkC0FNJWuulakPHWIE12S87rN2q93rWPbK2y4Btwa4Zg7z4ZeHXSCW20EM8QiPdoVbmkT6ZyyZLZJL6pFFSWQpxRLXqa9i49Ws0xTZDUzEqSKK6uClr~-1~-1~-1~-1~-1; Domain=.fifa.com; Path=/; Expires=Sun, 30 May 2027 12:45:49 GMT; Max-Age=31536000; Secure'), (b'Set-Cookie', b'bm_sz=233BB98BADB6A56F005E3477D8534EEC~YAAQ1cQTAoDmKECeAQAAEVfreB8FmzFRy6M9sfZXJ6X8+7YXaYDxHbjA1FFz1XDdQgJZEJ/mfwLEwr/l6w9unEARwKy5B8Ur2ZcpefuW8CC6yi3XosTQe1EouGZCxUyluYStQkXmRAKKhgOGpdjmOjXOAuOEev5bdbRHJlEQIWI1UmOGhCBbpWctnHB6YqNFIgoOSMDQVddS2C96bvcJd4c/JqW42M/mOXZmbuHxtL+zYfmB09gDqsLZzlDYq9puPgQIXpxKy6VxntAjf+JCazmSWcItj9Ua1SYQUBsPhJaWEGbFvCTfZrR/OysdyVEJR6xLpPSVP+ob+hq7ci/Jacq+/7ikcWma6vxl0hs=~4273202~3617080; Domain=.fifa.com; Path=/; Expires=Sat, 30 May 2026 16:45:49 GMT; Max-Age=14400')])
2026-05-30 12:45:49.855 | INFO     | httpx._client:_send_single_request:1740 - HTTP Request: GET https://api.fifa.com/api/v3/picture/flags-sq-1/IRQ "HTTP/1.1 200 OK"
2026-05-30 12:45:49.853 | DEBUG    | httpcore._trace:atrace:87 - receive_response_body.started request=<Request [b'GET']>
2026-05-30 12:45:49.853 | DEBUG    | httpcore._trace:atrace:87 - receive_response_body.complete
2026-05-30 12:45:49.858 | DEBUG    | httpcore._trace:atrace:87 - response_closed.started
2026-05-30 12:45:49.859 | DEBUG    | httpcore._trace:atrace:87 - close.complete
2026-05-30 12:45:49.856 | DEBUG    | httpcore._trace:atrace:87 - receive_response_body.started request=<Request [b'GET']>
2026-05-30 12:45:49.856 | DEBUG    | httpcore._trace:atrace:87 - receive_response_body.complete
2026-05-30 12:45:49.860 | DEBUG    | httpcore._trace:atrace:87 - response_closed.started
2026-05-30 12:45:49.860 | DEBUG    | httpcore._trace:atrace:87 - response_closed.complete
2026-05-30 12:45:49.859 | DEBUG    | httpcore._trace:atrace:87 - response_closed.complete
2026-05-30 12:45:49.861 | DEBUG    | httpcore._trace:atrace:87 - close.started
2026-05-30 12:45:49.864 | DEBUG    | httpcore._trace:atrace:87 - close.complete
2026-05-30 12:45:49.862 | DEBUG    | httpcore._trace:atrace:87 - close.started
2026-05-30 12:45:49.868 | INFO     | uvicorn.protocols.http.httptools_impl:send:484 - 172.19.0.1:51260 - "GET /api/v1/teams/flags/flags-sq-1/IRQ HTTP/1.1" 200
2026-05-30 12:45:49.863 | DEBUG    | httpcore._trace:atrace:87 - close.complete
2026-05-30 12:45:49.865 | INFO     | uvicorn.protocols.http.httptools_impl:send:484 - 172.19.0.1:51242 - "GET /api/v1/teams/flags/flags-sq-1/TUN HTTP/1.1" 200
2026-05-30 12:45:49.866 | INFO     | uvicorn.protocols.http.httptools_impl:send:484 - 172.19.0.1:51244 - "GET /api/v1/teams/flags/flags-sq-1/KSA HTTP/1.1" 200
2026-05-30 12:45:49.877 | INFO     | app.api.v1.endpoints.teams:get_flag_proxy:77 - Flag not cached. Proxying from FIFA: https://api.fifa.com/api/v3/picture/flags-sq-1/HAI
2026-05-30 12:45:49.881 | DEBUG    | httpcore._trace:atrace:87 - start_tls.complete return_value=<httpcore._backends.anyio.AnyIOStream object at 0x7fd9942d30e0>
2026-05-30 12:45:49.884 | DEBUG    | httpcore._trace:atrace:87 - send_request_headers.started request=<Request [b'GET']>
2026-05-30 12:45:49.886 | DEBUG    | httpcore._trace:atrace:87 - send_request_headers.complete
2026-05-30 12:45:49.887 | DEBUG    | httpcore._trace:atrace:87 - send_request_body.started request=<Request [b'GET']>
2026-05-30 12:45:49.887 | DEBUG    | httpcore._trace:atrace:87 - send_request_body.complete
2026-05-30 12:45:49.888 | DEBUG    | httpcore._trace:atrace:87 - receive_response_headers.started request=<Request [b'GET']>
2026-05-30 12:45:49.894 | INFO     | app.api.v1.endpoints.teams:get_flag_proxy:77 - Flag not cached. Proxying from FIFA: https://api.fifa.com/api/v3/picture/flags-sq-1/RSA
2026-05-30 12:45:49.906 | DEBUG    | httpcore._trace:atrace:87 - connect_tcp.started host='api.fifa.com' port=443 local_address=None timeout=10.0 socket_options=None
2026-05-30 12:45:49.908 | DEBUG    | httpcore._trace:atrace:87 - receive_response_headers.complete return_value=(b'HTTP/1.1', 200, b'OK', [(b'Content-Length', b'2796'), (b'Content-Type', b'image/png'), (b'Access-Control-Expose-Headers', b'Request-Context'), (b'x-mdp-ck', b'**P**'), (b'x-mdp-rootactivityid', b'cd6078a53a474d8fb93aa28613cf3bdd'), (b'X-AspNet-Version', b'4.0.30319'), (b'Request-Context', b'appId=cid-v1:d6e11e63-1bc8-4e56-a695-f7ad71758c42'), (b'Arr-Disable-Session-Affinity', b'true'), (b'Cache-Control', b'public, must-revalidate, max-age=3600, s-maxage=2592000'), (b'Date', b'Sat, 30 May 2026 12:45:49 GMT'), (b'Connection', b'keep-alive'), (b'Access-Control-Allow-Origin', b'*'), (b'X-Frame-Options', b'sameorigin'), (b'Referrer-Policy', b'same-origin'), (b'X-Content-Type-Options', b'nosniff'), (b'X-XSS-Protection', b'1; mode=block'), (b'Strict-Transport-Security', b'max-age=15768000 ; includeSubDomains'), (b'Akamai-GRN', b'0.dec41302.1780145149.41fc49'), (b'Set-Cookie', b'_abck=8504C8FC1F802244EDFB3D9EADA24055~-1~YAAQ3sQTAurcc3eeAQAALlfreA8Wes06VFz/LMOT2B/h9VVPZVjRxOWcJqVFFzj+h5sqZadr1+7vGocG/TjL2ZCNEGRv1beAeK5PDsqq7BEkXwc1dfuyp5dfDbWP03nnkdnlTkgqIP2qSym+WYn043GsGGYxDB9UjojO1uMZ5q5fmAGGiWu89JL+/Qm5tYWBfDkue+X+DobFYY4FFLOvSPtluGyHQCkybtZAdxAtI56Mvv/qrxTp3z1nP9A7GTZ6hCqudPktC2jxRWHvHf/tqdMzsdxVuc3W6ipChQeQOcFNn22c0y/dCbRhLIuIUA+qNLbbhj00HrBpfr0li6Cw7LNZ9u6NYYuoD7QYTBZGD/bT1rES+AlN1gOuJhMWmdMAkJRa7KRNDbadihqpKcv03ixmjVhn02/5Rkr161fcJ6MfbCrE1Q7G+sh4lWpbnJWGfSSU1t1L~-1~-1~-1~-1~-1; Domain=.fifa.com; Path=/; Expires=Sun, 30 May 2027 12:45:49 GMT; Max-Age=31536000; Secure'), (b'Set-Cookie', b'bm_sz=6D8E41553761E539370C14FFF97D6E56~YAAQ3sQTAuvcc3eeAQAALlfreB+o+0qD+FyQI8Jt3IscphaQxYl8jXl5tEQmPQtDjHnI8H4+kgFmNIfo9+wCiXYRSY4W3gmClXk0lkZPl9Dr3v9VgfCz0nTd6BBJo1U6cFfyec+7T+87PIXqhO84NefDhsK0Lqdt4s4LvNgdaM2+tz11LU/QYHYQmZzVh6qL/3DHJP1Xv3H7O1Py1c7hPbSm9tpnci/+xszqBDis6wd66MKTC0xhDnqrSNkpg50FVTZxprkxUeEQv131rxa+dm5g5ZtR9rvxNrSL9krhti6dUQGWAE3XiFF1PBB3nERWCrmZqX4oVswh+Hsjn8QgYAEK8bCSkHaLsDWZIZ4=~4273202~3617080; Domain=.fifa.com; Path=/; Expires=Sat, 30 May 2026 16:45:49 GMT; Max-Age=14400')])
2026-05-30 12:45:49.911 | INFO     | httpx._client:_send_single_request:1740 - HTTP Request: GET https://api.fifa.com/api/v3/picture/flags-sq-1/NZL "HTTP/1.1 200 OK"
2026-05-30 12:45:49.914 | DEBUG    | httpcore._trace:atrace:87 - receive_response_body.started request=<Request [b'GET']>
2026-05-30 12:45:49.915 | DEBUG    | httpcore._trace:atrace:87 - receive_response_body.complete
2026-05-30 12:45:49.915 | DEBUG    | httpcore._trace:atrace:87 - response_closed.started
2026-05-30 12:45:49.916 | DEBUG    | httpcore._trace:atrace:87 - receive_response_headers.complete return_value=(b'HTTP/1.1', 200, b'OK', [(b'Content-Length', b'2383'), (b'Content-Type', b'image/png'), (b'Access-Control-Expose-Headers', b'Request-Context'), (b'x-mdp-ck', b'**P**'), (b'x-mdp-rootactivityid', b'6e3f5a966f544003a5d96afcbcc2b2a9'), (b'X-AspNet-Version', b'4.0.30319'), (b'Request-Context', b'appId=cid-v1:d6e11e63-1bc8-4e56-a695-f7ad71758c42'), (b'Arr-Disable-Session-Affinity', b'true'), (b'Cache-Control', b'public, must-revalidate, max-age=3600, s-maxage=2592000'), (b'Date', b'Sat, 30 May 2026 12:45:49 GMT'), (b'Connection', b'keep-alive'), (b'Access-Control-Allow-Origin', b'*'), (b'X-Frame-Options', b'sameorigin'), (b'Referrer-Policy', b'same-origin'), (b'X-Content-Type-Options', b'nosniff'), (b'X-XSS-Protection', b'1; mode=block'), (b'Strict-Transport-Security', b'max-age=15768000 ; includeSubDomains'), (b'Akamai-GRN', b'0.dec41302.1780145149.41fc4b'), (b'Set-Cookie', b'_abck=507CD20ADB00ABD6D4B71E9B6378BCD1~-1~YAAQ3sQTAuzcc3eeAQAANFfreA+09MgWhrdFN89MUJrI1Ky/maJZa+b4cdXb/Op1/9i5qg2FwL0b0MbuuNTQ9gEkWvzFWm16libIzk6hi9FC1Iobao/8YSlOx1WMCDHvuRSDCprruZxvX9+opq99QnYFGvciVrM+qZ59xr9919hkQf3xaYBvfGl6Sb1W/owx2oHYVOhC2KnidD66jxJ11UAnBRDJHYMe+xIPKjcA00Jd32wIQdXpC4SHWIfhZY8sYBUUgPtBXHKH1g3zmo28+iw/yD2G9D/qPL7tmrW/cmiSEx/OxOgGBtfKpffMxHGYH/tLl9NMW0I5rJvajyQ4ZgoAK+NE0hiMtwnaHK10Saduf4pNqTHcYN+8nlKbshG19LvuLGxiaE5w0wjCF+BDPiwSuH2cMjfuWm5gQ12MLb+eSaGhGxaROfAc0TKQAdaSjm3cQfhA~-1~-1~-1~-1~-1; Domain=.fifa.com; Path=/; Expires=Sun, 30 May 2027 12:45:49 GMT; Max-Age=31536000; Secure'), (b'Set-Cookie', b'bm_sz=7710E6CD15AA65559ABA7D5EDC40527B~YAAQ3sQTAu3cc3eeAQAANFfreB82sq/dP3GIP77GIvj/wP4h9mLuupMF1/3RRXRn0A1zE7lVSj9k6/P+4ed311ug3X215R35j1zjjbK0YRO4t2kXT5d/UL/A349vQ8gHL2WDwUdyi3UX+ZtFgHfd5NN8COulRQ1gSeOT74nnef6XqcE89bEHoCmwgrE5k7mxMcjmWqUMKm5tlhADAFDNO+zhdsvnYJY23ckZ9YzLlb3213gzOpFEUWlEcl1tEVS+yy2vApFX2B1ufhCjcXQS/YPeQv7eFROxSbGwcVONx5li8ZnxZRpglN5zpTES9IqBoKnlRPAK40kbhpiodcwiT2pgXyqweuJXcRonZfo=~4273202~3617080; Domain=.fifa.com; Path=/; Expires=Sat, 30 May 2026 16:45:49 GMT; Max-Age=14400')])
2026-05-30 12:45:49.918 | INFO     | httpx._client:_send_single_request:1740 - HTTP Request: GET https://api.fifa.com/api/v3/picture/flags-sq-1/BIH "HTTP/1.1 200 OK"
2026-05-30 12:45:49.919 | DEBUG    | httpcore._trace:atrace:87 - receive_response_body.started request=<Request [b'GET']>
2026-05-30 12:45:49.921 | INFO     | app.api.v1.endpoints.teams:get_flag_proxy:77 - Flag not cached. Proxying from FIFA: https://api.fifa.com/api/v3/picture/flags-sq-1/GHA
2026-05-30 12:45:49.920 | DEBUG    | httpcore._trace:atrace:87 - receive_response_body.complete
2026-05-30 12:45:49.920 | DEBUG    | httpcore._trace:atrace:87 - response_closed.started
2026-05-30 12:45:49.921 | DEBUG    | httpcore._trace:atrace:87 - response_closed.complete
2026-05-30 12:45:49.923 | DEBUG    | httpcore._trace:atrace:87 - close.started
2026-05-30 12:45:49.924 | DEBUG    | httpcore._trace:atrace:87 - response_closed.complete
2026-05-30 12:45:49.926 | DEBUG    | httpcore._trace:atrace:87 - close.started
2026-05-30 12:45:49.926 | DEBUG    | httpcore._trace:atrace:87 - close.complete
2026-05-30 12:45:49.927 | DEBUG    | httpcore._trace:atrace:87 - close.complete
2026-05-30 12:45:49.929 | INFO     | uvicorn.protocols.http.httptools_impl:send:484 - 172.19.0.1:51268 - "GET /api/v1/teams/flags/flags-sq-1/NZL HTTP/1.1" 200
2026-05-30 12:45:49.934 | INFO     | uvicorn.protocols.http.httptools_impl:send:484 - 172.19.0.1:51224 - "GET /api/v1/teams/flags/flags-sq-1/BIH HTTP/1.1" 200
2026-05-30 12:45:49.939 | INFO     | app.api.v1.endpoints.teams:get_flag_proxy:77 - Flag not cached. Proxying from FIFA: https://api.fifa.com/api/v3/picture/flags-sq-1/CUW
2026-05-30 12:45:49.942 | DEBUG    | httpcore._trace:atrace:87 - connect_tcp.started host='api.fifa.com' port=443 local_address=None timeout=10.0 socket_options=None
2026-05-30 12:45:49.943 | DEBUG    | httpcore._trace:atrace:87 - connect_tcp.started host='api.fifa.com' port=443 local_address=None timeout=10.0 socket_options=None
2026-05-30 12:45:49.955 | DEBUG    | httpcore._trace:atrace:87 - receive_response_headers.complete return_value=(b'HTTP/1.1', 200, b'OK', [(b'Content-Length', b'1842'), (b'Content-Type', b'image/png'), (b'Access-Control-Expose-Headers', b'Request-Context'), (b'x-mdp-ck', b'**P**'), (b'x-mdp-rootactivityid', b'48f650368a7a462a894c0b30e95be30b'), (b'X-AspNet-Version', b'4.0.30319'), (b'Request-Context', b'appId=cid-v1:d6e11e63-1bc8-4e56-a695-f7ad71758c42'), (b'Arr-Disable-Session-Affinity', b'true'), (b'Cache-Control', b'public, must-revalidate, max-age=3600, s-maxage=2592000'), (b'Date', b'Sat, 30 May 2026 12:45:49 GMT'), (b'Connection', b'keep-alive'), (b'Access-Control-Allow-Origin', b'*'), (b'X-Frame-Options', b'sameorigin'), (b'Referrer-Policy', b'same-origin'), (b'X-Content-Type-Options', b'nosniff'), (b'X-XSS-Protection', b'1; mode=block'), (b'Strict-Transport-Security', b'max-age=15768000 ; includeSubDomains'), (b'Akamai-GRN', b'0.dec41302.1780145149.41fc5f'), (b'Set-Cookie', b'_abck=EAED3ED916F560E086BDF65503858477~-1~YAAQ3sQTAu7cc3eeAQAAW1freA9H33NGDXTP7zSB0gANXtEdSrngWpYJOYC6umQ0tu6rZ1rYdW6F0meCzESf5ZKRUEgFp0sDjEI6IrcVNMQ0OO3EBrttfMOls/onyIOt/WKUM269VEkuJr7x3t/AIbTl75vt05ptIg3ML3rHhEFXE7c5T1XUuj8zlK+NoyeidSuRN+r3wtzeQpJ4cx+Vh2B7lzVUMq+pSFAJbE4J617iXJm372lB0cIXjO4w9gI3lJJscbp49eqWdb4n630jcvaUZ3Lp68f0/Si6A0BOPpqE3+fw5vCTEYQltlGIug8+hsYRX6z2n40VPTvz3Wa8QcpQuhiqD1OwXOaacw5fosls4tCBtVxaVpTLle6NnvQcn/31GRaTt3nfpE9+PnPoSYr/pVGWdJPzmfrpV15oBY2xi/lpwpx4BlQXS5rgq0qc6/iMrOjJ~-1~-1~-1~-1~-1; Domain=.fifa.com; Path=/; Expires=Sun, 30 May 2027 12:45:49 GMT; Max-Age=31536000; Secure'), (b'Set-Cookie', b'bm_sz=C9521D2023C7B59C48654D8D879CEB07~YAAQ3sQTAu/cc3eeAQAAW1freB+TI2r1vrPgQxlBO0yupH2nQsaxKVsQBvPjeUE0XDeFyaxhKXO9biFhXbQfAvz1EbhtkzCqrrvsBMrFy143gI6vLhiyQPGnqy6IjXPpNQC8DqVnxoxINUtaRy5qfeOTIFHF6H8xdC84PRE80J4XqXC+FsMmtAnbsD2aygSl+fwRWvnOmjeuYEfTFSmGrdIQyb0EWL5MCl0vEukGbiJkyjWp+yugHW9g0O5pIOCdBDgEqUechmt70+laBvU31atdS5tNsCSCMuOZ/g34rWAjl1GHoW2VFCllAQ3P9XRm2Nrs8K4scWueU3sUUQqS8KFe89yOC2M7GbT7m6w=~4273202~3617080; Domain=.fifa.com; Path=/; Expires=Sat, 30 May 2026 16:45:49 GMT; Max-Age=14400')])
2026-05-30 12:45:49.957 | INFO     | httpx._client:_send_single_request:1740 - HTTP Request: GET https://api.fifa.com/api/v3/picture/flags-sq-1/CPV "HTTP/1.1 200 OK"
2026-05-30 12:45:49.958 | DEBUG    | httpcore._trace:atrace:87 - receive_response_body.started request=<Request [b'GET']>
2026-05-30 12:45:49.958 | DEBUG    | httpcore._trace:atrace:87 - receive_response_body.complete
2026-05-30 12:45:49.959 | DEBUG    | httpcore._trace:atrace:87 - response_closed.started
2026-05-30 12:45:49.960 | DEBUG    | httpcore._trace:atrace:87 - response_closed.complete
2026-05-30 12:45:49.961 | DEBUG    | httpcore._trace:atrace:87 - close.started
2026-05-30 12:45:49.961 | DEBUG    | httpcore._trace:atrace:87 - close.complete
2026-05-30 12:45:49.963 | INFO     | uvicorn.protocols.http.httptools_impl:send:484 - 172.19.0.1:51236 - "GET /api/v1/teams/flags/flags-sq-1/CPV HTTP/1.1" 200
2026-05-30 12:45:49.968 | DEBUG    | httpcore._trace:atrace:87 - connect_tcp.started host='api.fifa.com' port=443 local_address=None timeout=10.0 socket_options=None
2026-05-30 12:45:49.970 | INFO     | app.api.v1.endpoints.teams:get_flag_proxy:77 - Flag not cached. Proxying from FIFA: https://api.fifa.com/api/v3/picture/flags-sq-1/QAT
2026-05-30 12:45:49.995 | DEBUG    | httpcore._trace:atrace:87 - connect_tcp.started host='api.fifa.com' port=443 local_address=None timeout=10.0 socket_options=None
2026-05-30 12:45:49.998 | DEBUG    | httpcore._trace:atrace:87 - connect_tcp.complete return_value=<httpcore._backends.anyio.AnyIOStream object at 0x75d346181a00>
2026-05-30 12:45:49.999 | DEBUG    | httpcore._trace:atrace:87 - start_tls.started ssl_context=<ssl.SSLContext object at 0x75d346163dd0> server_hostname='api.fifa.com' timeout=10.0
2026-05-30 12:45:50.020 | DEBUG    | httpcore._trace:atrace:87 - connect_tcp.complete return_value=<httpcore._backends.anyio.AnyIOStream object at 0x7fd9942ee090>
2026-05-30 12:45:50.021 | DEBUG    | httpcore._trace:atrace:87 - start_tls.started ssl_context=<ssl.SSLContext object at 0x7fd9942a7c50> server_hostname='api.fifa.com' timeout=10.0
2026-05-30 12:45:50.023 | DEBUG    | httpcore._trace:atrace:87 - connect_tcp.complete return_value=<httpcore._backends.anyio.AnyIOStream object at 0x7fd9942efdd0>
2026-05-30 12:45:50.024 | DEBUG    | httpcore._trace:atrace:87 - start_tls.started ssl_context=<ssl.SSLContext object at 0x7fd994bbb3d0> server_hostname='api.fifa.com' timeout=10.0
2026-05-30 12:45:50.115 | DEBUG    | httpcore._trace:atrace:87 - connect_tcp.complete return_value=<httpcore._backends.anyio.AnyIOStream object at 0x75d346af8fb0>
2026-05-30 12:45:50.118 | DEBUG    | httpcore._trace:atrace:87 - start_tls.started ssl_context=<ssl.SSLContext object at 0x75d34617c050> server_hostname='api.fifa.com' timeout=10.0
2026-05-30 12:45:50.120 | DEBUG    | httpcore._trace:atrace:87 - connect_tcp.complete return_value=<httpcore._backends.anyio.AnyIOStream object at 0x75d3461c1010>
2026-05-30 12:45:50.121 | DEBUG    | httpcore._trace:atrace:87 - start_tls.started ssl_context=<ssl.SSLContext object at 0x75d34617f5d0> server_hostname='api.fifa.com' timeout=10.0
2026-05-30 12:45:50.123 | DEBUG    | httpcore._trace:atrace:87 - start_tls.complete return_value=<httpcore._backends.anyio.AnyIOStream object at 0x7fd994eede50>
2026-05-30 12:45:50.124 | DEBUG    | httpcore._trace:atrace:87 - send_request_headers.started request=<Request [b'GET']>
2026-05-30 12:45:50.124 | DEBUG    | httpcore._trace:atrace:87 - send_request_headers.complete
2026-05-30 12:45:50.125 | DEBUG    | httpcore._trace:atrace:87 - send_request_body.started request=<Request [b'GET']>
2026-05-30 12:45:50.126 | DEBUG    | httpcore._trace:atrace:87 - send_request_body.complete
2026-05-30 12:45:50.126 | DEBUG    | httpcore._trace:atrace:87 - receive_response_headers.started request=<Request [b'GET']>
2026-05-30 12:45:50.212 | DEBUG    | httpcore._trace:atrace:87 - start_tls.complete return_value=<httpcore._backends.anyio.AnyIOStream object at 0x75d346af93d0>
2026-05-30 12:45:50.224 | DEBUG    | httpcore._trace:atrace:87 - receive_response_headers.complete return_value=(b'HTTP/1.1', 200, b'OK', [(b'Content-Length', b'971'), (b'Content-Type', b'image/png'), (b'Access-Control-Expose-Headers', b'Request-Context'), (b'OutputCachingAttribute', b'1'), (b'x-mdp-rootactivityid', b'fb8f491d28ec4c88af73456ac26e445e'), (b'X-AspNet-Version', b'4.0.30319'), (b'Request-Context', b'appId=cid-v1:d6e11e63-1bc8-4e56-a695-f7ad71758c42'), (b'Arr-Disable-Session-Affinity', b'true'), (b'Cache-Control', b'public, must-revalidate, max-age=3600, s-maxage=2592000'), (b'Date', b'Sat, 30 May 2026 12:45:50 GMT'), (b'Connection', b'keep-alive'), (b'Access-Control-Allow-Origin', b'*'), (b'X-Frame-Options', b'sameorigin'), (b'Referrer-Policy', b'same-origin'), (b'X-Content-Type-Options', b'nosniff'), (b'X-XSS-Protection', b'1; mode=block'), (b'Strict-Transport-Security', b'max-age=15768000 ; includeSubDomains'), (b'Akamai-GRN', b'0.d5c41302.1780145150.18401213'), (b'Set-Cookie', b'_abck=D9337DD07DFFA4AD2FFAECB187697FB3~-1~YAAQ1cQTAobmKECeAQAAfFjreA9Jf1Jhj7mUEcTGyYW/d92EpzcfDAPIe/dVlRFnrbQosuNAwZYIfyi2E38xkxQi0YSRAPQ9CwiHMF3cIpV9qtgvxh67+BJ3dgbblxegPS3cQiT9fcY4FaAHmcaaccS78ADiVraJ6kIwuLbrlLkB9/EoNFwUqmCj2gz7HzQBGvS1urEr0D0NR2ziw3L190T2MS+FmshnF5MnmX072jkwauZzqFy4oM4kLjPPwX/gcjoD67Mc48cUn6Ecyp2BoTF3TKId48eHc2fsKDx8mDK/1WNjNkpYFZc4ezm+3Fv9Tiz7ckxbfTpDTVyTgJo7N1r5BnLwMyqAY4jc4u8gZrdja87AihqTpioF1vhHM4qemom32N7G9sbYAemuIWXcItairyM/9qn3mq7aUcWpnGUhnt6H4wNIbs/tqR/AXQ1iwO+ldeWM~-1~-1~-1~-1~-1; Domain=.fifa.com; Path=/; Expires=Sun, 30 May 2027 12:45:50 GMT; Max-Age=31536000; Secure'), (b'Set-Cookie', b'bm_sz=CFC87FB61CDFE05CD60334C8AE09B3A2~YAAQ1cQTAofmKECeAQAAfFjreB+QQCJrxciHmHR/+zaR7XhIcY1nUN9wzMa6lQxTr5m9zl+FZC3NoggQY0OBPCXHLarJJ3bL4qb71DT5nLPnzGc5qConXvA7RTCPoS8P3wX1zloe85r+DG3cFfqgK/MWdRZu34N4U7O5zna8wFHCZ8Rq4zEqPQQ8OeO3N9K2BWF7cmP9AeCBzAkQQodZCpzHrPspLAaBA95FciEVk189HZAT4a2uZvBCHMvtFiOgwK/HXwyDp+zRee8KWJTJX2vQgk700CJUXwaGHP6dibQhUFgXqQg6nCuCiUfoh/Y7cM/w1Su0sevld3pTUKNqo69n3qk+R/Hkd7OTB8M=~4470064~4600897; Domain=.fifa.com; Path=/; Expires=Sat, 30 May 2026 16:45:50 GMT; Max-Age=14400')])
2026-05-30 12:45:50.225 | INFO     | httpx._client:_send_single_request:1740 - HTTP Request: GET https://api.fifa.com/api/v3/picture/flags-sq-1/GHA "HTTP/1.1 200 OK"
2026-05-30 12:45:50.224 | DEBUG    | httpcore._trace:atrace:87 - send_request_headers.started request=<Request [b'GET']>
2026-05-30 12:45:50.236 | DEBUG    | httpcore._trace:atrace:87 - receive_response_body.started request=<Request [b'GET']>
2026-05-30 12:45:50.224 | DEBUG    | httpcore._trace:atrace:87 - start_tls.complete return_value=<httpcore._backends.anyio.AnyIOStream object at 0x75d346182960>
2026-05-30 12:45:50.230 | DEBUG    | httpcore._trace:atrace:87 - send_request_headers.complete
2026-05-30 12:45:50.230 | DEBUG    | httpcore._trace:atrace:87 - send_request_body.started request=<Request [b'GET']>
2026-05-30 12:45:50.230 | DEBUG    | httpcore._trace:atrace:87 - send_request_body.complete
2026-05-30 12:45:50.231 | DEBUG    | httpcore._trace:atrace:87 - receive_response_headers.started request=<Request [b'GET']>
2026-05-30 12:45:50.231 | DEBUG    | httpcore._trace:atrace:87 - send_request_headers.started request=<Request [b'GET']>
2026-05-30 12:45:50.232 | DEBUG    | httpcore._trace:atrace:87 - start_tls.complete return_value=<httpcore._backends.anyio.AnyIOStream object at 0x75d3461c1d60>
2026-05-30 12:45:50.236 | DEBUG    | httpcore._trace:atrace:87 - receive_response_body.complete
2026-05-30 12:45:50.237 | DEBUG    | httpcore._trace:atrace:87 - response_closed.started
2026-05-30 12:45:50.280 | DEBUG    | httpcore._trace:atrace:87 - response_closed.complete
2026-05-30 12:45:50.241 | DEBUG    | httpcore._trace:atrace:87 - send_request_headers.complete
2026-05-30 12:45:50.242 | DEBUG    | httpcore._trace:atrace:87 - send_request_body.started request=<Request [b'GET']>
2026-05-30 12:45:50.242 | DEBUG    | httpcore._trace:atrace:87 - send_request_body.complete
2026-05-30 12:45:50.285 | DEBUG    | httpcore._trace:atrace:87 - close.started
2026-05-30 12:45:50.242 | DEBUG    | httpcore._trace:atrace:87 - receive_response_headers.started request=<Request [b'GET']>
2026-05-30 12:45:50.243 | DEBUG    | httpcore._trace:atrace:87 - send_request_headers.started request=<Request [b'GET']>
2026-05-30 12:45:50.286 | DEBUG    | httpcore._trace:atrace:87 - start_tls.complete return_value=<httpcore._backends.anyio.AnyIOStream object at 0x7fd9942ec8f0>
2026-05-30 12:45:50.287 | DEBUG    | httpcore._trace:atrace:87 - close.complete
2026-05-30 12:45:50.293 | DEBUG    | httpcore._trace:atrace:87 - send_request_headers.started request=<Request [b'GET']>
2026-05-30 12:45:50.243 | DEBUG    | httpcore._trace:atrace:87 - send_request_headers.complete
2026-05-30 12:45:50.294 | DEBUG    | httpcore._trace:atrace:87 - send_request_headers.complete
2026-05-30 12:45:50.297 | DEBUG    | httpcore._trace:atrace:87 - send_request_body.started request=<Request [b'GET']>
2026-05-30 12:45:50.298 | DEBUG    | httpcore._trace:atrace:87 - send_request_body.complete
2026-05-30 12:45:50.243 | DEBUG    | httpcore._trace:atrace:87 - send_request_body.started request=<Request [b'GET']>
2026-05-30 12:45:50.244 | DEBUG    | httpcore._trace:atrace:87 - send_request_body.complete
2026-05-30 12:45:50.299 | DEBUG    | httpcore._trace:atrace:87 - receive_response_headers.started request=<Request [b'GET']>
2026-05-30 12:45:50.244 | DEBUG    | httpcore._trace:atrace:87 - receive_response_headers.started request=<Request [b'GET']>
2026-05-30 12:45:50.303 | INFO     | uvicorn.protocols.http.httptools_impl:send:484 - 172.19.0.1:51244 - "GET /api/v1/teams/flags/flags-sq-1/GHA HTTP/1.1" 200
2026-05-30 12:45:50.289 | DEBUG    | httpcore._trace:atrace:87 - receive_response_headers.complete return_value=(b'HTTP/1.1', 200, b'OK', [(b'Content-Length', b'878'), (b'Content-Type', b'image/png'), (b'Access-Control-Expose-Headers', b'Request-Context'), (b'x-mdp-ck', b'**P**'), (b'x-mdp-rootactivityid', b'1345684057cc4eb3879f075317e05d7d'), (b'X-AspNet-Version', b'4.0.30319'), (b'Request-Context', b'appId=cid-v1:d6e11e63-1bc8-4e56-a695-f7ad71758c42'), (b'Arr-Disable-Session-Affinity', b'true'), (b'Cache-Control', b'public, must-revalidate, max-age=3600, s-maxage=2592000'), (b'Date', b'Sat, 30 May 2026 12:45:50 GMT'), (b'Connection', b'keep-alive'), (b'Access-Control-Allow-Origin', b'*'), (b'X-Frame-Options', b'sameorigin'), (b'Referrer-Policy', b'same-origin'), (b'X-Content-Type-Options', b'nosniff'), (b'X-XSS-Protection', b'1; mode=block'), (b'Strict-Transport-Security', b'max-age=15768000 ; includeSubDomains'), (b'Akamai-GRN', b'0.dec41302.1780145150.41fcd1'), (b'Set-Cookie', b'_abck=2067DBCDF920B78B117D0037AFC62E5A~-1~YAAQ3sQTAvLcc3eeAQAAt1jreA84tKFSsUSShdvXZBhHjd3lLV1Xa6++BLo3c+WaZmkAdHAxdHN3lexwXkkvak9nXS0YhpYywsrn102D7BxWV5hldIXrARvycFBgNvgrYie44BVXbwhH7S2N9skDQpFoHCe+FPyPcbd5L72svyfSz6VkEw8tTnYfWhvWrvleoKQESVqrmpl3JODnMqto/54BawwdwUj0KzemjYDNjV2LfYoVGwd+yGHFoa3srTLQhoG4yCvl/Wjrk6UBU+9eniqH9TzGo/Qr+AJ9s8W5uV6/foeg2cM5SlR+VnBIJpCwLQmAzQcNfOjrsz/aJAvVQ1Ptvoue8Y2XvdtUECx2Z3KKtVz+YoA4gTZcz8YQ6/e+Dl0sAkXrzJSeBXELPH85WJxKFgXnETNpZCCk9AO43sta5koaH/MFfLF52boRDn+g+i6vWK8K~-1~-1~-1~-1~-1; Domain=.fifa.com; Path=/; Expires=Sun, 30 May 2027 12:45:50 GMT; Max-Age=31536000; Secure'), (b'Set-Cookie', b'bm_sz=65C301C52ACDD51CFBDFFB47E27012D6~YAAQ3sQTAvPcc3eeAQAAt1jreB96p+3mXEui+4XOZqyEkKxrBzJyDN9dy9HT6EEQZuoYjLVaF7evmb3L9IRnftq8RZK8kc9J6qRE3g41LFaOnqMMDldlwAgXSuVqKBYbT0X6mf7JFg3YhS9/KTjsDJ1tTtUfZ/NfgYJ2tpVDGCAFcwTplHLBQEqZQK6BDTNf1G67vT7aYozYJw5uCPFEgTaknVfVhW9w/Do54MLZ/RFultPAzPxoYgYk7B7vvnSOSfMI8bcMbBzhL081R6IRnu3m+zHZ3StmTT+voibgE36Vgkt8WirndyA2N1zgcVHpqTGkYCcnAaIYObngvii9h0vMqGTTY8+waegpaII=~4470064~4600897; Domain=.fifa.com; Path=/; Expires=Sat, 30 May 2026 16:45:50 GMT; Max-Age=14400')])
2026-05-30 12:45:50.291 | INFO     | httpx._client:_send_single_request:1740 - HTTP Request: GET https://api.fifa.com/api/v3/picture/flags-sq-1/CUW "HTTP/1.1 200 OK"
2026-05-30 12:45:50.291 | DEBUG    | httpcore._trace:atrace:87 - receive_response_body.started request=<Request [b'GET']>
2026-05-30 12:45:50.292 | DEBUG    | httpcore._trace:atrace:87 - receive_response_body.complete
2026-05-30 12:45:50.300 | DEBUG    | httpcore._trace:atrace:87 - response_closed.started
2026-05-30 12:45:50.302 | DEBUG    | httpcore._trace:atrace:87 - response_closed.complete
2026-05-30 12:45:50.307 | DEBUG    | httpcore._trace:atrace:87 - close.started
2026-05-30 12:45:50.308 | DEBUG    | httpcore._trace:atrace:87 - receive_response_headers.complete return_value=(b'HTTP/1.1', 200, b'OK', [(b'Content-Length', b'1619'), (b'Content-Type', b'image/png'), (b'Access-Control-Expose-Headers', b'Request-Context'), (b'OutputCachingAttribute', b'1'), (b'x-mdp-rootactivityid', b'faf4164a56db475ba591bf4e05b9a0c3'), (b'X-AspNet-Version', b'4.0.30319'), (b'Request-Context', b'appId=cid-v1:d6e11e63-1bc8-4e56-a695-f7ad71758c42'), (b'Arr-Disable-Session-Affinity', b'true'), (b'Cache-Control', b'public, must-revalidate, max-age=3600, s-maxage=2592000'), (b'Date', b'Sat, 30 May 2026 12:45:50 GMT'), (b'Connection', b'keep-alive'), (b'Access-Control-Allow-Origin', b'*'), (b'X-Frame-Options', b'sameorigin'), (b'Referrer-Policy', b'same-origin'), (b'X-Content-Type-Options', b'nosniff'), (b'X-XSS-Protection', b'1; mode=block'), (b'Strict-Transport-Security', b'max-age=15768000 ; includeSubDomains'), (b'Akamai-GRN', b'0.d5c41302.1780145150.18401235'), (b'Set-Cookie', b'_abck=6C4566BF7FF0999BD23B72BD7D7E022B~-1~YAAQ1cQTAojmKECeAQAAxFjreA9HgXVZ3FjHx848Q/4i61Wfzp38gOfDSGdT23Mwy2rX5u6HLiHR3pIlgTBnrwdSyC+5kP7IAt0vsMTe8+X4+zYJfd0JZ6hO8VEoYwqZ+UITXTmAcGzsZ7OOZt1hJCwS5llMQOSUvlHVz8BpWzO5LkbN+Qi4MwWzK2zNXpL8/NIENwcaSobsnzYMwpmsUQZ9DUsqjB9BcBx/4zHsfJ9vYeJK6X/e4iFDIxvvTdOuJP6mxUw8WyyPhrqTzOQZSxIWw70F4wGMe5545abaMwygNTvY24afQrKzyscTOyXxEWawKHSg+zcprsSlsl2kTU9sI9atlrCRN3dAVMlQuJ8NvLqRu26zsFLr7JNLHuiMIy7OcnRCVx3rts3xi3jgk3QM3xWZo7GUSyMVaB52TbYqye6BGMjKs2q/xfBQsQ4HmLfjHmdb~-1~-1~-1~-1~-1; Domain=.fifa.com; Path=/; Expires=Sun, 30 May 2027 12:45:50 GMT; Max-Age=31536000; Secure'), (b'Set-Cookie', b'bm_sz=7BE25F9F61C318E3F5704DFA09DBB274~YAAQ1cQTAonmKECeAQAAxFjreB9+d0gVfEnanT2/cOVwOy0O/VP5oqARkERDzcppibEgq4nV8WcHbHCEaBGApdpW0WBfug4AwC75UBM3EZ7+luXayJtDCcThBu6Gl/RknoZAnTAKzYN0Vp0WPDTLNyglFmrgnbm7nFRlIywYZFFdvr80i6ANAj2t1Q3WjVxKayGAWTn4Mbd1mhIzHCG3WXxXRFWY0JIg8VdWIO3zX3rKGKAjwJd1N9kdUmOpTSS7l9sadM4LeLXdDQ4mha31iMVYO5lwGULouK+upK9LRSvRtB194dp5RvI+F+2gn4OFz9uaoHb2Y92ndL7Xam22MVqLael6PDS9CWra9/o=~4470064~4600897; Domain=.fifa.com; Path=/; Expires=Sat, 30 May 2026 16:45:50 GMT; Max-Age=14400')])
2026-05-30 12:45:50.309 | INFO     | httpx._client:_send_single_request:1740 - HTTP Request: GET https://api.fifa.com/api/v3/picture/flags-sq-1/HAI "HTTP/1.1 200 OK"
2026-05-30 12:45:50.314 | DEBUG    | httpcore._trace:atrace:87 - receive_response_body.started request=<Request [b'GET']>
2026-05-30 12:45:50.316 | DEBUG    | httpcore._trace:atrace:87 - receive_response_body.complete
2026-05-30 12:45:50.320 | DEBUG    | httpcore._trace:atrace:87 - response_closed.started
2026-05-30 12:45:50.321 | DEBUG    | httpcore._trace:atrace:87 - close.complete
2026-05-30 12:45:50.322 | DEBUG    | httpcore._trace:atrace:87 - response_closed.complete
2026-05-30 12:45:50.325 | DEBUG    | httpcore._trace:atrace:87 - close.started
2026-05-30 12:45:50.328 | DEBUG    | httpcore._trace:atrace:87 - receive_response_headers.complete return_value=(b'HTTP/1.1', 200, b'OK', [(b'Content-Length', b'1301'), (b'Content-Type', b'image/png'), (b'Access-Control-Expose-Headers', b'Request-Context'), (b'x-mdp-ck', b'**P**'), (b'x-mdp-rootactivityid', b'6401d737120a4531adb814aad8e94347'), (b'X-AspNet-Version', b'4.0.30319'), (b'Request-Context', b'appId=cid-v1:d6e11e63-1bc8-4e56-a695-f7ad71758c42'), (b'Arr-Disable-Session-Affinity', b'true'), (b'Cache-Control', b'public, must-revalidate, max-age=3600, s-maxage=2592000'), (b'Date', b'Sat, 30 May 2026 12:45:50 GMT'), (b'Connection', b'keep-alive'), (b'Access-Control-Allow-Origin', b'*'), (b'X-Frame-Options', b'sameorigin'), (b'Referrer-Policy', b'same-origin'), (b'X-Content-Type-Options', b'nosniff'), (b'X-XSS-Protection', b'1; mode=block'), (b'Strict-Transport-Security', b'max-age=15768000 ; includeSubDomains'), (b'Akamai-GRN', b'0.dec41302.1780145150.41fcd6'), (b'Set-Cookie', b'_abck=91D9091B8364915DC1C542EB9C495806~-1~YAAQ3sQTAvTcc3eeAQAA21jreA8axX4hONZ4utcZXcAJE/5zJNvCkORl6amcUV8ji+sJ717SmJaj1TSYfM7BBmA2cwj5hzCVyPJcX+cZ74BfYUIdUmsrDHLXvlPZde82duRPWc38deh41+ujqCaAlN8C6B70KskgbpYoobF+f6eLVSN/+yIFlTrHaC/CVN29TKaPXkU6towRuzIU7aBMzSpqeLyXd0ginsV0lmw6LlUhjzxeRFfR3Jkp8nn2jUKY57yQOQR40mfp7OiaIh5iMrgyjqkMRxAlsB9OADiGGzci6ER3NYVU0GseV7a7PFNQw2OEAiamlWdIaA7kunqxEsrOnYK0fzL8a6T3a3rCq1ytVM/6EDiwHdLvHme2YALHCGGYDmpMnrRFXsXnrepsGuK7/ySzsfdCeka18thhmhygBcnSQD3ggCGrUwTerftSiQiTx3Gg~-1~-1~-1~-1~-1; Domain=.fifa.com; Path=/; Expires=Sun, 30 May 2027 12:45:50 GMT; Max-Age=31536000; Secure'), (b'Set-Cookie', b'bm_sz=0529E77563E574C6E1DC12B13A490F86~YAAQ3sQTAvXcc3eeAQAA21jreB+QqHtGA7kkPERr2FvGsXVX+ipotXqrfqaoRZwcXKdmmo/G9Vw6wdaTSfj8ZV2R4NjvGlqOiF2LWLeky432590IMXG4YND685bR9G3mAtZkRnFuMjQijepD2AOtaL3e+BoAdpXaePt2ivo/Ai0lSTaV3Y4ekC52VSe8kodnm0wpXmDMrTAGY4MTUjNeBk6G42AhcEbnSp6gFoWkIc5FPnLiBrTB8f0WP06uVrUViklccFGGZBmMaGm/CLHnGEXZKVPGdK8VglnUwz5fYnr+9GDGMKB1RvMLyWMIGJEIEorSSfP8COb8LsZRpc0+mmGWEFGUJCqmp/9yFtc=~4470064~4600897; Domain=.fifa.com; Path=/; Expires=Sat, 30 May 2026 16:45:50 GMT; Max-Age=14400')])
2026-05-30 12:45:50.329 | INFO     | httpx._client:_send_single_request:1740 - HTTP Request: GET https://api.fifa.com/api/v3/picture/flags-sq-1/QAT "HTTP/1.1 200 OK"
2026-05-30 12:45:50.330 | DEBUG    | httpcore._trace:atrace:87 - receive_response_body.started request=<Request [b'GET']>
2026-05-30 12:45:50.332 | DEBUG    | httpcore._trace:atrace:87 - receive_response_body.complete
2026-05-30 12:45:50.338 | DEBUG    | httpcore._trace:atrace:87 - receive_response_headers.complete return_value=(b'HTTP/1.1', 200, b'OK', [(b'Content-Length', b'2727'), (b'Content-Type', b'image/png'), (b'Access-Control-Expose-Headers', b'Request-Context'), (b'x-mdp-ck', b'**P**'), (b'x-mdp-rootactivityid', b'db12adb50b4e4915a8cdcbbb2e1dae72'), (b'X-AspNet-Version', b'4.0.30319'), (b'Request-Context', b'appId=cid-v1:d6e11e63-1bc8-4e56-a695-f7ad71758c42'), (b'Arr-Disable-Session-Affinity', b'true'), (b'Cache-Control', b'public, must-revalidate, max-age=3600, s-maxage=2592000'), (b'Date', b'Sat, 30 May 2026 12:45:50 GMT'), (b'Connection', b'keep-alive'), (b'Access-Control-Allow-Origin', b'*'), (b'X-Frame-Options', b'sameorigin'), (b'Referrer-Policy', b'same-origin'), (b'X-Content-Type-Options', b'nosniff'), (b'X-XSS-Protection', b'1; mode=block'), (b'Strict-Transport-Security', b'max-age=15768000 ; includeSubDomains'), (b'Akamai-GRN', b'0.d5c41302.1780145150.18401249'), (b'Set-Cookie', b'_abck=10D3D1F0EDDE8CB41C791F9296BD54BD~-1~YAAQ1cQTAormKECeAQAA9FjreA9c3KXlXSoTGjMnqEN4ZjdfVNN8Lf1R7mLYrKsCshC+OZc25oDIWPKEvOxLcgSjW/dglPvoCoOilB0mx6mDKBrQxq3Eok0OpEZb1zNCHz3h54qA71sA+ByQYXAwxGGjzjXBkfnah2+FhNtI3mnXCszzSQbCGdw588CiScvwWDs1bmGJ8/aLNI4lGGiAdNQ/J8wBN1JL8K31nNbHrmABMhcYduy/3nGUzCvhoepVcKxnwa30JmIXUM2KIpS1zNwwE/qXMJYVoQXpi46MPmovGkOfMS+pHbTdn0bwwsiXMUgMjJPaFUXKZg79GgS9OeJ+uqi9UnO9z3No00jdawJm9AvajWgwISvhK+sGaqKPm2+dzt5IDOEQeYheMBWHXaVvLrTNVXxKs4UZFqTmBY/T+TO41VpKGzukHqOiIivPmEFvY711~-1~-1~-1~-1~-1; Domain=.fifa.com; Path=/; Expires=Sun, 30 May 2027 12:45:50 GMT; Max-Age=31536000; Secure'), (b'Set-Cookie', b'bm_sz=2DBA6612009978B6A7CC22E6C99E8D38~YAAQ1cQTAovmKECeAQAA9FjreB+6dGOYOI4cXj62RXimmPmhujoZ9QIAAH8m3FYb8vK/OeX6/6PYRF2q9w4OUiLwarxrOPe+tAqdsJq8Dmy3hQ3RwiwmKoc7VjbAhrSBOfVBSs4xCYYu5vfhduzVLRNowz3oZx07C2W/pv/FELJmPtdHEwI+w78HJIVb2dO21+OHWWwKH1FY4gOxoN5Sb4iL3zuuPRfRcQAe8Pib3l+Z8Sn+eAAWrPjadxmNRnnaLlMW49aIwEPm0P9qVWbDBWtHAZzDGojTtoce00hclL6BjsCQZg0Dv21mH7jcHS9yKWarw7ORNGcq9dbdrOm6wRlIQXblys74R2+ZnlQ=~4470064~4600897; Domain=.fifa.com; Path=/; Expires=Sat, 30 May 2026 16:45:50 GMT; Max-Age=14400')])
2026-05-30 12:45:50.340 | INFO     | httpx._client:_send_single_request:1740 - HTTP Request: GET https://api.fifa.com/api/v3/picture/flags-sq-1/RSA "HTTP/1.1 200 OK"
2026-05-30 12:45:50.333 | DEBUG    | httpcore._trace:atrace:87 - response_closed.started
2026-05-30 12:45:50.342 | DEBUG    | httpcore._trace:atrace:87 - receive_response_body.started request=<Request [b'GET']>
2026-05-30 12:45:50.344 | DEBUG    | httpcore._trace:atrace:87 - receive_response_body.complete
2026-05-30 12:45:50.348 | DEBUG    | httpcore._trace:atrace:87 - response_closed.started
2026-05-30 12:45:50.351 | DEBUG    | httpcore._trace:atrace:87 - response_closed.complete
2026-05-30 12:45:50.337 | DEBUG    | httpcore._trace:atrace:87 - close.complete
2026-05-30 12:45:50.357 | DEBUG    | httpcore._trace:atrace:87 - close.started
2026-05-30 12:45:50.358 | DEBUG    | httpcore._trace:atrace:87 - close.complete
2026-05-30 12:45:50.339 | DEBUG    | httpcore._trace:atrace:87 - response_closed.complete
2026-05-30 12:45:50.344 | DEBUG    | httpcore._trace:atrace:87 - close.started
2026-05-30 12:45:50.363 | INFO     | uvicorn.protocols.http.httptools_impl:send:484 - 172.19.0.1:51242 - "GET /api/v1/teams/flags/flags-sq-1/RSA HTTP/1.1" 200
2026-05-30 12:45:50.346 | DEBUG    | httpcore._trace:atrace:87 - close.complete
2026-05-30 12:45:50.350 | INFO     | uvicorn.protocols.http.httptools_impl:send:484 - 172.19.0.1:51224 - "GET /api/v1/teams/flags/flags-sq-1/QAT HTTP/1.1" 200
2026-05-30 12:45:50.355 | INFO     | uvicorn.protocols.http.httptools_impl:send:484 - 172.19.0.1:51260 - "GET /api/v1/teams/flags/flags-sq-1/HAI HTTP/1.1" 200
2026-05-30 12:45:50.358 | INFO     | uvicorn.protocols.http.httptools_impl:send:484 - 172.19.0.1:51268 - "GET /api/v1/teams/flags/flags-sq-1/CUW HTTP/1.1" 200
2026-05-30 12:46:07.578 | INFO     | app.services.get_squads:fetch_world_cup_squads:22 - FIFA takımları puan durumu verileri yerel önbellek dosyasından okunuyor (API isteği yapılmadı): app/data/squads.json
2026-05-30 12:46:07.581 | INFO     | app.services.get_rounds:fetch_world_cup_rounds:22 - FIFA fikstür verileri yerel önbellek dosyasından okunuyor (API isteği yapılmadı): app/data/rounds.json
2026-05-30 12:46:07.586 | INFO     | uvicorn.protocols.http.httptools_impl:send:484 - 172.19.0.1:47998 - "GET /api/v1/squads HTTP/1.1" 200
2026-05-30 12:46:07.587 | INFO     | app.services.get_teams:fetch_world_cup_participants:22 - FIFA verileri yerel önbellek dosyasından okunuyor (API isteği yapılmadı): app/data/fifa_data.json
2026-05-30 12:46:07.592 | INFO     | uvicorn.protocols.http.httptools_impl:send:484 - 172.19.0.1:48008 - "GET /api/v1/rounds HTTP/1.1" 200
2026-05-30 12:46:07.596 | INFO     | uvicorn.protocols.http.httptools_impl:send:484 - 172.19.0.1:48020 - "GET /api/v1/teams HTTP/1.1" 200
2026-05-30 12:46:07.597 | INFO     | app.services.get_squads:fetch_world_cup_squads:22 - FIFA takımları puan durumu verileri yerel önbellek dosyasından okunuyor (API isteği yapılmadı): app/data/squads.json
2026-05-30 12:46:07.599 | INFO     | app.services.get_elo:get_elo_ratings:228 - ELO Ratings yüklendi: 48 takım
2026-05-30 12:46:07.602 | INFO     | uvicorn.protocols.http.httptools_impl:send:484 - 172.19.0.1:47998 - "GET /api/v1/squads HTTP/1.1" 200
2026-05-30 12:46:07.623 | INFO     | uvicorn.protocols.http.httptools_impl:send:484 - 172.19.0.1:48032 - "GET /api/v1/elo/ratings HTTP/1.1" 200
2026-05-30 12:46:07.622 | INFO     | app.services.get_elo:get_elo_fixtures:482 - ELO Fixtures yüklendi: 72 Dünya Kupası maçı
2026-05-30 12:46:07.632 | INFO     | uvicorn.protocols.http.httptools_impl:send:484 - 172.19.0.1:48028 - "GET /api/v1/elo/fixtures HTTP/1.1" 200
2026-05-30 12:46:07.624 | INFO     | app.services.get_rounds:fetch_world_cup_rounds:22 - FIFA fikstür verileri yerel önbellek dosyasından okunuyor (API isteği yapılmadı): app/data/rounds.json
2026-05-30 12:46:07.635 | INFO     | app.services.get_teams:fetch_world_cup_participants:22 - FIFA verileri yerel önbellek dosyasından okunuyor (API isteği yapılmadı): app/data/fifa_data.json
2026-05-30 12:46:07.639 | INFO     | uvicorn.protocols.http.httptools_impl:send:484 - 172.19.0.1:48008 - "GET /api/v1/rounds HTTP/1.1" 200
2026-05-30 12:46:07.644 | INFO     | uvicorn.protocols.http.httptools_impl:send:484 - 172.19.0.1:48020 - "GET /api/v1/teams HTTP/1.1" 200
2026-05-30 12:46:07.644 | INFO     | app.services.get_elo:get_elo_ratings:228 - ELO Ratings yüklendi: 48 takım
2026-05-30 12:46:07.647 | INFO     | app.services.get_elo:get_elo_fixtures:482 - ELO Fixtures yüklendi: 72 Dünya Kupası maçı
2026-05-30 12:46:07.652 | INFO     | uvicorn.protocols.http.httptools_impl:send:484 - 172.19.0.1:48028 - "GET /api/v1/elo/fixtures HTTP/1.1" 200
2026-05-30 12:46:07.653 | INFO     | uvicorn.protocols.http.httptools_impl:send:484 - 172.19.0.1:48032 - "GET /api/v1/elo/ratings HTTP/1.1" 200
2026-05-30 12:46:07.655 | INFO     | uvicorn.protocols.http.httptools_impl:send:484 - 172.19.0.1:48014 - "GET /api/v1/winners HTTP/1.1" 200
2026-05-30 12:46:07.660 | INFO     | uvicorn.protocols.http.httptools_impl:send:484 - 172.19.0.1:48014 - "GET /api/v1/winners HTTP/1.1" 200
2026-05-30 12:46:07.668 | INFO     | uvicorn.protocols.http.httptools_impl:send:484 - 172.19.0.1:48014 - "GET /api/v1/elo/team/EN/form HTTP/1.1" 200
2026-05-30 12:46:07.675 | INFO     | app.api.v1.endpoints.teams:get_flag_proxy:77 - Flag not cached. Proxying from FIFA: https://api.fifa.com/api/v3/picture/flags-sq-2/ENG
2026-05-30 12:46:07.675 | INFO     | uvicorn.protocols.http.httptools_impl:send:484 - 172.19.0.1:48014 - "GET /api/v1/elo/team/EN/form HTTP/1.1" 200
2026-05-30 12:46:07.691 | DEBUG    | httpcore._trace:atrace:87 - connect_tcp.started host='api.fifa.com' port=443 local_address=None timeout=10.0 socket_options=None
2026-05-30 12:46:11.694 | DEBUG    | httpcore._trace:atrace:87 - connect_tcp.failed exception=ConnectError(gaierror(-5, 'No address associated with hostname'))
2026-05-30 12:46:11.695 | ERROR    | app.api.v1.endpoints.teams:get_flag_proxy:96 - Error in flag proxy for ENG: [Errno -5] No address associated with hostname. Redirecting.
2026-05-30 12:46:11.696 | INFO     | uvicorn.protocols.http.httptools_impl:send:484 - 172.19.0.1:48048 - "GET /api/v1/teams/flags/flags-sq-2/ENG HTTP/1.1" 307
2026-05-30 12:46:15.210 | INFO     | app.api.v1.endpoints.teams:get_flag_proxy:77 - Flag not cached. Proxying from FIFA: https://api.fifa.com/api/v3/picture/flags-sq-2/CRO
2026-05-30 12:46:15.217 | INFO     | app.api.v1.endpoints.teams:get_flag_proxy:77 - Flag not cached. Proxying from FIFA: https://api.fifa.com/api/v3/picture/flags-sq-2/PAN
2026-05-30 12:46:15.230 | DEBUG    | httpcore._trace:atrace:87 - connect_tcp.started host='api.fifa.com' port=443 local_address=None timeout=10.0 socket_options=None
2026-05-30 12:46:15.236 | INFO     | app.api.v1.endpoints.teams:get_flag_proxy:77 - Flag not cached. Proxying from FIFA: https://api.fifa.com/api/v3/picture/flags-sq-2/GHA
2026-05-30 12:46:15.240 | DEBUG    | httpcore._trace:atrace:87 - connect_tcp.started host='api.fifa.com' port=443 local_address=None timeout=10.0 socket_options=None
2026-05-30 12:46:15.257 | DEBUG    | httpcore._trace:atrace:87 - connect_tcp.started host='api.fifa.com' port=443 local_address=None timeout=10.0 socket_options=None
2026-05-30 12:46:19.128 | DEBUG    | httpcore._trace:atrace:87 - connect_tcp.failed exception=ConnectError(gaierror(-5, 'No address associated with hostname'))
2026-05-30 12:46:19.130 | ERROR    | app.api.v1.endpoints.teams:get_flag_proxy:96 - Error in flag proxy for CRO: [Errno -5] No address associated with hostname. Redirecting.
2026-05-30 12:46:19.131 | INFO     | uvicorn.protocols.http.httptools_impl:send:484 - 172.19.0.1:48048 - "GET /api/v1/teams/flags/flags-sq-2/CRO HTTP/1.1" 307
2026-05-30 12:46:19.139 | DEBUG    | httpcore._trace:atrace:87 - connect_tcp.failed exception=ConnectError(gaierror(-5, 'No address associated with hostname'))
2026-05-30 12:46:19.141 | ERROR    | app.api.v1.endpoints.teams:get_flag_proxy:96 - Error in flag proxy for PAN: [Errno -5] No address associated with hostname. Redirecting.
2026-05-30 12:46:19.141 | INFO     | uvicorn.protocols.http.httptools_impl:send:484 - 172.19.0.1:48062 - "GET /api/v1/teams/flags/flags-sq-2/PAN HTTP/1.1" 307
2026-05-30 12:46:19.154 | DEBUG    | httpcore._trace:atrace:87 - connect_tcp.failed exception=ConnectError(gaierror(-5, 'No address associated with hostname'))
2026-05-30 12:46:19.157 | ERROR    | app.api.v1.endpoints.teams:get_flag_proxy:96 - Error in flag proxy for GHA: [Errno -5] No address associated with hostname. Redirecting.
2026-05-30 12:46:19.158 | INFO     | uvicorn.protocols.http.httptools_impl:send:484 - 172.19.0.1:48078 - "GET /api/v1/teams/flags/flags-sq-2/GHA HTTP/1.1" 307
2026-05-30 12:46:33.448 | INFO     | app.services.get_teams:fetch_world_cup_participants:22 - FIFA verileri yerel önbellek dosyasından okunuyor (API isteği yapılmadı): app/data/fifa_data.json
2026-05-30 12:46:33.467 | INFO     | app.services.get_squads:fetch_world_cup_squads:22 - FIFA takımları puan durumu verileri yerel önbellek dosyasından okunuyor (API isteği yapılmadı): app/data/squads.json
2026-05-30 12:46:33.471 | INFO     | uvicorn.protocols.http.httptools_impl:send:484 - 172.19.0.1:34120 - "GET /api/v1/squads HTTP/1.1" 200
2026-05-30 12:46:33.478 | INFO     | app.services.get_squads:fetch_world_cup_squads:22 - FIFA takımları puan durumu verileri yerel önbellek dosyasından okunuyor (API isteği yapılmadı): app/data/squads.json
2026-05-30 12:46:33.480 | INFO     | uvicorn.protocols.http.httptools_impl:send:484 - 172.19.0.1:34112 - "GET /api/v1/teams HTTP/1.1" 200
2026-05-30 12:46:33.484 | INFO     | uvicorn.protocols.http.httptools_impl:send:484 - 172.19.0.1:34120 - "GET /api/v1/squads HTTP/1.1" 200
2026-05-30 12:46:33.485 | INFO     | app.services.get_teams:fetch_world_cup_participants:22 - FIFA verileri yerel önbellek dosyasından okunuyor (API isteği yapılmadı): app/data/fifa_data.json
2026-05-30 12:46:33.495 | INFO     | uvicorn.protocols.http.httptools_impl:send:484 - 172.19.0.1:34122 - "GET /api/v1/teams HTTP/1.1" 200
2026-05-30 12:46:33.557 | INFO     | app.api.v1.endpoints.teams:get_flag_proxy:77 - Flag not cached. Proxying from FIFA: https://api.fifa.com/api/v3/picture/flags-sq-2/CAN
2026-05-30 12:46:33.575 | INFO     | app.api.v1.endpoints.teams:get_flag_proxy:77 - Flag not cached. Proxying from FIFA: https://api.fifa.com/api/v3/picture/flags-sq-2/MEX
2026-05-30 12:46:33.586 | DEBUG    | httpcore._trace:atrace:87 - connect_tcp.started host='api.fifa.com' port=443 local_address=None timeout=10.0 socket_options=None
2026-05-30 12:46:33.591 | INFO     | app.api.v1.endpoints.teams:get_flag_proxy:77 - Flag not cached. Proxying from FIFA: https://api.fifa.com/api/v3/picture/flags-sq-2/USA
2026-05-30 12:46:33.600 | DEBUG    | httpcore._trace:atrace:87 - connect_tcp.started host='api.fifa.com' port=443 local_address=None timeout=10.0 socket_options=None
2026-05-30 12:46:33.604 | INFO     | app.api.v1.endpoints.teams:get_flag_proxy:77 - Flag not cached. Proxying from FIFA: https://api.fifa.com/api/v3/picture/flags-sq-2/ARG
2026-05-30 12:46:33.623 | DEBUG    | httpcore._trace:atrace:87 - connect_tcp.started host='api.fifa.com' port=443 local_address=None timeout=10.0 socket_options=None
2026-05-30 12:46:33.626 | DEBUG    | httpcore._trace:atrace:87 - connect_tcp.started host='api.fifa.com' port=443 local_address=None timeout=10.0 socket_options=None
2026-05-30 12:46:33.632 | INFO     | app.api.v1.endpoints.teams:get_flag_proxy:77 - Flag not cached. Proxying from FIFA: https://api.fifa.com/api/v3/picture/flags-sq-2/AUS
2026-05-30 12:46:33.639 | INFO     | app.api.v1.endpoints.teams:get_flag_proxy:77 - Flag not cached. Proxying from FIFA: https://api.fifa.com/api/v3/picture/flags-sq-2/ALG
2026-05-30 12:46:33.659 | DEBUG    | httpcore._trace:atrace:87 - connect_tcp.started host='api.fifa.com' port=443 local_address=None timeout=10.0 socket_options=None
2026-05-30 12:46:33.661 | DEBUG    | httpcore._trace:atrace:87 - connect_tcp.started host='api.fifa.com' port=443 local_address=None timeout=10.0 socket_options=None
2026-05-30 12:46:37.592 | DEBUG    | httpcore._trace:atrace:87 - connect_tcp.failed exception=ConnectError(gaierror(-5, 'No address associated with hostname'))
2026-05-30 12:46:37.595 | ERROR    | app.api.v1.endpoints.teams:get_flag_proxy:96 - Error in flag proxy for CAN: [Errno -5] No address associated with hostname. Redirecting.
2026-05-30 12:46:37.596 | INFO     | uvicorn.protocols.http.httptools_impl:send:484 - 172.19.0.1:34134 - "GET /api/v1/teams/flags/flags-sq-2/CAN HTTP/1.1" 307
2026-05-30 12:46:37.600 | INFO     | app.api.v1.endpoints.teams:get_flag_proxy:77 - Flag not cached. Proxying from FIFA: https://api.fifa.com/api/v3/picture/flags-sq-2/AUT
2026-05-30 12:46:37.607 | DEBUG    | httpcore._trace:atrace:87 - connect_tcp.failed exception=ConnectError(gaierror(-5, 'No address associated with hostname'))
2026-05-30 12:46:37.609 | ERROR    | app.api.v1.endpoints.teams:get_flag_proxy:96 - Error in flag proxy for MEX: [Errno -5] No address associated with hostname. Redirecting.
2026-05-30 12:46:37.610 | INFO     | uvicorn.protocols.http.httptools_impl:send:484 - 172.19.0.1:34140 - "GET /api/v1/teams/flags/flags-sq-2/MEX HTTP/1.1" 307
2026-05-30 12:46:37.622 | INFO     | app.api.v1.endpoints.teams:get_flag_proxy:77 - Flag not cached. Proxying from FIFA: https://api.fifa.com/api/v3/picture/flags-sq-2/CIV
2026-05-30 12:46:37.626 | DEBUG    | httpcore._trace:atrace:87 - connect_tcp.started host='api.fifa.com' port=443 local_address=None timeout=10.0 socket_options=None
2026-05-30 12:46:37.629 | DEBUG    | httpcore._trace:atrace:87 - connect_tcp.failed exception=ConnectError(gaierror(-5, 'No address associated with hostname'))
2026-05-30 12:46:37.632 | ERROR    | app.api.v1.endpoints.teams:get_flag_proxy:96 - Error in flag proxy for USA: [Errno -5] No address associated with hostname. Redirecting.
2026-05-30 12:46:37.633 | INFO     | uvicorn.protocols.http.httptools_impl:send:484 - 172.19.0.1:34144 - "GET /api/v1/teams/flags/flags-sq-2/USA HTTP/1.1" 307
2026-05-30 12:46:37.637 | INFO     | app.api.v1.endpoints.teams:get_flag_proxy:77 - Flag not cached. Proxying from FIFA: https://api.fifa.com/api/v3/picture/flags-sq-2/COL
2026-05-30 12:46:37.647 | DEBUG    | httpcore._trace:atrace:87 - connect_tcp.started host='api.fifa.com' port=443 local_address=None timeout=10.0 socket_options=None
2026-05-30 12:46:37.649 | DEBUG    | httpcore._trace:atrace:87 - connect_tcp.failed exception=ConnectError(gaierror(-5, 'No address associated with hostname'))
2026-05-30 12:46:37.652 | ERROR    | app.api.v1.endpoints.teams:get_flag_proxy:96 - Error in flag proxy for ARG: [Errno -5] No address associated with hostname. Redirecting.
2026-05-30 12:46:37.653 | INFO     | uvicorn.protocols.http.httptools_impl:send:484 - 172.19.0.1:34166 - "GET /api/v1/teams/flags/flags-sq-2/ARG HTTP/1.1" 307
2026-05-30 12:46:37.657 | INFO     | app.api.v1.endpoints.teams:get_flag_proxy:77 - Flag not cached. Proxying from FIFA: https://api.fifa.com/api/v3/picture/flags-sq-2/BIH
2026-05-30 12:46:37.663 | DEBUG    | httpcore._trace:atrace:87 - connect_tcp.started host='api.fifa.com' port=443 local_address=None timeout=10.0 socket_options=None
2026-05-30 12:46:37.675 | DEBUG    | httpcore._trace:atrace:87 - connect_tcp.started host='api.fifa.com' port=443 local_address=None timeout=10.0 socket_options=None
2026-05-30 12:46:38.300 | INFO     | app.api.v1.endpoints.teams:get_flag_proxy:77 - Flag not cached. Proxying from FIFA: https://api.fifa.com/api/v3/picture/flags-sq-2/COD
2026-05-30 12:46:38.316 | INFO     | app.api.v1.endpoints.teams:get_flag_proxy:77 - Flag not cached. Proxying from FIFA: https://api.fifa.com/api/v3/picture/flags-sq-2/POR
2026-05-30 12:46:38.339 | DEBUG    | httpcore._trace:atrace:87 - connect_tcp.started host='api.fifa.com' port=443 local_address=None timeout=10.0 socket_options=None
2026-05-30 12:46:38.355 | DEBUG    | httpcore._trace:atrace:87 - connect_tcp.started host='api.fifa.com' port=443 local_address=None timeout=10.0 socket_options=None
2026-05-30 12:46:38.723 | INFO     | app.services.get_teams:fetch_world_cup_participants:22 - FIFA verileri yerel önbellek dosyasından okunuyor (API isteği yapılmadı): app/data/fifa_data.json
2026-05-30 12:46:38.731 | INFO     | uvicorn.protocols.http.httptools_impl:send:484 - 172.19.0.1:58920 - "GET /api/v1/teams HTTP/1.1" 200
2026-05-30 12:46:38.736 | INFO     | app.services.get_teams:fetch_world_cup_participants:22 - FIFA verileri yerel önbellek dosyasından okunuyor (API isteği yapılmadı): app/data/fifa_data.json
2026-05-30 12:46:38.753 | INFO     | uvicorn.protocols.http.httptools_impl:send:484 - 172.19.0.1:58920 - "GET /api/v1/teams HTTP/1.1" 200
2026-05-30 12:46:38.813 | INFO     | app.services.get_squads:fetch_world_cup_squads:22 - FIFA takımları puan durumu verileri yerel önbellek dosyasından okunuyor (API isteği yapılmadı): app/data/squads.json
2026-05-30 12:46:38.809 | INFO     | app.services.get_teams:fetch_world_cup_participants:22 - FIFA verileri yerel önbellek dosyasından okunuyor (API isteği yapılmadı): app/data/fifa_data.json
2026-05-30 12:46:38.817 | INFO     | uvicorn.protocols.http.httptools_impl:send:484 - 172.19.0.1:58920 - "GET /api/v1/teams HTTP/1.1" 200
2026-05-30 12:46:38.820 | INFO     | uvicorn.protocols.http.httptools_impl:send:484 - 172.19.0.1:58928 - "GET /api/v1/squads HTTP/1.1" 200
2026-05-30 12:46:38.824 | INFO     | app.services.get_squads:fetch_world_cup_squads:22 - FIFA takımları puan durumu verileri yerel önbellek dosyasından okunuyor (API isteği yapılmadı): app/data/squads.json
2026-05-30 12:46:38.823 | INFO     | app.services.get_teams:fetch_world_cup_participants:22 - FIFA verileri yerel önbellek dosyasından okunuyor (API isteği yapılmadı): app/data/fifa_data.json
2026-05-30 12:46:38.836 | INFO     | uvicorn.protocols.http.httptools_impl:send:484 - 172.19.0.1:58920 - "GET /api/v1/teams HTTP/1.1" 200
2026-05-30 12:46:38.835 | INFO     | uvicorn.protocols.http.httptools_impl:send:484 - 172.19.0.1:58934 - "GET /api/v1/squads HTTP/1.1" 200
2026-05-30 12:46:38.902 | INFO     | app.api.v1.endpoints.teams:get_flag_proxy:77 - Flag not cached. Proxying from FIFA: https://api.fifa.com/api/v3/picture/flags-sq-2/CAN
2026-05-30 12:46:38.919 | INFO     | app.api.v1.endpoints.teams:get_flag_proxy:77 - Flag not cached. Proxying from FIFA: https://api.fifa.com/api/v3/picture/flags-sq-2/ALG
2026-05-30 12:46:38.929 | DEBUG    | httpcore._trace:atrace:87 - connect_tcp.started host='api.fifa.com' port=443 local_address=None timeout=10.0 socket_options=None
2026-05-30 12:46:38.930 | INFO     | app.api.v1.endpoints.teams:get_flag_proxy:77 - Flag not cached. Proxying from FIFA: https://api.fifa.com/api/v3/picture/flags-sq-2/ARG
2026-05-30 12:46:38.941 | DEBUG    | httpcore._trace:atrace:87 - connect_tcp.started host='api.fifa.com' port=443 local_address=None timeout=10.0 socket_options=None
2026-05-30 12:46:38.945 | INFO     | app.api.v1.endpoints.teams:get_flag_proxy:77 - Flag not cached. Proxying from FIFA: https://api.fifa.com/api/v3/picture/flags-sq-2/USA
2026-05-30 12:46:38.953 | DEBUG    | httpcore._trace:atrace:87 - connect_tcp.started host='api.fifa.com' port=443 local_address=None timeout=10.0 socket_options=None
2026-05-30 12:46:38.955 | INFO     | app.api.v1.endpoints.teams:get_flag_proxy:77 - Flag not cached. Proxying from FIFA: https://api.fifa.com/api/v3/picture/flags-sq-2/MEX
2026-05-30 12:46:38.973 | DEBUG    | httpcore._trace:atrace:87 - connect_tcp.started host='api.fifa.com' port=443 local_address=None timeout=10.0 socket_options=None
2026-05-30 12:46:38.975 | DEBUG    | httpcore._trace:atrace:87 - connect_tcp.started host='api.fifa.com' port=443 local_address=None timeout=10.0 socket_options=None
2026-05-30 12:46:38.979 | INFO     | app.api.v1.endpoints.teams:get_flag_proxy:77 - Flag not cached. Proxying from FIFA: https://api.fifa.com/api/v3/picture/flags-sq-2/AUS
2026-05-30 12:46:38.998 | DEBUG    | httpcore._trace:atrace:87 - connect_tcp.started host='api.fifa.com' port=443 local_address=None timeout=10.0 socket_options=None
2026-05-30 12:46:41.594 | DEBUG    | httpcore._trace:atrace:87 - connect_tcp.failed exception=ConnectError(gaierror(-5, 'No address associated with hostname'))
2026-05-30 12:46:41.596 | ERROR    | app.api.v1.endpoints.teams:get_flag_proxy:96 - Error in flag proxy for ALG: [Errno -5] No address associated with hostname. Redirecting.
2026-05-30 12:46:41.607 | DEBUG    | httpcore._trace:atrace:87 - connect_tcp.failed exception=ConnectError(gaierror(-5, 'No address associated with hostname'))
2026-05-30 12:46:41.609 | ERROR    | app.api.v1.endpoints.teams:get_flag_proxy:96 - Error in flag proxy for AUS: [Errno -5] No address associated with hostname. Redirecting.
2026-05-30 12:46:41.630 | DEBUG    | httpcore._trace:atrace:87 - connect_tcp.failed exception=ConnectError(gaierror(-5, 'No address associated with hostname'))
2026-05-30 12:46:41.632 | ERROR    | app.api.v1.endpoints.teams:get_flag_proxy:96 - Error in flag proxy for AUT: [Errno -5] No address associated with hostname. Redirecting.
2026-05-30 12:46:41.653 | DEBUG    | httpcore._trace:atrace:87 - connect_tcp.failed exception=ConnectError(gaierror(-5, 'No address associated with hostname'))
2026-05-30 12:46:41.655 | ERROR    | app.api.v1.endpoints.teams:get_flag_proxy:96 - Error in flag proxy for CIV: [Errno -5] No address associated with hostname. Redirecting.
2026-05-30 12:46:45.596 | DEBUG    | httpcore._trace:atrace:87 - connect_tcp.failed exception=ConnectError(gaierror(-5, 'No address associated with hostname'))
2026-05-30 12:46:45.597 | ERROR    | app.api.v1.endpoints.teams:get_flag_proxy:96 - Error in flag proxy for COL: [Errno -5] No address associated with hostname. Redirecting.
2026-05-30 12:46:45.608 | DEBUG    | httpcore._trace:atrace:87 - connect_tcp.failed exception=ConnectError(gaierror(-5, 'No address associated with hostname'))
2026-05-30 12:46:45.609 | ERROR    | app.api.v1.endpoints.teams:get_flag_proxy:96 - Error in flag proxy for BIH: [Errno -5] No address associated with hostname. Redirecting.
2026-05-30 12:46:45.632 | DEBUG    | httpcore._trace:atrace:87 - connect_tcp.failed exception=ConnectError(gaierror(-5, 'No address associated with hostname'))
2026-05-30 12:46:45.634 | ERROR    | app.api.v1.endpoints.teams:get_flag_proxy:96 - Error in flag proxy for COD: [Errno -5] No address associated with hostname. Redirecting.
2026-05-30 12:46:45.655 | DEBUG    | httpcore._trace:atrace:87 - connect_tcp.failed exception=ConnectError(gaierror(-5, 'No address associated with hostname'))
2026-05-30 12:46:45.658 | ERROR    | app.api.v1.endpoints.teams:get_flag_proxy:96 - Error in flag proxy for POR: [Errno -5] No address associated with hostname. Redirecting.
2026-05-30 12:46:45.705 | DEBUG    | httpcore._trace:atrace:87 - connect_tcp.failed exception=ConnectError(gaierror(-5, 'No address associated with hostname'))
2026-05-30 12:46:45.707 | ERROR    | app.api.v1.endpoints.teams:get_flag_proxy:96 - Error in flag proxy for CAN: [Errno -5] No address associated with hostname. Redirecting.
2026-05-30 12:46:45.705 | DEBUG    | httpcore._trace:atrace:87 - connect_tcp.failed exception=ConnectError(gaierror(-5, 'No address associated with hostname'))
2026-05-30 12:46:45.706 | ERROR    | app.api.v1.endpoints.teams:get_flag_proxy:96 - Error in flag proxy for ALG: [Errno -5] No address associated with hostname. Redirecting.
2026-05-30 12:46:45.707 | INFO     | uvicorn.protocols.http.httptools_impl:send:484 - 172.19.0.1:58910 - "GET /api/v1/teams/flags/flags-sq-2/CAN HTTP/1.1" 307
2026-05-30 12:46:45.707 | INFO     | uvicorn.protocols.http.httptools_impl:send:484 - 172.19.0.1:58938 - "GET /api/v1/teams/flags/flags-sq-2/ALG HTTP/1.1" 307
2026-05-30 12:46:45.710 | DEBUG    | httpcore._trace:atrace:87 - connect_tcp.failed exception=ConnectError(gaierror(-5, 'No address associated with hostname'))
2026-05-30 12:46:45.718 | ERROR    | app.api.v1.endpoints.teams:get_flag_proxy:96 - Error in flag proxy for USA: [Errno -5] No address associated with hostname. Redirecting.
2026-05-30 12:46:45.714 | INFO     | app.api.v1.endpoints.teams:get_flag_proxy:77 - Flag not cached. Proxying from FIFA: https://api.fifa.com/api/v3/picture/flags-sq-2/AUT
2026-05-30 12:46:45.719 | INFO     | uvicorn.protocols.http.httptools_impl:send:484 - 172.19.0.1:58948 - "GET /api/v1/teams/flags/flags-sq-2/USA HTTP/1.1" 307
2026-05-30 12:46:45.722 | INFO     | app.api.v1.endpoints.teams:get_flag_proxy:77 - Flag not cached. Proxying from FIFA: https://api.fifa.com/api/v3/picture/flags-sq-2/BEL
2026-05-30 12:46:45.744 | DEBUG    | httpcore._trace:atrace:87 - connect_tcp.started host='api.fifa.com' port=443 local_address=None timeout=10.0 socket_options=None
2026-05-30 12:46:45.762 | DEBUG    | httpcore._trace:atrace:87 - connect_tcp.started host='api.fifa.com' port=443 local_address=None timeout=10.0 socket_options=None
2026-05-30 12:46:45.766 | INFO     | app.api.v1.endpoints.teams:get_flag_proxy:77 - Flag not cached. Proxying from FIFA: https://api.fifa.com/api/v3/picture/flags-sq-2/BIH
2026-05-30 12:46:45.776 | DEBUG    | httpcore._trace:atrace:87 - connect_tcp.complete return_value=<httpcore._backends.anyio.AnyIOStream object at 0x7fd994d93da0>
2026-05-30 12:46:45.776 | DEBUG    | httpcore._trace:atrace:87 - start_tls.started ssl_context=<ssl.SSLContext object at 0x7fd99431d650> server_hostname='api.fifa.com' timeout=10.0
2026-05-30 12:46:45.782 | DEBUG    | httpcore._trace:atrace:87 - connect_tcp.complete return_value=<httpcore._backends.anyio.AnyIOStream object at 0x7fd994eef800>
2026-05-30 12:46:45.783 | DEBUG    | httpcore._trace:atrace:87 - start_tls.started ssl_context=<ssl.SSLContext object at 0x7fd9942c3450> server_hostname='api.fifa.com' timeout=10.0
2026-05-30 12:46:45.790 | DEBUG    | httpcore._trace:atrace:87 - connect_tcp.complete return_value=<httpcore._backends.anyio.AnyIOStream object at 0x7fd9978e5d60>
2026-05-30 12:46:45.791 | DEBUG    | httpcore._trace:atrace:87 - start_tls.started ssl_context=<ssl.SSLContext object at 0x7fd9942c27d0> server_hostname='api.fifa.com' timeout=10.0
2026-05-30 12:46:45.796 | DEBUG    | httpcore._trace:atrace:87 - connect_tcp.started host='api.fifa.com' port=443 local_address=None timeout=10.0 socket_options=None
2026-05-30 12:46:45.798 | DEBUG    | httpcore._trace:atrace:87 - connect_tcp.complete return_value=<httpcore._backends.anyio.AnyIOStream object at 0x75d347db1580>
2026-05-30 12:46:45.798 | DEBUG    | httpcore._trace:atrace:87 - start_tls.started ssl_context=<ssl.SSLContext object at 0x75d3461d90d0> server_hostname='api.fifa.com' timeout=10.0
2026-05-30 12:46:45.825 | DEBUG    | httpcore._trace:atrace:87 - start_tls.complete return_value=<httpcore._backends.anyio.AnyIOStream object at 0x7fd994d938f0>
2026-05-30 12:46:45.828 | DEBUG    | httpcore._trace:atrace:87 - connect_tcp.complete return_value=<httpcore._backends.anyio.AnyIOStream object at 0x75d346c85c10>
2026-05-30 12:46:45.829 | DEBUG    | httpcore._trace:atrace:87 - start_tls.started ssl_context=<ssl.SSLContext object at 0x75d34617cf50> server_hostname='api.fifa.com' timeout=10.0
2026-05-30 12:46:45.839 | DEBUG    | httpcore._trace:atrace:87 - start_tls.complete return_value=<httpcore._backends.anyio.AnyIOStream object at 0x75d34976da00>
2026-05-30 12:46:45.839 | DEBUG    | httpcore._trace:atrace:87 - send_request_headers.started request=<Request [b'GET']>
2026-05-30 12:46:45.841 | DEBUG    | httpcore._trace:atrace:87 - send_request_headers.started request=<Request [b'GET']>
2026-05-30 12:46:45.841 | DEBUG    | httpcore._trace:atrace:87 - start_tls.complete return_value=<httpcore._backends.anyio.AnyIOStream object at 0x7fd995215220>
2026-05-30 12:46:45.844 | DEBUG    | httpcore._trace:atrace:87 - send_request_headers.complete
2026-05-30 12:46:45.845 | DEBUG    | httpcore._trace:atrace:87 - start_tls.complete return_value=<httpcore._backends.anyio.AnyIOStream object at 0x7fd994eef710>
2026-05-30 12:46:45.846 | DEBUG    | httpcore._trace:atrace:87 - send_request_body.started request=<Request [b'GET']>
2026-05-30 12:46:45.847 | DEBUG    | httpcore._trace:atrace:87 - send_request_body.complete
2026-05-30 12:46:45.847 | DEBUG    | httpcore._trace:atrace:87 - receive_response_headers.started request=<Request [b'GET']>
2026-05-30 12:46:45.848 | DEBUG    | httpcore._trace:atrace:87 - connect_tcp.complete return_value=<httpcore._backends.anyio.AnyIOStream object at 0x75d3461a5430>
2026-05-30 12:46:45.848 | DEBUG    | httpcore._trace:atrace:87 - send_request_headers.complete
2026-05-30 12:46:45.849 | DEBUG    | httpcore._trace:atrace:87 - start_tls.started ssl_context=<ssl.SSLContext object at 0x75d346163cd0> server_hostname='api.fifa.com' timeout=10.0
2026-05-30 12:46:45.849 | DEBUG    | httpcore._trace:atrace:87 - send_request_body.started request=<Request [b'GET']>
2026-05-30 12:46:45.849 | DEBUG    | httpcore._trace:atrace:87 - send_request_body.complete
2026-05-30 12:46:45.849 | DEBUG    | httpcore._trace:atrace:87 - receive_response_headers.started request=<Request [b'GET']>
2026-05-30 12:46:45.849 | DEBUG    | httpcore._trace:atrace:87 - send_request_headers.started request=<Request [b'GET']>
2026-05-30 12:46:45.850 | DEBUG    | httpcore._trace:atrace:87 - send_request_headers.started request=<Request [b'GET']>
2026-05-30 12:46:45.852 | DEBUG    | httpcore._trace:atrace:87 - send_request_headers.complete
2026-05-30 12:46:45.852 | DEBUG    | httpcore._trace:atrace:87 - send_request_body.started request=<Request [b'GET']>
2026-05-30 12:46:45.853 | DEBUG    | httpcore._trace:atrace:87 - send_request_body.complete
2026-05-30 12:46:45.853 | DEBUG    | httpcore._trace:atrace:87 - receive_response_headers.started request=<Request [b'GET']>
2026-05-30 12:46:45.854 | DEBUG    | httpcore._trace:atrace:87 - send_request_headers.complete
2026-05-30 12:46:45.855 | DEBUG    | httpcore._trace:atrace:87 - send_request_body.started request=<Request [b'GET']>
2026-05-30 12:46:45.856 | DEBUG    | httpcore._trace:atrace:87 - send_request_body.complete
2026-05-30 12:46:45.856 | DEBUG    | httpcore._trace:atrace:87 - receive_response_headers.started request=<Request [b'GET']>
2026-05-30 12:46:45.869 | DEBUG    | httpcore._trace:atrace:87 - start_tls.complete return_value=<httpcore._backends.anyio.AnyIOStream object at 0x75d346c84650>
2026-05-30 12:46:45.871 | DEBUG    | httpcore._trace:atrace:87 - send_request_headers.started request=<Request [b'GET']>
2026-05-30 12:46:45.873 | DEBUG    | httpcore._trace:atrace:87 - send_request_headers.complete
2026-05-30 12:46:45.874 | DEBUG    | httpcore._trace:atrace:87 - send_request_body.started request=<Request [b'GET']>
2026-05-30 12:46:45.875 | DEBUG    | httpcore._trace:atrace:87 - send_request_body.complete
2026-05-30 12:46:45.876 | DEBUG    | httpcore._trace:atrace:87 - receive_response_headers.started request=<Request [b'GET']>
2026-05-30 12:46:45.892 | DEBUG    | httpcore._trace:atrace:87 - receive_response_headers.complete return_value=(b'HTTP/1.1', 200, b'OK', [(b'Content-Length', b'2487'), (b'Content-Type', b'image/png'), (b'Access-Control-Expose-Headers', b'Request-Context'), (b'x-mdp-ck', b'**P**'), (b'x-mdp-rootactivityid', b'4c101c4f7c204c9eb4d0744bb8bbe047'), (b'X-AspNet-Version', b'4.0.30319'), (b'Request-Context', b'appId=cid-v1:d6e11e63-1bc8-4e56-a695-f7ad71758c42'), (b'Arr-Disable-Session-Affinity', b'true'), (b'Cache-Control', b'public, must-revalidate, max-age=3600, s-maxage=2592000'), (b'Date', b'Sat, 30 May 2026 12:46:45 GMT'), (b'Connection', b'keep-alive'), (b'Access-Control-Allow-Origin', b'*'), (b'X-Frame-Options', b'sameorigin'), (b'Referrer-Policy', b'same-origin'), (b'X-Content-Type-Options', b'nosniff'), (b'X-XSS-Protection', b'1; mode=block'), (b'Strict-Transport-Security', b'max-age=15768000 ; includeSubDomains'), (b'Akamai-GRN', b'0.d5c41302.1780145205.18406383'), (b'Set-Cookie', b'_abck=DDB670DA044E40F3636EDF884FAB9C4A~-1~YAAQ1cQTAvjoKECeAQAA9THseA9ucqoPYcM7KBYjWt48G4+cEUOd/wFOmQZSfHXOdzaYSn38xhlriiB2hTEkPY/PuOLBzBYJCLTuubnLId5PGzMsT3uRCU/lxBCvlvISCzl9w/ZE9Ulqxg2cHseyUFN1RzeuFv2mv0XTkzDVfY9jWqHTFOCQdkZJ8TY+LwkjyZPiVfKgIEDenUgYP8Yb7JjfIFf7NGV3EEGX5mjuBEK1vWGEElA7r1Dtrqx1Y+TIfV7K3USQ3r09yosmFQelXbCiSSzo5RyVdRu8WV/wAXC3CTe+mfa55jsXlqLGzBblTGjEGu7kToPM7ygncMCMoGgME+wnqqkvMfmf+VP9oAJIm9klzGm4Ja1pfNZNb8k+spuw4B06wcgAcwoIS9MfJ/GYYNmxubgKXvLwBp5yUvV1qM/DBUK66ZJxx+kxrxw1Bmz0XtR+~-1~-1~-1~-1~-1; Domain=.fifa.com; Path=/; Expires=Sun, 30 May 2027 12:46:45 GMT; Max-Age=31536000; Secure'), (b'Set-Cookie', b'bm_sz=00198AF193AF6671FA4F3FCF67B6CB69~YAAQ1cQTAvnoKECeAQAA9THseB+34Kj5NZ7rZpE24D7l26dSUodVM32np1zyWXWJjBhuxBmQ7PBsymT6D5JhXOV8HBz6EQoY95Ibt07gRrA77PmiiFsvho8Sjc/8JxTlooHMkACv0vPeB9hOuaergu6nnYxBSBLGQxmjba1K9NC0gr8UdrctNbwQ26sqFbKLqQayxihNnLMy9Sd01+Icx7YEWoUXlFZnXy2jftvWsVv5DgZicIbI6PHQQq6Kl2JnY5vx5J3I3N+nCrnvtqBgeZNhRWwqS7jWMyeYxaV/k1QHSn5xESrJahfTrQWewfFwum4s2Wj0rgkcHX0DtB7Gk2YEBcKb4pGspNjozyk=~3555893~4273462; Domain=.fifa.com; Path=/; Expires=Sat, 30 May 2026 16:46:45 GMT; Max-Age=14400')])
2026-05-30 12:46:45.897 | INFO     | httpx._client:_send_single_request:1740 - HTTP Request: GET https://api.fifa.com/api/v3/picture/flags-sq-2/ARG "HTTP/1.1 200 OK"
2026-05-30 12:46:45.897 | DEBUG    | httpcore._trace:atrace:87 - receive_response_body.started request=<Request [b'GET']>
2026-05-30 12:46:45.898 | DEBUG    | httpcore._trace:atrace:87 - receive_response_body.complete
2026-05-30 12:46:45.895 | DEBUG    | httpcore._trace:atrace:87 - start_tls.complete return_value=<httpcore._backends.anyio.AnyIOStream object at 0x75d346c85b50>
2026-05-30 12:46:45.898 | DEBUG    | httpcore._trace:atrace:87 - response_closed.started
2026-05-30 12:46:45.901 | DEBUG    | httpcore._trace:atrace:87 - response_closed.complete
2026-05-30 12:46:45.900 | DEBUG    | httpcore._trace:atrace:87 - receive_response_headers.complete return_value=(b'HTTP/1.1', 200, b'OK', [(b'Content-Length', b'6419'), (b'Content-Type', b'image/png'), (b'Access-Control-Expose-Headers', b'Request-Context'), (b'x-mdp-ck', b'**P**'), (b'x-mdp-rootactivityid', b'abff606e8013435eae19e5d467620a79'), (b'X-AspNet-Version', b'4.0.30319'), (b'Request-Context', b'appId=cid-v1:d6e11e63-1bc8-4e56-a695-f7ad71758c42'), (b'Arr-Disable-Session-Affinity', b'true'), (b'Cache-Control', b'public, must-revalidate, max-age=3600, s-maxage=2592000'), (b'Date', b'Sat, 30 May 2026 12:46:45 GMT'), (b'Connection', b'keep-alive'), (b'Access-Control-Allow-Origin', b'*'), (b'X-Frame-Options', b'sameorigin'), (b'Referrer-Policy', b'same-origin'), (b'X-Content-Type-Options', b'nosniff'), (b'X-XSS-Protection', b'1; mode=block'), (b'Strict-Transport-Security', b'max-age=15768000 ; includeSubDomains'), (b'Akamai-GRN', b'0.dec41302.1780145205.425a7f'), (b'Set-Cookie', b'_abck=360A503E047F26000AC81A9B26431539~-1~YAAQ3sQTAlThc3eeAQAA7jHseA8RjFe/SDR3EVXrMEYnEBropL7I59gVXPLVA8FLwbhXhD+/cC4Qs79APeSyLq8OCgdymIJCnnBzbIfeTi4761WQ5MVuMI7I0cdfN00MwTVBunw7HMIGJI8bw/tQniA/8RqBH2lCfWoOawOBdAu1YIJJxNODdpfdQHSsQdas3RexfdyEBC2TZW7kP1XgXhjCGly2t6DBJfahs3bAf1l01o/SArplODHe50UJ8X2i2tKraebpiZ1KTMFsetPJJsKqL/L5+Rf4c4mFVlgp/dUiV5LGl26T3sXqJOKNOJU/X13+737zaG0ZhNgYT9EMC0ql46tYvzBp5ijw/YluvD7kHY19l4LEMfm4mgaPBBiTOriGNLpEt38EMS4pd3Ovbtoz5ym0oL9FBafAV7gih5BE3VP7leU/7RuWUEuIvJ1Ls9PkK8C5~-1~-1~-1~-1~-1; Domain=.fifa.com; Path=/; Expires=Sun, 30 May 2027 12:46:45 GMT; Max-Age=31536000; Secure'), (b'Set-Cookie', b'bm_sz=20FC3DE74FDE8F8E03CAC7A8C1E32E55~YAAQ3sQTAlXhc3eeAQAA7jHseB9xob6S6dqYU0lNgsQRSqJCttoI+0Ouyr9FMDKKRy3H/WHnTlb2GWrTZN9i7wBbd8jZ3GPIENxl9+0gKs3UjlIb2l/tyS3UWDX+0yd+P4cTZ83Ly6AGOLNy6WQKxa9KPYxNCJTkWg+UnVsjlYmw/GM9/OZ1S4NKZeEz893jOnALU5jYRePyS6j6j72DD06d6SSK+XII670naMMBPJCuoJCnGKJ0UR/KeOvtkEDT5eOQ25FDJNXcG0y4b9FAvSd7vcoHChFxTirGBXa1n+KlmMqTwm1FUkyCVW2qOiZp10WE/jhaFhp15R+fBkLQs6M+MooiHAk17nNbb80=~3555893~4273462; Domain=.fifa.com; Path=/; Expires=Sat, 30 May 2026 16:46:45 GMT; Max-Age=14400')])
2026-05-30 12:46:45.903 | INFO     | httpx._client:_send_single_request:1740 - HTTP Request: GET https://api.fifa.com/api/v3/picture/flags-sq-2/AUS "HTTP/1.1 200 OK"
2026-05-30 12:46:45.905 | DEBUG    | httpcore._trace:atrace:87 - receive_response_body.started request=<Request [b'GET']>
2026-05-30 12:46:45.904 | DEBUG    | httpcore._trace:atrace:87 - close.started
2026-05-30 12:46:45.905 | DEBUG    | httpcore._trace:atrace:87 - receive_response_body.complete
2026-05-30 12:46:45.907 | DEBUG    | httpcore._trace:atrace:87 - response_closed.started
2026-05-30 12:46:45.907 | DEBUG    | httpcore._trace:atrace:87 - receive_response_headers.complete return_value=(b'HTTP/1.1', 200, b'OK', [(b'Content-Length', b'2887'), (b'Content-Type', b'image/png'), (b'Access-Control-Expose-Headers', b'Request-Context'), (b'x-mdp-ck', b'**P**'), (b'x-mdp-rootactivityid', b'bb483a4029474730a5c607e7bf5f7bee'), (b'X-AspNet-Version', b'4.0.30319'), (b'Request-Context', b'appId=cid-v1:d6e11e63-1bc8-4e56-a695-f7ad71758c42'), (b'Arr-Disable-Session-Affinity', b'true'), (b'Cache-Control', b'public, must-revalidate, max-age=3600, s-maxage=2592000'), (b'Date', b'Sat, 30 May 2026 12:46:45 GMT'), (b'Connection', b'keep-alive'), (b'Access-Control-Allow-Origin', b'*'), (b'X-Frame-Options', b'sameorigin'), (b'Referrer-Policy', b'same-origin'), (b'X-Content-Type-Options', b'nosniff'), (b'X-XSS-Protection', b'1; mode=block'), (b'Strict-Transport-Security', b'max-age=15768000 ; includeSubDomains'), (b'Akamai-GRN', b'0.dec41302.1780145205.425a82'), (b'Set-Cookie', b'_abck=A6FA1E77157701CA6379B07CA2BED601~-1~YAAQ3sQTAlbhc3eeAQAA9jHseA8CVej7KF/Mg87QPuw8O6CGhz5WUjB/BnQSOqV3aOliAMCYsYm9M/4qrJfF4oyhBLO04MhZztwcLWlOuImHE4KBN/QvAIGINu9X2irkVE/x2uiHptr8IWFIyrYh1AOTyqSEvV7SL2pRi6e4NumAftQZsRJ6co8qPJyRHk5lODBSaJC/qNA8UW5bzvONpGhT6K6IC3L3pJzpyU3vtdbS+EsdfVyjDAJ37xVqyW3uf3asxN+0Bcrfgw6zQReHPRfhcTFLpSqEaGPfBlNxWoqv2cu+GOHrCpnKSMkLQZv6bdsYb7+iQtzPUPVtyFDlgOlxxAH2xNOWYQtZASCF2riTYuOBgJFyLS4oqu2kXP7L/MbpqlmoG9Qj5DepW7NCtx4KofClfFPg2YpAtkPZ9OhxrmQlhfhn0BIOSAPqiN4SKXwLemzA~-1~-1~-1~-1~-1; Domain=.fifa.com; Path=/; Expires=Sun, 30 May 2027 12:46:45 GMT; Max-Age=31536000; Secure'), (b'Set-Cookie', b'bm_sz=8266411BA7668B0EB2CA1BACE84B1E69~YAAQ3sQTAlfhc3eeAQAA9zHseB9N76YezA2z9YByzl2lxjoVaCl+G8RREolI/tbiTzVPrmp/qj62O8j+8Ude2kIFxZ+Gh+RMSEoBjBQ5vI6/IznCG/3VYfpV4oWD3IFuGpg9A38P05As+WoZZ7xW/Dm2GfKoolggqqzbLY7sFd3mRo4kv8Jhpzon8sb5QVnl5jqqlWkJOEvsCtFzkonxqb459b2WWxgL9ud2vXPxaqgy7UpohNuOPMy6enEU4cIwcqRxDRLQDLJCa/BVdMrbEYDq7olmEWqH3rQGKdBSRASATvoeBHNntM7tcOWj8bR6I7Ma3b10zFQjAXaxNrdsB3T2/WTpDa0ZFnQvZ/E=~3555893~4273462; Domain=.fifa.com; Path=/; Expires=Sat, 30 May 2026 16:46:45 GMT; Max-Age=14400')])
2026-05-30 12:46:45.909 | DEBUG    | httpcore._trace:atrace:87 - send_request_headers.started request=<Request [b'GET']>
2026-05-30 12:46:45.909 | INFO     | httpx._client:_send_single_request:1740 - HTTP Request: GET https://api.fifa.com/api/v3/picture/flags-sq-2/MEX "HTTP/1.1 200 OK"
2026-05-30 12:46:45.910 | DEBUG    | httpcore._trace:atrace:87 - receive_response_body.started request=<Request [b'GET']>
2026-05-30 12:46:45.911 | DEBUG    | httpcore._trace:atrace:87 - receive_response_body.complete
2026-05-30 12:46:45.910 | DEBUG    | httpcore._trace:atrace:87 - response_closed.complete
2026-05-30 12:46:45.913 | DEBUG    | httpcore._trace:atrace:87 - response_closed.started
2026-05-30 12:46:45.912 | DEBUG    | httpcore._trace:atrace:87 - close.started
2026-05-30 12:46:45.915 | DEBUG    | httpcore._trace:atrace:87 - send_request_headers.complete
2026-05-30 12:46:45.914 | DEBUG    | httpcore._trace:atrace:87 - close.complete
2026-05-30 12:46:45.916 | DEBUG    | httpcore._trace:atrace:87 - send_request_body.started request=<Request [b'GET']>
2026-05-30 12:46:45.916 | DEBUG    | httpcore._trace:atrace:87 - send_request_body.complete
2026-05-30 12:46:45.915 | DEBUG    | httpcore._trace:atrace:87 - response_closed.complete
2026-05-30 12:46:45.927 | DEBUG    | httpcore._trace:atrace:87 - close.started
2026-05-30 12:46:45.916 | DEBUG    | httpcore._trace:atrace:87 - receive_response_headers.started request=<Request [b'GET']>
2026-05-30 12:46:45.928 | DEBUG    | httpcore._trace:atrace:87 - receive_response_headers.complete return_value=(b'HTTP/1.1', 200, b'OK', [(b'Content-Length', b'1305'), (b'Content-Type', b'image/png'), (b'Access-Control-Expose-Headers', b'Request-Context'), (b'x-mdp-ck', b'**P**'), (b'x-mdp-rootactivityid', b'4b632524f3f24eff8bba154d5c4dad6d'), (b'X-AspNet-Version', b'4.0.30319'), (b'Request-Context', b'appId=cid-v1:d6e11e63-1bc8-4e56-a695-f7ad71758c42'), (b'Arr-Disable-Session-Affinity', b'true'), (b'Cache-Control', b'public, must-revalidate, max-age=3600, s-maxage=2592000'), (b'Date', b'Sat, 30 May 2026 12:46:45 GMT'), (b'Connection', b'keep-alive'), (b'Access-Control-Allow-Origin', b'*'), (b'X-Frame-Options', b'sameorigin'), (b'Referrer-Policy', b'same-origin'), (b'X-Content-Type-Options', b'nosniff'), (b'X-XSS-Protection', b'1; mode=block'), (b'Strict-Transport-Security', b'max-age=15768000 ; includeSubDomains'), (b'Akamai-GRN', b'0.d5c41302.1780145205.1840638b'), (b'Set-Cookie', b'_abck=1E6CF839980489B95416D3FC0C7882F3~-1~YAAQ1cQTAvroKECeAQAAADLseA8VbWq1nJp8Ne0jZLJo7dSkMkWZEoPpE9b/D/eX18hv0JpHHwsU5eRKwkWs6NsQGFppltAuNCk5eEQNKLdLeLW/+02yTJ0TLE30Nr3oxoMijxpFsYBskJ39Azkjmi/j6uLXLXpS4BdfMK+vWS63SwT8o8hUkytAieGlIkXAhz92pJegBzrPGjJyVPoHaaTS5qqQRPWnaG+Vi4GoVkfssaPHnaS5j/FgWnxYh7WFWpChO1akGQBRa0aCQ0gphx1nH6Iy2gzZnSD9MsogjabdbL+XCNTjCjGbmnAjPHBT7pJuQwre9qB8nNMlalrMDVP4zj/Ll0MY+5dl/rB/F30NWPF4XodTNNB68yHb1waeH8Z5t3oV88+xWHUStS86fcb2jg4vuqESxBr15HCC5+Dx3g2bd9x8wpYNhkt+N2teSsWecfDL~-1~-1~-1~-1~-1; Domain=.fifa.com; Path=/; Expires=Sun, 30 May 2027 12:46:45 GMT; Max-Age=31536000; Secure'), (b'Set-Cookie', b'bm_sz=0AECE58946DF7DFB2CB5BC79998863D4~YAAQ1cQTAvvoKECeAQAAADLseB9QMtvzy6+EFWqAL0SX1g953o/xnAKhCSqslqCTUj4YxolcNqwmccPSuq/FpdvwvGjXLx7A6ZQ+wjzb52vGJM87p/JpGPW1N3q9z2CR3HjL21nSrjIyMGskCsK+SHnkTUOXlHKKHH8qzvXtd4TEUwfgEdu256NGljb2UzznYKkp2vwH1OjllRXSMnP0r4P9fhNwabj8vCp9jv3H/dX0WyqbL/cmQxjiilL6N+svziEuCjTbO2qkXtQZMOHVm0QxIBJlA5saiksIoxO2VNPzPNwFXMJxp6VHhtNrxl31nW7IruPwkXQwl1Ajdi0YAZASOVfzs7RuLp4JR90=~3555893~4273462; Domain=.fifa.com; Path=/; Expires=Sat, 30 May 2026 16:46:45 GMT; Max-Age=14400')])
2026-05-30 12:46:45.929 | INFO     | httpx._client:_send_single_request:1740 - HTTP Request: GET https://api.fifa.com/api/v3/picture/flags-sq-2/AUT "HTTP/1.1 200 OK"
2026-05-30 12:46:45.917 | DEBUG    | httpcore._trace:atrace:87 - close.complete
2026-05-30 12:46:45.929 | DEBUG    | httpcore._trace:atrace:87 - receive_response_body.started request=<Request [b'GET']>
2026-05-30 12:46:45.930 | DEBUG    | httpcore._trace:atrace:87 - receive_response_body.complete
2026-05-30 12:46:45.917 | DEBUG    | httpcore._trace:atrace:87 - receive_response_headers.complete return_value=(b'HTTP/1.1', 200, b'OK', [(b'Content-Length', b'4230'), (b'Content-Type', b'image/png'), (b'Access-Control-Expose-Headers', b'Request-Context'), (b'OutputCachingAttribute', b'1'), (b'x-mdp-rootactivityid', b'3515cdcadf1c42188804f54f1a1f70da'), (b'X-AspNet-Version', b'4.0.30319'), (b'Request-Context', b'appId=cid-v1:d6e11e63-1bc8-4e56-a695-f7ad71758c42'), (b'Arr-Disable-Session-Affinity', b'true'), (b'Cache-Control', b'public, must-revalidate, max-age=3600, s-maxage=2592000'), (b'Date', b'Sat, 30 May 2026 12:46:45 GMT'), (b'Connection', b'keep-alive'), (b'Access-Control-Allow-Origin', b'*'), (b'X-Frame-Options', b'sameorigin'), (b'Referrer-Policy', b'same-origin'), (b'X-Content-Type-Options', b'nosniff'), (b'X-XSS-Protection', b'1; mode=block'), (b'Strict-Transport-Security', b'max-age=15768000 ; includeSubDomains'), (b'Akamai-GRN', b'0.dec41302.1780145205.425a96'), (b'Set-Cookie', b'_abck=8F471531B0AC272152612B6B5B504404~-1~YAAQ3sQTAljhc3eeAQAACzLseA9Z8ZRaxjE+z+T6YKozNEkK2t4D2XNYGR09kudTY3zyd2ULRmxsKcvQMaYVnxqptB7EZGVXWCZtwQX0+1tVBgqCGC6evUihyN2g1CJpZKLPkWLV6KkJ9JcGU40HqdoUBwKhSN983U3pcnCgOq40Ay/TNKrIBC0tZWdv4MPq0hcUopEWd6Tujl0U/nosQkeXbn52yKVqtOvstlGAvJd/DQqM08gdn/JDM2GOdSmmt1gHY3R4mrUnw7L7qyc7IYfEtgmpCcCrbe8yF3f1F1LKIPNxo7G7urMxnXXD9abHCQzhi0g3YRg62AAhNqJtCPY1ms8eK3AHp2V3N56iS65Lyhl1MNc8IapmnfK/grsCtYTjrgOIoejEOxE8gAVDZYlNt2GYq/VvwftpqnEs37YS/5WNPzZdAeVBCBYSABo5cb8mjc94~-1~-1~-1~-1~-1; Domain=.fifa.com; Path=/; Expires=Sun, 30 May 2027 12:46:45 GMT; Max-Age=31536000; Secure'), (b'Set-Cookie', b'bm_sz=7511A4641FCD90082C3C08D009437875~YAAQ3sQTAlnhc3eeAQAACzLseB92kqmSz9SW1KjmgGvyAmqHq5cuq0xEt2V9UuhNrzq361WI94GfkYnnqETUUenMhMeBOjEYuFBKVPSbbHx/a3TK5dfBHnnR0YNfRDkaDM5RjobAg5ZQWgD/tClt29TYXJNVbts6FDprwYF6kpF1CiPtbyJ4cty/qwN42zSCZ3ykqaeb0AE2KBAHYEi0Se/PgpErL6OmmOcEIjl3ypdjv+2/Iu64eH7CuzmY7fdk1muaCB9DXWutzKYQrGDMlcomF3NtpmIe1YY16jmCfSP9xoRdsg6dvyoJ0B7YQnmaOFkC4X5YtegFrWXglZS1tnUSj9U6rOIbNC+ocxE=~3555893~4273462; Domain=.fifa.com; Path=/; Expires=Sat, 30 May 2026 16:46:45 GMT; Max-Age=14400')])
2026-05-30 12:46:45.919 | INFO     | httpx._client:_send_single_request:1740 - HTTP Request: GET https://api.fifa.com/api/v3/picture/flags-sq-2/BEL "HTTP/1.1 200 OK"
2026-05-30 12:46:45.931 | DEBUG    | httpcore._trace:atrace:87 - response_closed.started
2026-05-30 12:46:45.933 | DEBUG    | httpcore._trace:atrace:87 - close.complete
2026-05-30 12:46:45.934 | DEBUG    | httpcore._trace:atrace:87 - response_closed.complete
2026-05-30 12:46:45.924 | DEBUG    | httpcore._trace:atrace:87 - receive_response_body.started request=<Request [b'GET']>
2026-05-30 12:46:45.925 | DEBUG    | httpcore._trace:atrace:87 - receive_response_body.complete
2026-05-30 12:46:45.937 | DEBUG    | httpcore._trace:atrace:87 - close.started
2026-05-30 12:46:45.939 | DEBUG    | httpcore._trace:atrace:87 - close.complete
2026-05-30 12:46:45.926 | DEBUG    | httpcore._trace:atrace:87 - response_closed.started
2026-05-30 12:46:45.927 | DEBUG    | httpcore._trace:atrace:87 - response_closed.complete
2026-05-30 12:46:45.944 | INFO     | uvicorn.protocols.http.httptools_impl:send:484 - 172.19.0.1:58958 - "GET /api/v1/teams/flags/flags-sq-2/ARG HTTP/1.1" 200
2026-05-30 12:46:45.928 | DEBUG    | httpcore._trace:atrace:87 - close.started
2026-05-30 12:46:45.929 | DEBUG    | httpcore._trace:atrace:87 - close.complete
2026-05-30 12:46:45.931 | INFO     | uvicorn.protocols.http.httptools_impl:send:484 - 172.19.0.1:58968 - "GET /api/v1/teams/flags/flags-sq-2/AUS HTTP/1.1" 200
2026-05-30 12:46:45.934 | INFO     | uvicorn.protocols.http.httptools_impl:send:484 - 172.19.0.1:58938 - "GET /api/v1/teams/flags/flags-sq-2/BEL HTTP/1.1" 200
2026-05-30 12:46:45.945 | INFO     | uvicorn.protocols.http.httptools_impl:send:484 - 172.19.0.1:58962 - "GET /api/v1/teams/flags/flags-sq-2/MEX HTTP/1.1" 200
2026-05-30 12:46:45.943 | INFO     | app.api.v1.endpoints.teams:get_flag_proxy:77 - Flag not cached. Proxying from FIFA: https://api.fifa.com/api/v3/picture/flags-sq-2/BRA
2026-05-30 12:46:45.949 | INFO     | uvicorn.protocols.http.httptools_impl:send:484 - 172.19.0.1:58910 - "GET /api/v1/teams/flags/flags-sq-2/AUT HTTP/1.1" 200
2026-05-30 12:46:45.961 | INFO     | app.api.v1.endpoints.teams:get_flag_proxy:77 - Flag not cached. Proxying from FIFA: https://api.fifa.com/api/v3/picture/flags-sq-2/CPV
2026-05-30 12:46:45.975 | DEBUG    | httpcore._trace:atrace:87 - connect_tcp.started host='api.fifa.com' port=443 local_address=None timeout=10.0 socket_options=None
2026-05-30 12:46:45.982 | INFO     | app.api.v1.endpoints.teams:get_flag_proxy:77 - Flag not cached. Proxying from FIFA: https://api.fifa.com/api/v3/picture/flags-sq-2/COD
2026-05-30 12:46:45.992 | INFO     | app.api.v1.endpoints.teams:get_flag_proxy:77 - Flag not cached. Proxying from FIFA: https://api.fifa.com/api/v3/picture/flags-sq-2/COL
2026-05-30 12:46:46.003 | DEBUG    | httpcore._trace:atrace:87 - connect_tcp.started host='api.fifa.com' port=443 local_address=None timeout=10.0 socket_options=None
2026-05-30 12:46:46.007 | DEBUG    | httpcore._trace:atrace:87 - receive_response_headers.complete return_value=(b'HTTP/1.1', 200, b'OK', [(b'Content-Length', b'4199'), (b'Content-Type', b'image/png'), (b'Access-Control-Expose-Headers', b'Request-Context'), (b'x-mdp-ck', b'**P**'), (b'x-mdp-rootactivityid', b'72e4eb441b79434d99c1fa23d45a8181'), (b'X-AspNet-Version', b'4.0.30319'), (b'Request-Context', b'appId=cid-v1:d6e11e63-1bc8-4e56-a695-f7ad71758c42'), (b'Arr-Disable-Session-Affinity', b'true'), (b'Cache-Control', b'public, must-revalidate, max-age=3600, s-maxage=2592000'), (b'Date', b'Sat, 30 May 2026 12:46:45 GMT'), (b'Connection', b'keep-alive'), (b'Access-Control-Allow-Origin', b'*'), (b'X-Frame-Options', b'sameorigin'), (b'Referrer-Policy', b'same-origin'), (b'X-Content-Type-Options', b'nosniff'), (b'X-XSS-Protection', b'1; mode=block'), (b'Strict-Transport-Security', b'max-age=15768000 ; includeSubDomains'), (b'Akamai-GRN', b'0.d5c41302.1780145205.1840639f'), (b'Set-Cookie', b'_abck=9A0C904E1B5EF4109FC884F13CCBF307~-1~YAAQ1cQTAv3oKECeAQAAPzLseA+vhZa6OQ77fvsDijcjj7Joiz5hSnIsO6hsghtC7puitzErj/tCn3w+jH/gI6ihcu6Gfjd6HCCAt+ZUIKsIM9pxLsnaHI4nRTwXkgaNGbJSlp0ns1kS9vjjvDimx7S4ODlEU4MhF9U4nvTVTc1OH4Ui2aUdalNlIrgNknGf74u8j/uFiug54XYRtmBhT/IwUdtVssOSoRQ9v0fkkGU8rObKxr+6tjrvB4XzUi4YkEiDXNoQAypb6vGzonCKkUErqh6wQl1rUMoULnzrTt9yTXCEt9v+CefpFRXF27j4iXRmz9gzUX164p2S9BKzrMTsHxEE239Gu5afk2d+ZQz8aFtDlfxP54JsRGxfm5ZqM+MeJxMLFMniCWYsC5PyQlpBjoD1TnRBonydggJe9AyWanI1PiCi0YKa5hOdTUzRQlS2U/uh~-1~-1~-1~-1~-1; Domain=.fifa.com; Path=/; Expires=Sun, 30 May 2027 12:46:45 GMT; Max-Age=31536000; Secure'), (b'Set-Cookie', b'bm_sz=42E4D08CF7D893CDAEDBBB3200CFEEB6~YAAQ1cQTAv7oKECeAQAAPzLseB98BvBHMWGhK6C60faPrAAvtAzqazOHIcgu5dqyH2yOIoXYK5hURPyz60Bom0WxsZzfs4L29TxbQUcvQiu/pYdYROS4h8ixFhU9y3db6RwpeiYiXwXKNQzxtPzq3UDxBYngkTMdSHvhqhwDgTVljlJ7yc2Kc7cmEpoNHZipfYtOQqd9K1wo68h9fKMzpOVQd4ucQgV6FuSvkVZtphlSkV3n0mwvePTG6MuFGhoym/wacpwSOMccY66JD1PYHKQGU69P3a94ZQWwnYOp5tmgwjmJFID5dMAkLL585UxHY0Igls8isM7lGXm5ttg+OorVcpkMfCL7Z/BCGgI=~3555893~4273462; Domain=.fifa.com; Path=/; Expires=Sat, 30 May 2026 16:46:45 GMT; Max-Age=14400')])
2026-05-30 12:46:46.011 | INFO     | httpx._client:_send_single_request:1740 - HTTP Request: GET https://api.fifa.com/api/v3/picture/flags-sq-2/BIH "HTTP/1.1 200 OK"
2026-05-30 12:46:46.012 | DEBUG    | httpcore._trace:atrace:87 - connect_tcp.started host='api.fifa.com' port=443 local_address=None timeout=10.0 socket_options=None
2026-05-30 12:46:46.014 | DEBUG    | httpcore._trace:atrace:87 - connect_tcp.started host='api.fifa.com' port=443 local_address=None timeout=10.0 socket_options=None
2026-05-30 12:46:46.014 | DEBUG    | httpcore._trace:atrace:87 - receive_response_body.started request=<Request [b'GET']>
2026-05-30 12:46:46.017 | INFO     | app.api.v1.endpoints.teams:get_flag_proxy:77 - Flag not cached. Proxying from FIFA: https://api.fifa.com/api/v3/picture/flags-sq-2/CIV
2026-05-30 12:46:46.016 | DEBUG    | httpcore._trace:atrace:87 - receive_response_body.complete
2026-05-30 12:46:46.023 | DEBUG    | httpcore._trace:atrace:87 - response_closed.started
2026-05-30 12:46:46.024 | DEBUG    | httpcore._trace:atrace:87 - response_closed.complete
2026-05-30 12:46:46.026 | DEBUG    | httpcore._trace:atrace:87 - close.started
2026-05-30 12:46:46.027 | DEBUG    | httpcore._trace:atrace:87 - close.complete
2026-05-30 12:46:46.029 | INFO     | uvicorn.protocols.http.httptools_impl:send:484 - 172.19.0.1:58948 - "GET /api/v1/teams/flags/flags-sq-2/BIH HTTP/1.1" 200
2026-05-30 12:46:46.033 | INFO     | app.api.v1.endpoints.teams:get_flag_proxy:77 - Flag not cached. Proxying from FIFA: https://api.fifa.com/api/v3/picture/flags-sq-2/CRO
2026-05-30 12:46:46.043 | DEBUG    | httpcore._trace:atrace:87 - connect_tcp.started host='api.fifa.com' port=443 local_address=None timeout=10.0 socket_options=None
2026-05-30 12:46:46.057 | DEBUG    | httpcore._trace:atrace:87 - connect_tcp.started host='api.fifa.com' port=443 local_address=None timeout=10.0 socket_options=None
2026-05-30 12:46:46.058 | DEBUG    | httpcore._trace:atrace:87 - connect_tcp.complete return_value=<httpcore._backends.anyio.AnyIOStream object at 0x75d3461813a0>
2026-05-30 12:46:46.059 | DEBUG    | httpcore._trace:atrace:87 - start_tls.started ssl_context=<ssl.SSLContext object at 0x75d34617ec50> server_hostname='api.fifa.com' timeout=10.0
2026-05-30 12:46:46.062 | DEBUG    | httpcore._trace:atrace:87 - connect_tcp.complete return_value=<httpcore._backends.anyio.AnyIOStream object at 0x75d346af9a00>
2026-05-30 12:46:46.064 | DEBUG    | httpcore._trace:atrace:87 - start_tls.started ssl_context=<ssl.SSLContext object at 0x75d34617f3d0> server_hostname='api.fifa.com' timeout=10.0
2026-05-30 12:46:46.077 | DEBUG    | httpcore._trace:atrace:87 - connect_tcp.complete return_value=<httpcore._backends.anyio.AnyIOStream object at 0x7fd994eeea20>
2026-05-30 12:46:46.079 | DEBUG    | httpcore._trace:atrace:87 - start_tls.started ssl_context=<ssl.SSLContext object at 0x7fd9942c3bd0> server_hostname='api.fifa.com' timeout=10.0
2026-05-30 12:46:46.082 | DEBUG    | httpcore._trace:atrace:87 - connect_tcp.complete return_value=<httpcore._backends.anyio.AnyIOStream object at 0x7fd994eca810>
2026-05-30 12:46:46.082 | DEBUG    | httpcore._trace:atrace:87 - start_tls.started ssl_context=<ssl.SSLContext object at 0x7fd9942c3550> server_hostname='api.fifa.com' timeout=10.0
2026-05-30 12:46:46.084 | DEBUG    | httpcore._trace:atrace:87 - connect_tcp.complete return_value=<httpcore._backends.anyio.AnyIOStream object at 0x7fd995215160>
2026-05-30 12:46:46.085 | DEBUG    | httpcore._trace:atrace:87 - start_tls.started ssl_context=<ssl.SSLContext object at 0x7fd9942c2fd0> server_hostname='api.fifa.com' timeout=10.0
2026-05-30 12:46:46.112 | DEBUG    | httpcore._trace:atrace:87 - start_tls.complete return_value=<httpcore._backends.anyio.AnyIOStream object at 0x75d3461c3f50>
2026-05-30 12:46:46.113 | DEBUG    | httpcore._trace:atrace:87 - send_request_headers.started request=<Request [b'GET']>
2026-05-30 12:46:46.114 | DEBUG    | httpcore._trace:atrace:87 - send_request_headers.complete
2026-05-30 12:46:46.114 | DEBUG    | httpcore._trace:atrace:87 - send_request_body.started request=<Request [b'GET']>
2026-05-30 12:46:46.115 | DEBUG    | httpcore._trace:atrace:87 - send_request_body.complete
2026-05-30 12:46:46.116 | DEBUG    | httpcore._trace:atrace:87 - receive_response_headers.started request=<Request [b'GET']>
2026-05-30 12:46:46.126 | DEBUG    | httpcore._trace:atrace:87 - start_tls.complete return_value=<httpcore._backends.anyio.AnyIOStream object at 0x7fd9942eef90>
2026-05-30 12:46:46.127 | DEBUG    | httpcore._trace:atrace:87 - send_request_headers.started request=<Request [b'GET']>
2026-05-30 12:46:46.125 | DEBUG    | httpcore._trace:atrace:87 - start_tls.complete return_value=<httpcore._backends.anyio.AnyIOStream object at 0x75d346b03fe0>
2026-05-30 12:46:46.128 | DEBUG    | httpcore._trace:atrace:87 - send_request_headers.started request=<Request [b'GET']>
2026-05-30 12:46:46.129 | DEBUG    | httpcore._trace:atrace:87 - connect_tcp.complete return_value=<httpcore._backends.anyio.AnyIOStream object at 0x75d3461830e0>
2026-05-30 12:46:46.130 | DEBUG    | httpcore._trace:atrace:87 - start_tls.started ssl_context=<ssl.SSLContext object at 0x75d34617fb50> server_hostname='api.fifa.com' timeout=10.0
2026-05-30 12:46:46.133 | DEBUG    | httpcore._trace:atrace:87 - send_request_headers.complete
2026-05-30 12:46:46.131 | DEBUG    | httpcore._trace:atrace:87 - send_request_headers.complete
2026-05-30 12:46:46.132 | DEBUG    | httpcore._trace:atrace:87 - send_request_body.started request=<Request [b'GET']>
2026-05-30 12:46:46.132 | DEBUG    | httpcore._trace:atrace:87 - send_request_body.complete
2026-05-30 12:46:46.132 | DEBUG    | httpcore._trace:atrace:87 - receive_response_headers.started request=<Request [b'GET']>
2026-05-30 12:46:46.133 | DEBUG    | httpcore._trace:atrace:87 - send_request_body.started request=<Request [b'GET']>
2026-05-30 12:46:46.134 | DEBUG    | httpcore._trace:atrace:87 - send_request_body.complete
2026-05-30 12:46:46.134 | DEBUG    | httpcore._trace:atrace:87 - receive_response_headers.started request=<Request [b'GET']>
2026-05-30 12:46:46.135 | DEBUG    | httpcore._trace:atrace:87 - start_tls.complete return_value=<httpcore._backends.anyio.AnyIOStream object at 0x7fd994d93b00>
2026-05-30 12:46:46.137 | DEBUG    | httpcore._trace:atrace:87 - send_request_headers.started request=<Request [b'GET']>
2026-05-30 12:46:46.141 | DEBUG    | httpcore._trace:atrace:87 - send_request_headers.complete
2026-05-30 12:46:46.142 | DEBUG    | httpcore._trace:atrace:87 - send_request_body.started request=<Request [b'GET']>
2026-05-30 12:46:46.143 | DEBUG    | httpcore._trace:atrace:87 - send_request_body.complete
2026-05-30 12:46:46.143 | DEBUG    | httpcore._trace:atrace:87 - receive_response_headers.started request=<Request [b'GET']>
2026-05-30 12:46:46.143 | DEBUG    | httpcore._trace:atrace:87 - start_tls.complete return_value=<httpcore._backends.anyio.AnyIOStream object at 0x7fd994ef0e60>
2026-05-30 12:46:46.145 | DEBUG    | httpcore._trace:atrace:87 - send_request_headers.started request=<Request [b'GET']>
2026-05-30 12:46:46.146 | DEBUG    | httpcore._trace:atrace:87 - send_request_headers.complete
2026-05-30 12:46:46.147 | DEBUG    | httpcore._trace:atrace:87 - send_request_body.started request=<Request [b'GET']>
2026-05-30 12:46:46.148 | DEBUG    | httpcore._trace:atrace:87 - send_request_body.complete
2026-05-30 12:46:46.149 | DEBUG    | httpcore._trace:atrace:87 - receive_response_headers.started request=<Request [b'GET']>
2026-05-30 12:46:46.167 | DEBUG    | httpcore._trace:atrace:87 - start_tls.complete return_value=<httpcore._backends.anyio.AnyIOStream object at 0x75d3461a7860>
2026-05-30 12:46:46.169 | DEBUG    | httpcore._trace:atrace:87 - send_request_headers.started request=<Request [b'GET']>
2026-05-30 12:46:46.171 | DEBUG    | httpcore._trace:atrace:87 - send_request_headers.complete
2026-05-30 12:46:46.172 | DEBUG    | httpcore._trace:atrace:87 - send_request_body.started request=<Request [b'GET']>
2026-05-30 12:46:46.173 | DEBUG    | httpcore._trace:atrace:87 - send_request_body.complete
2026-05-30 12:46:46.174 | DEBUG    | httpcore._trace:atrace:87 - receive_response_headers.started request=<Request [b'GET']>
2026-05-30 12:46:46.178 | DEBUG    | httpcore._trace:atrace:87 - receive_response_headers.complete return_value=(b'HTTP/1.1', 200, b'OK', [(b'Content-Length', b'6641'), (b'Content-Type', b'image/png'), (b'Access-Control-Expose-Headers', b'Request-Context'), (b'x-mdp-ck', b'**P**'), (b'x-mdp-rootactivityid', b'c4455f6f4eaa48b5b64fafbee1e8b0f0'), (b'X-AspNet-Version', b'4.0.30319'), (b'Request-Context', b'appId=cid-v1:d6e11e63-1bc8-4e56-a695-f7ad71758c42'), (b'Arr-Disable-Session-Affinity', b'true'), (b'Cache-Control', b'public, must-revalidate, max-age=3600, s-maxage=2592000'), (b'Date', b'Sat, 30 May 2026 12:46:46 GMT'), (b'Connection', b'keep-alive'), (b'Access-Control-Allow-Origin', b'*'), (b'X-Frame-Options', b'sameorigin'), (b'Referrer-Policy', b'same-origin'), (b'X-Content-Type-Options', b'nosniff'), (b'X-XSS-Protection', b'1; mode=block'), (b'Strict-Transport-Security', b'max-age=15768000 ; includeSubDomains'), (b'Akamai-GRN', b'0.dec41302.1780145206.425aef'), (b'Set-Cookie', b'_abck=1FB363B9E4AF0F8127A15F4480565647~-1~YAAQ3sQTAlrhc3eeAQAAETPseA8ON7QsqUQ9RBlgk2hllcoXzo+luorzpHhxSieJqDUR3qKnjbrVYdbYeRJVPf6ter8nqkqjshInwH4VLgSb8joXs65OuTjNy9s0mG0mtLpRPew3Tc4lhYzkIYmlMysc7OQtnky+gFtTmLxby7/zot6tbpNEbW10ZOob4bCk4pJqiepxqgTv8UbqftZldxwOPDHd5vacSj0ONT7wix2i0bUG4oxPApzOx+kNFCigTO1yQd4axtUHcQf+4hxFWlIR1hAhMWoHB0OeItYGQkKdb8wkojb9nbxIQWoMBCirV2qYLEGc39KAONuQoek/xYVwdn56J76Dwju/OBBxIAyFH8Kk0tpghQGErKFQpBPECmCdMQMmyKINrW/kmOM/COEqj+wIQsuAICXCzLCL0zFTw8FAj87i5LU1im4pkXIn2MUb3A5V~-1~-1~-1~-1~-1; Domain=.fifa.com; Path=/; Expires=Sun, 30 May 2027 12:46:46 GMT; Max-Age=31536000; Secure'), (b'Set-Cookie', b'bm_sz=25A397449F494480B33EA0E8FFA05746~YAAQ3sQTAlvhc3eeAQAAETPseB/GwwuWulNptu96IE39dS8bm2g7bueqj066Mpc7wg0qSMw67+l+fcfFIA4nn8+nqHyO/cjNnd2bnrsnWTSPDNJGYSQJpZmGuHsIETM9SATyC0EFCgJq7JD3WIYx8AXXA4/RiRAOI3+w9MuJXi901P5CjnMJp4atJKlU6USXJz/tRHLKEW5VfmKmms2tM7wU9ME/XqLlS3D6fsPC9hBD3dJPfVF2do/D28Q/8QuWgw2sduxmFcdVISe0Bxna/2/b4/zRQdA+paSQYYTdQvketYhqnd6bTcCH69fgfZwTewLlnGY6fEq2WJXZ3DdjixOrdezv3hqF3YjKW7Y=~4276787~4277301; Domain=.fifa.com; Path=/; Expires=Sat, 30 May 2026 16:46:46 GMT; Max-Age=14400')])
2026-05-30 12:46:46.181 | INFO     | httpx._client:_send_single_request:1740 - HTTP Request: GET https://api.fifa.com/api/v3/picture/flags-sq-2/COD "HTTP/1.1 200 OK"
2026-05-30 12:46:46.182 | DEBUG    | httpcore._trace:atrace:87 - receive_response_body.started request=<Request [b'GET']>
2026-05-30 12:46:46.182 | DEBUG    | httpcore._trace:atrace:87 - receive_response_body.complete
2026-05-30 12:46:46.184 | DEBUG    | httpcore._trace:atrace:87 - receive_response_headers.complete return_value=(b'HTTP/1.1', 200, b'OK', [(b'Content-Length', b'1242'), (b'Content-Type', b'image/png'), (b'Access-Control-Expose-Headers', b'Request-Context'), (b'x-mdp-ck', b'**P**'), (b'x-mdp-rootactivityid', b'c2fd8e3530aa42cb879dd2adc27aa54b'), (b'X-AspNet-Version', b'4.0.30319'), (b'Request-Context', b'appId=cid-v1:d6e11e63-1bc8-4e56-a695-f7ad71758c42'), (b'Arr-Disable-Session-Affinity', b'true'), (b'Cache-Control', b'public, must-revalidate, max-age=3600, s-maxage=2592000'), (b'Date', b'Sat, 30 May 2026 12:46:46 GMT'), (b'Connection', b'keep-alive'), (b'Access-Control-Allow-Origin', b'*'), (b'X-Frame-Options', b'sameorigin'), (b'Referrer-Policy', b'same-origin'), (b'X-Content-Type-Options', b'nosniff'), (b'X-XSS-Protection', b'1; mode=block'), (b'Strict-Transport-Security', b'max-age=15768000 ; includeSubDomains'), (b'Akamai-GRN', b'0.d5c41302.1780145206.184063fb'), (b'Set-Cookie', b'_abck=B8621234026BF56435A6D8A6C33C1378~-1~YAAQ1cQTAgTpKECeAQAAFDPseA+3161LARshd8Ss5iggfEiV16RyYThYfFDLSE23N71/2ueF5zFQL45P3tJ1zjmNTPZbQ3CTCUDSBR77OowNgS/HjV/Nc4qsCu6cYSxwaRfCb9wYB2uRYevyz9zf97DI+Z74a5CRMdMOrrjioyjfjDDhjU30k55QTweQEeuNDGcvCC4ZFxkLCA7ReHflpYrJN/zBBtqIkxrhBggiKG0MzLzqOg/DQHTCdrs+3S+XeIFnfVIr7jUd4KKf6aL0p1RxDWGU3EdRANdRph5BFTJtv0dixvpHId0PgJiAJjjYFKdtgro3BJHCHgYy8G7ncTPsTqT/IgtozdCW5wX4TXkf4dvOdGmRyXq7pcwFRNAJMUpfvzttLZ22NrQzjXPTT1eDpA9jnw9orS4ka5VG+w7Mtaf9Mnd5wVwtIUuH+fKwBZn/a9tK~-1~-1~-1~-1~-1; Domain=.fifa.com; Path=/; Expires=Sun, 30 May 2027 12:46:46 GMT; Max-Age=31536000; Secure'), (b'Set-Cookie', b'bm_sz=68C1F3EDAD7E131BDF3165E0AD513553~YAAQ1cQTAgXpKECeAQAAFDPseB86xfGpsp8e6IFBqeWpz4Tssvx1Tomvs/TMYWc1WtOZzBkxZoG4ny9muLicv4de6eHQalzLFQqtFcwV1qSCdJsai88DwYoB8Eb17evRi6Xxsd5GC7aLBflU3VYpnSKlBK4V3gkRGclgVhOkU7JHQ/TufD/Z5QaFWei5DfXVNcOZadqgMfAg8bmepAAxQeMDO52d7ciGbbH8GBLpg9WFIBsq7A5oAEue+wr96tiNKYg8lyDrBNDMxUoOi2n2KwyOSC8zBrgVDs7+lrnKZWfYtxjGdGyVZDbiJAfriezae0YvP0NCX2gg8G8CPhiqTgVYoxYbEpAFnTXl4fY=~4276787~4277301; Domain=.fifa.com; Path=/; Expires=Sat, 30 May 2026 16:46:46 GMT; Max-Age=14400')])
2026-05-30 12:46:46.184 | DEBUG    | httpcore._trace:atrace:87 - response_closed.started
2026-05-30 12:46:46.185 | DEBUG    | httpcore._trace:atrace:87 - response_closed.complete
2026-05-30 12:46:46.186 | INFO     | httpx._client:_send_single_request:1740 - HTTP Request: GET https://api.fifa.com/api/v3/picture/flags-sq-2/COL "HTTP/1.1 200 OK"
2026-05-30 12:46:46.188 | DEBUG    | httpcore._trace:atrace:87 - receive_response_body.started request=<Request [b'GET']>
2026-05-30 12:46:46.190 | DEBUG    | httpcore._trace:atrace:87 - receive_response_body.complete
2026-05-30 12:46:46.189 | DEBUG    | httpcore._trace:atrace:87 - close.started
2026-05-30 12:46:46.193 | DEBUG    | httpcore._trace:atrace:87 - response_closed.started
2026-05-30 12:46:46.194 | DEBUG    | httpcore._trace:atrace:87 - response_closed.complete
2026-05-30 12:46:46.197 | DEBUG    | httpcore._trace:atrace:87 - close.started
2026-05-30 12:46:46.191 | DEBUG    | httpcore._trace:atrace:87 - close.complete
2026-05-30 12:46:46.195 | INFO     | uvicorn.protocols.http.httptools_impl:send:484 - 172.19.0.1:58938 - "GET /api/v1/teams/flags/flags-sq-2/COD HTTP/1.1" 200
2026-05-30 12:46:46.199 | DEBUG    | httpcore._trace:atrace:87 - receive_response_headers.complete return_value=(b'HTTP/1.1', 200, b'OK', [(b'Content-Length', b'1092'), (b'Content-Type', b'image/png'), (b'Access-Control-Expose-Headers', b'Request-Context'), (b'x-mdp-ck', b'**P**'), (b'x-mdp-rootactivityid', b'c27ab0897bf742aca6db6c3b19a88b3e'), (b'X-AspNet-Version', b'4.0.30319'), (b'Request-Context', b'appId=cid-v1:d6e11e63-1bc8-4e56-a695-f7ad71758c42'), (b'Arr-Disable-Session-Affinity', b'true'), (b'Cache-Control', b'public, must-revalidate, max-age=3600, s-maxage=2592000'), (b'Date', b'Sat, 30 May 2026 12:46:46 GMT'), (b'Connection', b'keep-alive'), (b'Access-Control-Allow-Origin', b'*'), (b'X-Frame-Options', b'sameorigin'), (b'Referrer-Policy', b'same-origin'), (b'X-Content-Type-Options', b'nosniff'), (b'X-XSS-Protection', b'1; mode=block'), (b'Strict-Transport-Security', b'max-age=15768000 ; includeSubDomains'), (b'Akamai-GRN', b'0.d5c41302.1780145206.18406400'), (b'Set-Cookie', b'_abck=5BB6AB7CCA8CBD1BC53F38403B257559~-1~YAAQ1cQTAgbpKECeAQAAJDPseA9Nl2dkjaAY0S4Ft9mJlDkDDMFg1QuVL1UGHSoVX9ooFd2yuPloefwfVoG+COD3wIwc1hZ08fU6cHcc+M9OnllapRcF6qsEUbK9jBNc0C2I+8umGuaHuGy9LNsBH0g21/uwG/qam792n4z1pVjUOURE2DuWUrf9264k8dF/rkIXdTWFM4YllmOyu5SrBHqdhO54x1VSbitkgltnYtcE2x7k3BMLuAnhWRW9d5ycVSdlkwpPH4CeRScKhGBdG+84paY0Nhvg1+Wdio3YlDKnRM7sRBd0f6x0ReBVQDUTop94BjQdbGeYwfB2KuPaorLriDlQ5JpH5Y7eLa85P005ZzOrOuc0bqhk35dWtSpIdt7uBHupJ6DIOS/zpE9UU/FOBsPVLPcZkHpz0jy7skGtOKDohbgnoF+FtNXh2fGjd/VBU03I~-1~-1~-1~-1~-1; Domain=.fifa.com; Path=/; Expires=Sun, 30 May 2027 12:46:46 GMT; Max-Age=31536000; Secure'), (b'Set-Cookie', b'bm_sz=88D3C4438E8BEBD9C918B49367F6EFF2~YAAQ1cQTAgfpKECeAQAAJDPseB9ma754wHEDb4QPL8w0KV3K337R4xaCURNHYdzyneTAxilfaOj8PHi8PhBcdfLzqVw6UJI7359kr5/psWiX4hSu/3DLXs0E8Vqf5nCmqSD7Udom/i5No5LkiDUoquXK6ozQNUBobAR4zDSS4+35TKWdZR6dftwGZsXeZSIl4sMvVCPSvPpfMI3M4477nDpiRO3MVCaM2G/ImgwCTVK0Oie93NokHiM+LKiMe2W8zbcRK1A3ohXI8p3Hmq4MWJLVtFdoPl6hXNBFFS8avY736k6mDty60uthfIrgSw3EbPfErgfb5efaK4e0OJ//rNqJbpyGFmoxT8tmhNI=~4276787~4277301; Domain=.fifa.com; Path=/; Expires=Sat, 30 May 2026 16:46:46 GMT; Max-Age=14400')])
2026-05-30 12:46:46.201 | INFO     | httpx._client:_send_single_request:1740 - HTTP Request: GET https://api.fifa.com/api/v3/picture/flags-sq-2/CIV "HTTP/1.1 200 OK"
2026-05-30 12:46:46.202 | DEBUG    | httpcore._trace:atrace:87 - receive_response_body.started request=<Request [b'GET']>
2026-05-30 12:46:46.202 | DEBUG    | httpcore._trace:atrace:87 - receive_response_body.complete
2026-05-30 12:46:46.204 | INFO     | app.api.v1.endpoints.teams:get_flag_proxy:77 - Flag not cached. Proxying from FIFA: https://api.fifa.com/api/v3/picture/flags-sq-2/CUW
2026-05-30 12:46:46.208 | DEBUG    | httpcore._trace:atrace:87 - response_closed.started
2026-05-30 12:46:46.209 | DEBUG    | httpcore._trace:atrace:87 - close.complete
2026-05-30 12:46:46.210 | DEBUG    | httpcore._trace:atrace:87 - response_closed.complete
2026-05-30 12:46:46.216 | DEBUG    | httpcore._trace:atrace:87 - close.started
2026-05-30 12:46:46.217 | DEBUG    | httpcore._trace:atrace:87 - close.complete
2026-05-30 12:46:46.224 | INFO     | uvicorn.protocols.http.httptools_impl:send:484 - 172.19.0.1:58910 - "GET /api/v1/teams/flags/flags-sq-2/COL HTTP/1.1" 200
2026-05-30 12:46:46.225 | INFO     | uvicorn.protocols.http.httptools_impl:send:484 - 172.19.0.1:58962 - "GET /api/v1/teams/flags/flags-sq-2/CIV HTTP/1.1" 200
2026-05-30 12:46:46.237 | INFO     | app.api.v1.endpoints.teams:get_flag_proxy:77 - Flag not cached. Proxying from FIFA: https://api.fifa.com/api/v3/picture/flags-sq-2/CZE
2026-05-30 12:46:46.243 | DEBUG    | httpcore._trace:atrace:87 - connect_tcp.started host='api.fifa.com' port=443 local_address=None timeout=10.0 socket_options=None
2026-05-30 12:46:46.245 | DEBUG    | httpcore._trace:atrace:87 - receive_response_headers.complete return_value=(b'HTTP/1.1', 200, b'OK', [(b'Content-Length', b'4273'), (b'Content-Type', b'image/png'), (b'Access-Control-Expose-Headers', b'Request-Context'), (b'x-mdp-ck', b'**P**'), (b'x-mdp-rootactivityid', b'd5bd1669ce964c89aaffa5547fe7b585'), (b'X-AspNet-Version', b'4.0.30319'), (b'Request-Context', b'appId=cid-v1:d6e11e63-1bc8-4e56-a695-f7ad71758c42'), (b'Arr-Disable-Session-Affinity', b'true'), (b'Cache-Control', b'public, must-revalidate, max-age=3600, s-maxage=2592000'), (b'Date', b'Sat, 30 May 2026 12:46:46 GMT'), (b'Connection', b'keep-alive'), (b'Access-Control-Allow-Origin', b'*'), (b'X-Frame-Options', b'sameorigin'), (b'Referrer-Policy', b'same-origin'), (b'X-Content-Type-Options', b'nosniff'), (b'X-XSS-Protection', b'1; mode=block'), (b'Strict-Transport-Security', b'max-age=15768000 ; includeSubDomains'), (b'Akamai-GRN', b'0.d5c41302.1780145206.1840640b'), (b'Set-Cookie', b'_abck=A9934D33815E90086C81CA95763B4066~-1~YAAQ1cQTAgnpKECeAQAAOTPseA+U37cSlwwsLBw7C/o5wXp/W0OTNGxM3cGT9Yu9DEBbwEZ+A+yILgyhcg7NxDA8oBIuMkQ/ohbWi+ZiDP2F2K9e44ZrTRHvi23TTtZtsnwvFoBpBR7ipZhUgOq2ZtmOqtrvjKQ3rbrA9SVWarYKwQK+CLY0ZL+kjHduS5eo5bkO5NH/fpdAt+Pn+fSEo2ZRVRUU4vMEEA8jAsJ280uQq9IakoreOyw4km2GQvR9+8D+Vg6/FGwcSyZsfROTGa34Me/Og7zZifJVKQzyEa8xGdB7kOgqeX1dgUecqokLVKP3+xJNsheGwd51dOhv9mR8ZfTdLY0LTf1h5JjlXepmBbwMzlMDF4K2TojYPlSbrmOuf2ONzqV6psUS6grCkVmheu+fzWycF8kVm9/nW1JhYuCZkuw3ztrW161X7hlPO5qIna6x~-1~-1~-1~-1~-1; Domain=.fifa.com; Path=/; Expires=Sun, 30 May 2027 12:46:46 GMT; Max-Age=31536000; Secure'), (b'Set-Cookie', b'bm_sz=82258D3CA9E79A6FAB6D82E7AC67750B~YAAQ1cQTAgrpKECeAQAAOTPseB8gbgGlNQbvDYuDX+PNwMqBIYuw7kPIvJhOb34oY/wkxNK5xqlqntSOSNAj1iB3nCOvDbg+vjSHLf8PXvi4/2/CjZO40vImOIsuSmLCM810LgTHpstWt5Bb73Gngs8UIxHPIrm13ukGzvKA/qYiq2pXF/HKfhOzfh21FYerDpnvn/O01wkRXbeKsP/XgvHkrNJKC0Nhd/qPOdn6coaJkmyzM6/lvSh1fWPQS+F9rJKpFfY7SX8Ds+6NVkrWPI5B82Ae3tUmkz22k46GhoqyMBidSm/zCcTM+MVEzDAwVURVeaQkguUkycZ+pm+cX6oYz6pUcmG6x/Vn7qU=~4276787~4277301; Domain=.fifa.com; Path=/; Expires=Sat, 30 May 2026 16:46:46 GMT; Max-Age=14400')])
2026-05-30 12:46:46.248 | INFO     | httpx._client:_send_single_request:1740 - HTTP Request: GET https://api.fifa.com/api/v3/picture/flags-sq-2/CRO "HTTP/1.1 200 OK"
2026-05-30 12:46:46.250 | DEBUG    | httpcore._trace:atrace:87 - receive_response_body.started request=<Request [b'GET']>
2026-05-30 12:46:46.252 | DEBUG    | httpcore._trace:atrace:87 - receive_response_body.complete
2026-05-30 12:46:46.254 | DEBUG    | httpcore._trace:atrace:87 - response_closed.started
2026-05-30 12:46:46.255 | DEBUG    | httpcore._trace:atrace:87 - response_closed.complete
2026-05-30 12:46:46.258 | DEBUG    | httpcore._trace:atrace:87 - close.started
2026-05-30 12:46:46.259 | DEBUG    | httpcore._trace:atrace:87 - close.complete
2026-05-30 12:46:46.261 | INFO     | uvicorn.protocols.http.httptools_impl:send:484 - 172.19.0.1:58948 - "GET /api/v1/teams/flags/flags-sq-2/CRO HTTP/1.1" 200
2026-05-30 12:46:46.267 | INFO     | app.api.v1.endpoints.teams:get_flag_proxy:77 - Flag not cached. Proxying from FIFA: https://api.fifa.com/api/v3/picture/flags-sq-2/ECU
2026-05-30 12:46:46.270 | DEBUG    | httpcore._trace:atrace:87 - connect_tcp.started host='api.fifa.com' port=443 local_address=None timeout=10.0 socket_options=None
2026-05-30 12:46:46.279 | INFO     | app.api.v1.endpoints.teams:get_flag_proxy:77 - Flag not cached. Proxying from FIFA: https://api.fifa.com/api/v3/picture/flags-sq-2/EGY
2026-05-30 12:46:46.297 | DEBUG    | httpcore._trace:atrace:87 - connect_tcp.started host='api.fifa.com' port=443 local_address=None timeout=10.0 socket_options=None
2026-05-30 12:46:46.299 | DEBUG    | httpcore._trace:atrace:87 - connect_tcp.complete return_value=<httpcore._backends.anyio.AnyIOStream object at 0x75d346dd6840>
2026-05-30 12:46:46.304 | DEBUG    | httpcore._trace:atrace:87 - start_tls.started ssl_context=<ssl.SSLContext object at 0x75d34617e250> server_hostname='api.fifa.com' timeout=10.0
2026-05-30 12:46:46.305 | DEBUG    | httpcore._trace:atrace:87 - connect_tcp.started host='api.fifa.com' port=443 local_address=None timeout=10.0 socket_options=None
2026-05-30 12:46:46.317 | DEBUG    | httpcore._trace:atrace:87 - receive_response_headers.complete return_value=(b'HTTP/1.1', 200, b'OK', [(b'Content-Length', b'2953'), (b'Content-Type', b'image/png'), (b'Access-Control-Expose-Headers', b'Request-Context'), (b'x-mdp-ck', b'**P**'), (b'x-mdp-rootactivityid', b'7c4e4142bb4348d69f6900e6896470d6'), (b'X-AspNet-Version', b'4.0.30319'), (b'Request-Context', b'appId=cid-v1:d6e11e63-1bc8-4e56-a695-f7ad71758c42'), (b'Arr-Disable-Session-Affinity', b'true'), (b'Cache-Control', b'public, must-revalidate, max-age=3600, s-maxage=2592000'), (b'Date', b'Sat, 30 May 2026 12:46:46 GMT'), (b'Connection', b'keep-alive'), (b'Access-Control-Allow-Origin', b'*'), (b'X-Frame-Options', b'sameorigin'), (b'Referrer-Policy', b'same-origin'), (b'X-Content-Type-Options', b'nosniff'), (b'X-XSS-Protection', b'1; mode=block'), (b'Strict-Transport-Security', b'max-age=15768000 ; includeSubDomains'), (b'Akamai-GRN', b'0.dec41302.1780145206.425af4'), (b'Set-Cookie', b'_abck=64D64CDF1238694FE4E229A43F798D49~-1~YAAQ3sQTAmLhc3eeAQAAnDPseA9DX/lIGCLrW8u40hauOWccPaLl0vuBVk2tq+sgFYgWohhP++uHPoDnDm5CqXwkc8Mqcg466xzlvmAJ3tekUyINO3CczEZIMY5W0aHxmZaAlmptYZEQ6ECgJp6/RsMHTKRQDftyB2jUfJRgMCJqx0iOTw8+KDPEjNzY/0MZhfcEWg1jmZOy2K1+eRq7ByijB3My3gah1qqINj2O8O98eQdx6Pu40kyIgCyvIApZBn38Yaxc5QbelGtwShM/TuNDOnYj+VWHuJpeVFnj40rqEMj+kmXP4ieKCOPA77/EUoWuoM8MPOW34B51CeoL55LLWpR8sxfHyLxqQhtpJXoPtzyAB+nE64tHdWeM30ZvwdNtMKarRI5zAASnitKyotd11qILmTtDjXPiC9jSdTYrUeDwa0wDsQop7wa7YhJaNgppxQub~-1~-1~-1~-1~-1; Domain=.fifa.com; Path=/; Expires=Sun, 30 May 2027 12:46:46 GMT; Max-Age=31536000; Secure'), (b'Set-Cookie', b'bm_sz=625748CCCA28063979BA656589096FD9~YAAQ3sQTAmPhc3eeAQAAnDPseB8VewImbtQ89VN/KlgIJ/OS6uT4m0s0hxAAFI/UNbxzFYqfGuan6Jfdn8+fwdYVpfYyUJHZkBzUXOfKnjI7rCRp0q/2yqtIy3XC2VgcSTr8b3Jdm7qtWhF8+AYyUDTc7juoj9DazG+3IzXKSRmddpDbAat2Vw9mWNmSnxRAQ4i9HAlL9ZuqQXrE7qLkAjk0uwoaaNF/bvtoSl9L8sxCuT6oV6fjQdU9+gt4Oq45rSzlXWKGKlmTqZH8jvnTBEehCCT/oeI1xD+jHCpZViphp3/zAHGHr0+MpePbaS1+dCkTBx3HrcK8a1uyN7t/xWSazFogLEtjhMM9R0A=~4276787~4277301; Domain=.fifa.com; Path=/; Expires=Sat, 30 May 2026 16:46:46 GMT; Max-Age=14400')])
2026-05-30 12:46:46.309 | DEBUG    | httpcore._trace:atrace:87 - receive_response_headers.complete return_value=(b'HTTP/1.1', 200, b'OK', [(b'Content-Length', b'5945'), (b'Content-Type', b'image/png'), (b'Access-Control-Expose-Headers', b'Request-Context'), (b'x-mdp-ck', b'**P**'), (b'x-mdp-rootactivityid', b'7c2c55c1917b471e9e131c97384b3ab4'), (b'X-AspNet-Version', b'4.0.30319'), (b'Request-Context', b'appId=cid-v1:d6e11e63-1bc8-4e56-a695-f7ad71758c42'), (b'Arr-Disable-Session-Affinity', b'true'), (b'Cache-Control', b'public, must-revalidate, max-age=3600, s-maxage=2592000'), (b'Date', b'Sat, 30 May 2026 12:46:46 GMT'), (b'Connection', b'keep-alive'), (b'Access-Control-Allow-Origin', b'*'), (b'X-Frame-Options', b'sameorigin'), (b'Referrer-Policy', b'same-origin'), (b'X-Content-Type-Options', b'nosniff'), (b'X-XSS-Protection', b'1; mode=block'), (b'Strict-Transport-Security', b'max-age=15768000 ; includeSubDomains'), (b'Akamai-GRN', b'0.dec41302.1780145206.425aea'), (b'Set-Cookie', b'_abck=611BF5416647B83881E79EDA4CFB8FA9~-1~YAAQ3sQTAmDhc3eeAQAAmDPseA/oaHnSjsPmhWPHK9hzVmPbICz4jsGT8psuKMRbs1uVwuNYbTPwRJoGbYoqiDyMFnlovjiK99fw7OVtK5aJYZCkZzGea2nXpqfw+aas1gMHrw1kqnWfbmzUnkPqhVwshmas5Lgu2rRNgswFXCQHAPEmTAvwQgHJYf+lfZo752KMqghLBj+eVqLJJ+uCXVRjeHLeZI8po2q4AncL5yMSX6C6tQ6TXN+Q2e65eCPnqIjUxtFCNZfuC1DhU9b0FKEcit8G0l0Cs2ud+533I1NLqh5PMMz60rtioQxoStaJz/V8piE1IrcVgAVj2tQsxytihCiLtdvnrOI8We3X5LhYIBbcdoL2yk/h4xzdMfHzS6AwC/nYK8gwWiWz3GaBLguiVOfwfrx7KMvISrTeZj5pGdndiKaTWcwgqli0vWVX2+nfBoCA~-1~-1~-1~-1~-1; Domain=.fifa.com; Path=/; Expires=Sun, 30 May 2027 12:46:46 GMT; Max-Age=31536000; Secure'), (b'Set-Cookie', b'bm_sz=F11567DDFED8C5B92EE82BBF683AA715~YAAQ3sQTAmHhc3eeAQAAmDPseB/UV1eJyIFiFd/za6WKf/fqwdgwYcgtyv+DewOA5Hm3oNV1nwu6CevHhOYGvmwr/wcejeDca8HNCrpivcpwadQD4Wnd0wW/m5Jfb+Z4il2EinVbu8Sdmwy8hf+AxFwr0zL2R2i0jvnFCWSJSpIqoNuxHpuW5oRycLHfLZw9xFztDPUTBMtieLGB4Q/93T7uH+PEcN7G/PYA+TGD2oaUWXmecyOmY5H9U+Q38YAfABevmjHNc/fjTNqa4cXQMK6mDMhC4WDw7WyveCQriDp8Y5/i03sQTDgfk9GO3Kguauxqv3CHK/wo24pTIBZ0AL8Opy5b+P6SvedQy/4=~4276787~4277301; Domain=.fifa.com; Path=/; Expires=Sat, 30 May 2026 16:46:46 GMT; Max-Age=14400')])
2026-05-30 12:46:46.318 | INFO     | httpx._client:_send_single_request:1740 - HTTP Request: GET https://api.fifa.com/api/v3/picture/flags-sq-2/CPV "HTTP/1.1 200 OK"
2026-05-30 12:46:46.319 | DEBUG    | httpcore._trace:atrace:87 - receive_response_body.started request=<Request [b'GET']>
2026-05-30 12:46:46.319 | DEBUG    | httpcore._trace:atrace:87 - receive_response_body.complete
2026-05-30 12:46:46.321 | DEBUG    | httpcore._trace:atrace:87 - response_closed.started
2026-05-30 12:46:46.310 | INFO     | httpx._client:_send_single_request:1740 - HTTP Request: GET https://api.fifa.com/api/v3/picture/flags-sq-2/BRA "HTTP/1.1 200 OK"
2026-05-30 12:46:46.323 | DEBUG    | httpcore._trace:atrace:87 - response_closed.complete
2026-05-30 12:46:46.311 | DEBUG    | httpcore._trace:atrace:87 - receive_response_body.started request=<Request [b'GET']>
2026-05-30 12:46:46.312 | DEBUG    | httpcore._trace:atrace:87 - receive_response_body.complete
2026-05-30 12:46:46.326 | DEBUG    | httpcore._trace:atrace:87 - close.started
2026-05-30 12:46:46.320 | DEBUG    | httpcore._trace:atrace:87 - response_closed.started
2026-05-30 12:46:46.326 | DEBUG    | httpcore._trace:atrace:87 - close.complete
2026-05-30 12:46:46.324 | DEBUG    | httpcore._trace:atrace:87 - response_closed.complete
2026-05-30 12:46:46.330 | INFO     | uvicorn.protocols.http.httptools_impl:send:484 - 172.19.0.1:58958 - "GET /api/v1/teams/flags/flags-sq-2/CPV HTTP/1.1" 200
2026-05-30 12:46:46.327 | DEBUG    | httpcore._trace:atrace:87 - close.started
2026-05-30 12:46:46.328 | DEBUG    | httpcore._trace:atrace:87 - close.complete
2026-05-30 12:46:46.330 | INFO     | uvicorn.protocols.http.httptools_impl:send:484 - 172.19.0.1:58968 - "GET /api/v1/teams/flags/flags-sq-2/BRA HTTP/1.1" 200
2026-05-30 12:46:46.337 | INFO     | app.api.v1.endpoints.teams:get_flag_proxy:77 - Flag not cached. Proxying from FIFA: https://api.fifa.com/api/v3/picture/flags-sq-2/ENG
2026-05-30 12:46:46.338 | INFO     | app.api.v1.endpoints.teams:get_flag_proxy:77 - Flag not cached. Proxying from FIFA: https://api.fifa.com/api/v3/picture/flags-sq-2/FRA
2026-05-30 12:46:46.363 | DEBUG    | httpcore._trace:atrace:87 - connect_tcp.started host='api.fifa.com' port=443 local_address=None timeout=10.0 socket_options=None
2026-05-30 12:46:46.364 | DEBUG    | httpcore._trace:atrace:87 - connect_tcp.complete return_value=<httpcore._backends.anyio.AnyIOStream object at 0x7fd9943052b0>
2026-05-30 12:46:46.371 | DEBUG    | httpcore._trace:atrace:87 - connect_tcp.started host='api.fifa.com' port=443 local_address=None timeout=10.0 socket_options=None
2026-05-30 12:46:46.372 | DEBUG    | httpcore._trace:atrace:87 - start_tls.started ssl_context=<ssl.SSLContext object at 0x7fd9942c3950> server_hostname='api.fifa.com' timeout=10.0
2026-05-30 12:46:46.383 | DEBUG    | httpcore._trace:atrace:87 - start_tls.complete return_value=<httpcore._backends.anyio.AnyIOStream object at 0x75d349b2e4b0>
2026-05-30 12:46:46.377 | DEBUG    | httpcore._trace:atrace:87 - connect_tcp.complete return_value=<httpcore._backends.anyio.AnyIOStream object at 0x7fd994306480>
2026-05-30 12:46:46.385 | DEBUG    | httpcore._trace:atrace:87 - send_request_headers.started request=<Request [b'GET']>
2026-05-30 12:46:46.387 | DEBUG    | httpcore._trace:atrace:87 - send_request_headers.complete
2026-05-30 12:46:46.388 | DEBUG    | httpcore._trace:atrace:87 - send_request_body.started request=<Request [b'GET']>
2026-05-30 12:46:46.390 | DEBUG    | httpcore._trace:atrace:87 - send_request_body.complete
2026-05-30 12:46:46.391 | DEBUG    | httpcore._trace:atrace:87 - receive_response_headers.started request=<Request [b'GET']>
2026-05-30 12:46:46.384 | DEBUG    | httpcore._trace:atrace:87 - start_tls.started ssl_context=<ssl.SSLContext object at 0x7fd9942c02d0> server_hostname='api.fifa.com' timeout=10.0
2026-05-30 12:46:46.392 | DEBUG    | httpcore._trace:atrace:87 - connect_tcp.complete return_value=<httpcore._backends.anyio.AnyIOStream object at 0x75d3461f4bf0>
2026-05-30 12:46:46.392 | DEBUG    | httpcore._trace:atrace:87 - start_tls.started ssl_context=<ssl.SSLContext object at 0x75d34617f350> server_hostname='api.fifa.com' timeout=10.0
2026-05-30 12:46:46.413 | DEBUG    | httpcore._trace:atrace:87 - start_tls.complete return_value=<httpcore._backends.anyio.AnyIOStream object at 0x7fd994304b30>
2026-05-30 12:46:46.415 | DEBUG    | httpcore._trace:atrace:87 - send_request_headers.started request=<Request [b'GET']>
2026-05-30 12:46:46.415 | DEBUG    | httpcore._trace:atrace:87 - send_request_headers.complete
2026-05-30 12:46:46.416 | DEBUG    | httpcore._trace:atrace:87 - send_request_body.started request=<Request [b'GET']>
2026-05-30 12:46:46.417 | DEBUG    | httpcore._trace:atrace:87 - send_request_body.complete
2026-05-30 12:46:46.417 | DEBUG    | httpcore._trace:atrace:87 - receive_response_headers.started request=<Request [b'GET']>
2026-05-30 12:46:46.418 | DEBUG    | httpcore._trace:atrace:87 - connect_tcp.complete return_value=<httpcore._backends.anyio.AnyIOStream object at 0x7fd994c13a10>
2026-05-30 12:46:46.419 | DEBUG    | httpcore._trace:atrace:87 - start_tls.started ssl_context=<ssl.SSLContext object at 0x7fd9942c3250> server_hostname='api.fifa.com' timeout=10.0
2026-05-30 12:46:46.425 | DEBUG    | httpcore._trace:atrace:87 - start_tls.complete return_value=<httpcore._backends.anyio.AnyIOStream object at 0x7fd9942ee810>
2026-05-30 12:46:46.428 | DEBUG    | httpcore._trace:atrace:87 - send_request_headers.started request=<Request [b'GET']>
2026-05-30 12:46:46.429 | DEBUG    | httpcore._trace:atrace:87 - send_request_headers.complete
2026-05-30 12:46:46.430 | DEBUG    | httpcore._trace:atrace:87 - send_request_body.started request=<Request [b'GET']>
2026-05-30 12:46:46.431 | DEBUG    | httpcore._trace:atrace:87 - send_request_body.complete
2026-05-30 12:46:46.431 | DEBUG    | httpcore._trace:atrace:87 - receive_response_headers.complete return_value=(b'HTTP/1.1', 200, b'OK', [(b'Content-Length', b'1596'), (b'Content-Type', b'image/png'), (b'Access-Control-Expose-Headers', b'Request-Context'), (b'x-mdp-ck', b'**P**'), (b'x-mdp-rootactivityid', b'b9118c1faf194bf1b02e9ff7711416ed'), (b'X-AspNet-Version', b'4.0.30319'), (b'Request-Context', b'appId=cid-v1:d6e11e63-1bc8-4e56-a695-f7ad71758c42'), (b'Arr-Disable-Session-Affinity', b'true'), (b'Cache-Control', b'public, must-revalidate, max-age=3600, s-maxage=2592000'), (b'Date', b'Sat, 30 May 2026 12:46:46 GMT'), (b'Connection', b'keep-alive'), (b'Access-Control-Allow-Origin', b'*'), (b'X-Frame-Options', b'sameorigin'), (b'Referrer-Policy', b'same-origin'), (b'X-Content-Type-Options', b'nosniff'), (b'X-XSS-Protection', b'1; mode=block'), (b'Strict-Transport-Security', b'max-age=15768000 ; includeSubDomains'), (b'Akamai-GRN', b'0.d5c41302.1780145206.1840646d'), (b'Set-Cookie', b'_abck=0F573525D4CD10C93A70CC9AA2864F31~-1~YAAQ1cQTAgzpKECeAQAADDTseA8jMy7uBWi8vCllr41EqPpcGOiBFcEEcbn4JUdg3dTRkQDyWSNThTPqJVLYbaj0G+IGcyUSp+cjtacvQNuFFiTD2GkbKQhH1fhhNffJITUTU4J475p/uvS7ud5xLprdTpchiclPAgyQb/LuW52tsxc+XmIStEfRrWqfe0LFimNGcf9ebD1jXjf70MxxGIoB42LkqNsC4EtxmhHNrHAPtgH/1P2Vi/WzNonBR/YBeblUvcyEfDXvjmUS3+vZ+SpmpARESUX5fDvQ8Oahh0qyg+yWpFhgp6221j/4qlZTQMqnf/UhdujnGl3Up8JEJtK3FS4BNlVcbUOBNKudFVt2V9GJRwp1xW0f+Mz0VkYIi+PajP5GeH08ir4KF2mjMXwqRPm0hzisUFfF4kHEr/6lEjDx8HPmkX/kFBNuuYFo+UTBfImd~-1~-1~-1~-1~-1; Domain=.fifa.com; Path=/; Expires=Sun, 30 May 2027 12:46:46 GMT; Max-Age=31536000; Secure'), (b'Set-Cookie', b'bm_sz=212FB572D804C865CF07D27E5CCE263C~YAAQ1cQTAg3pKECeAQAADTTseB8GZd2edCLpfGav8AbOMHWdBNvJQQO0O3SDbBKbXBrdQJcRo/BBVb9Llg6uL32X1hxs56iSq4q+cCL6svtQg/z5INaGNySJQEJUb1JOEjmDuQYEEDkXSu3JDiqAja/nXXufBqz/CK9VPHqbSE8NFEAMT/nMvVBbVQYtrY9+LQP0OU3PGMPM0WxtwaeEIHJNmXdD2VouQDgb9z2CxMns/wY2KVQ6VKzauXNVolGeb9BAc1IzAzkTlm6RPy323OH9ySYeRgGpzJ5T8Mx4Kq3sQN+Z2RhUU/wn3uTjftDKg3IJXSCCaLxoLMjSXwqrcmuSZUitQT9AtljI5iA=~4276787~4277301; Domain=.fifa.com; Path=/; Expires=Sat, 30 May 2026 16:46:46 GMT; Max-Age=14400')])
2026-05-30 12:46:46.431 | DEBUG    | httpcore._trace:atrace:87 - receive_response_headers.started request=<Request [b'GET']>
2026-05-30 12:46:46.433 | INFO     | httpx._client:_send_single_request:1740 - HTTP Request: GET https://api.fifa.com/api/v3/picture/flags-sq-2/CUW "HTTP/1.1 200 OK"
2026-05-30 12:46:46.434 | DEBUG    | httpcore._trace:atrace:87 - receive_response_body.started request=<Request [b'GET']>
2026-05-30 12:46:46.434 | DEBUG    | httpcore._trace:atrace:87 - receive_response_body.complete
2026-05-30 12:46:46.435 | DEBUG    | httpcore._trace:atrace:87 - response_closed.started
2026-05-30 12:46:46.436 | DEBUG    | httpcore._trace:atrace:87 - response_closed.complete
2026-05-30 12:46:46.437 | DEBUG    | httpcore._trace:atrace:87 - close.started
2026-05-30 12:46:46.438 | DEBUG    | httpcore._trace:atrace:87 - close.complete
2026-05-30 12:46:46.448 | INFO     | uvicorn.protocols.http.httptools_impl:send:484 - 172.19.0.1:58938 - "GET /api/v1/teams/flags/flags-sq-2/CUW HTTP/1.1" 200
2026-05-30 12:46:46.449 | DEBUG    | httpcore._trace:atrace:87 - start_tls.complete return_value=<httpcore._backends.anyio.AnyIOStream object at 0x75d3461f4920>
2026-05-30 12:46:46.450 | DEBUG    | httpcore._trace:atrace:87 - send_request_headers.started request=<Request [b'GET']>
2026-05-30 12:46:46.452 | DEBUG    | httpcore._trace:atrace:87 - send_request_headers.complete
2026-05-30 12:46:46.453 | DEBUG    | httpcore._trace:atrace:87 - send_request_body.started request=<Request [b'GET']>
2026-05-30 12:46:46.453 | DEBUG    | httpcore._trace:atrace:87 - send_request_body.complete
2026-05-30 12:46:46.454 | DEBUG    | httpcore._trace:atrace:87 - receive_response_headers.started request=<Request [b'GET']>
2026-05-30 12:46:46.456 | DEBUG    | httpcore._trace:atrace:87 - connect_tcp.complete return_value=<httpcore._backends.anyio.AnyIOStream object at 0x75d3461f7830>
2026-05-30 12:46:46.457 | DEBUG    | httpcore._trace:atrace:87 - start_tls.started ssl_context=<ssl.SSLContext object at 0x75d346aa83d0> server_hostname='api.fifa.com' timeout=10.0
2026-05-30 12:46:46.459 | DEBUG    | httpcore._trace:atrace:87 - start_tls.complete return_value=<httpcore._backends.anyio.AnyIOStream object at 0x7fd994306780>
2026-05-30 12:46:46.463 | DEBUG    | httpcore._trace:atrace:87 - send_request_headers.started request=<Request [b'GET']>
2026-05-30 12:46:46.466 | INFO     | app.api.v1.endpoints.teams:get_flag_proxy:77 - Flag not cached. Proxying from FIFA: https://api.fifa.com/api/v3/picture/flags-sq-2/GER
2026-05-30 12:46:46.467 | DEBUG    | httpcore._trace:atrace:87 - send_request_headers.complete
2026-05-30 12:46:46.472 | DEBUG    | httpcore._trace:atrace:87 - send_request_body.started request=<Request [b'GET']>
2026-05-30 12:46:46.473 | DEBUG    | httpcore._trace:atrace:87 - send_request_body.complete
2026-05-30 12:46:46.475 | DEBUG    | httpcore._trace:atrace:87 - receive_response_headers.started request=<Request [b'GET']>
2026-05-30 12:46:46.477 | DEBUG    | httpcore._trace:atrace:87 - receive_response_headers.complete return_value=(b'HTTP/1.1', 200, b'OK', [(b'Content-Length', b'1982'), (b'Content-Type', b'image/png'), (b'Access-Control-Expose-Headers', b'Request-Context'), (b'x-mdp-ck', b'**P**'), (b'x-mdp-rootactivityid', b'f61cdfaa885f428da94073b84087a99c'), (b'X-AspNet-Version', b'4.0.30319'), (b'Request-Context', b'appId=cid-v1:d6e11e63-1bc8-4e56-a695-f7ad71758c42'), (b'Arr-Disable-Session-Affinity', b'true'), (b'Cache-Control', b'public, must-revalidate, max-age=3600, s-maxage=2592000'), (b'Date', b'Sat, 30 May 2026 12:46:46 GMT'), (b'Connection', b'keep-alive'), (b'Access-Control-Allow-Origin', b'*'), (b'X-Frame-Options', b'sameorigin'), (b'Referrer-Policy', b'same-origin'), (b'X-Content-Type-Options', b'nosniff'), (b'X-XSS-Protection', b'1; mode=block'), (b'Strict-Transport-Security', b'max-age=15768000 ; includeSubDomains'), (b'Akamai-GRN', b'0.d5c41302.1780145206.18406483'), (b'Set-Cookie', b'_abck=4317CC12460ED0069A180E7F2C992D58~-1~YAAQ1cQTAg7pKECeAQAAPjTseA/rh1F0BeqDqwSGSwQXzUXobRcdtQfs6jifDR56o9LVbxX1tu7F5HdvA/hqb6MdvVC1KnqnJy0v/6foqBe+NTDArV5/Qzm2LMpE7FxEE07DRf+sDRwBsLJ5BrLjsxd01syAX0k8Z6Ompgu8Xh4kHShxvEkLWXgS1lgIys1b0o6KNRZGJQ+qYWxGNWIEoDLxz3UhSVypNgzeN4ApY6Do9XKZ50p+/vXEVX5RlLzsrbbbeurAmlmBokkZtjveSjheRrV93CLnLfrAQA8c2dL3iOCky+m6X+qJiqvICtdlF2+5s2H3yCWZM2ULYV3dl5AMwNXAZarWZAsmdwnMbQqBqn1fCGiPdiVRPrSIwa1hwNFMYDo6g26tnL4jYKx3/Mg+H4Unml3QGyTEs8IHWdiavXVIOOZjQ1E8KFJO/bkREDdRfRoC~-1~-1~-1~-1~-1; Domain=.fifa.com; Path=/; Expires=Sun, 30 May 2027 12:46:46 GMT; Max-Age=31536000; Secure'), (b'Set-Cookie', b'bm_sz=3C12262CF86FDC826C0569C883CB64AC~YAAQ1cQTAg/pKECeAQAAPjTseB9XjhAez8Wpb67Zr8IELQG4TLlCnMg8fKpg4x5Qot1Bbt/DFxVnWrxxojoSWnBEdHoqfv5NMKvVBNfwNnS5deHrWeTZ2Oi2xJf81eapCkmKwKW5b73WDtujZ0Qtj+co4DkHRe7Q0vteCtCUpGEVZezEL0tNuCJT+9uOoER16CpJAeoirBi9fFwiK5QX38DwB9Djw43d7njeCctd+cWfrg+7mc0e4MpL7PohdXEtE6EvSVOP3ou74TKVFnYQLa0UU+7BTDWsYoiRaDImL5yM0WKCWUvfGGkOZ8t5uItT72kz4hwKc9PPRrC9nmezznxQfgtutxXTCJPmFm4=~4276787~4277301; Domain=.fifa.com; Path=/; Expires=Sat, 30 May 2026 16:46:46 GMT; Max-Age=14400')])
2026-05-30 12:46:46.480 | INFO     | httpx._client:_send_single_request:1740 - HTTP Request: GET https://api.fifa.com/api/v3/picture/flags-sq-2/EGY "HTTP/1.1 200 OK"
2026-05-30 12:46:46.481 | DEBUG    | httpcore._trace:atrace:87 - receive_response_body.started request=<Request [b'GET']>
2026-05-30 12:46:46.498 | DEBUG    | httpcore._trace:atrace:87 - connect_tcp.started host='api.fifa.com' port=443 local_address=None timeout=10.0 socket_options=None
2026-05-30 12:46:46.498 | DEBUG    | httpcore._trace:atrace:87 - receive_response_body.complete
2026-05-30 12:46:46.501 | DEBUG    | httpcore._trace:atrace:87 - response_closed.started
2026-05-30 12:46:46.503 | DEBUG    | httpcore._trace:atrace:87 - receive_response_headers.complete return_value=(b'HTTP/1.1', 200, b'OK', [(b'Content-Length', b'3708'), (b'Content-Type', b'image/png'), (b'Access-Control-Expose-Headers', b'Request-Context'), (b'x-mdp-ck', b'**P**'), (b'x-mdp-rootactivityid', b'f4e65c51b74a4559bee3bd9902fbb112'), (b'X-AspNet-Version', b'4.0.30319'), (b'Request-Context', b'appId=cid-v1:d6e11e63-1bc8-4e56-a695-f7ad71758c42'), (b'Arr-Disable-Session-Affinity', b'true'), (b'Cache-Control', b'public, must-revalidate, max-age=3600, s-maxage=2592000'), (b'Date', b'Sat, 30 May 2026 12:46:46 GMT'), (b'Connection', b'keep-alive'), (b'Access-Control-Allow-Origin', b'*'), (b'X-Frame-Options', b'sameorigin'), (b'Referrer-Policy', b'same-origin'), (b'X-Content-Type-Options', b'nosniff'), (b'X-XSS-Protection', b'1; mode=block'), (b'Strict-Transport-Security', b'max-age=15768000 ; includeSubDomains'), (b'Akamai-GRN', b'0.dec41302.1780145206.425b72'), (b'Set-Cookie', b'_abck=363182B69A17566B78EE0EFCFB669AEA~-1~YAAQ3sQTAmThc3eeAQAATjTseA+90DZ0Q//YVUaWpS9paBAfRS3uuhnDFZpkGsqRplj8UX/2a6FuNnVTF+hPgql9AQyyEaQycep0mZpM5Y2eNWopeWbp45nnlHz0qD0+At6I3CCLlsEi1RSqrj65+tH9hPV3tmvaeya2TeRQBhnI1ovceZuGk1f4iPAvW6vEVdjXktvjctJmLVx+74vU2Vk2O4G+//vAFytFscDvnebZXlYsi6sXbTFL5JbyMjr8KXY7rUJ/Qr8494ddf08nA0xGGwafAQVY/bpNcJiekmMwXbXkV3uuH41c2SnGSixhy+57oIHkugX78i2rrAEtiEKK98U5oC6WDzVR8WgSLZIQoIs75Oti83czuNGk6Zq+LFsCzLnYiFGPe+C/58XIxHU8gz+n72afqcTRR9T9LqgeaVyyQFqnWisSbywhmNUAdhByWIKv~-1~-1~-1~-1~-1; Domain=.fifa.com; Path=/; Expires=Sun, 30 May 2027 12:46:46 GMT; Max-Age=31536000; Secure'), (b'Set-Cookie', b'bm_sz=08B8D2974230C6539FF30EE770A9B24A~YAAQ3sQTAmXhc3eeAQAATjTseB9FAsGn03/ze86eBTHXPdXABDYVh4y2/ZKNEiyN507+/N/Spa/YtzBNSrP+6dPVEJDUZA0CuU4z7GaskbldffDb+VEgdZEPdQ9lnYyQbvPT3XMF9GpGA3yCLA4wxOMgXJiXs9Vkn1cQkNCEftRKCSwHXnWrGQAxCl5+VQ3wxRu/62DnPWGAZfXqtwe9zzyqdnguJSV02+JK7BkDr7VEdnYUz7pQETjyuNEfPOZUCXJnuWTXVljayhuyjfljt2mlX50PQlhGYJ7SenrUhPJWK0CvXejKMIJBkEPfLQnWR4lcK7QgLAtz4odjhkuxIMGmLDBfg6Ggqo7HKZA=~4276787~4277301; Domain=.fifa.com; Path=/; Expires=Sat, 30 May 2026 16:46:46 GMT; Max-Age=14400')])
2026-05-30 12:46:46.511 | DEBUG    | httpcore._trace:atrace:87 - response_closed.complete
2026-05-30 12:46:46.513 | DEBUG    | httpcore._trace:atrace:87 - close.started
2026-05-30 12:46:46.505 | INFO     | httpx._client:_send_single_request:1740 - HTTP Request: GET https://api.fifa.com/api/v3/picture/flags-sq-2/ECU "HTTP/1.1 200 OK"
2026-05-30 12:46:46.512 | DEBUG    | httpcore._trace:atrace:87 - receive_response_body.started request=<Request [b'GET']>
2026-05-30 12:46:46.515 | DEBUG    | httpcore._trace:atrace:87 - receive_response_headers.complete return_value=(b'HTTP/1.1', 200, b'OK', [(b'Content-Length', b'2276'), (b'Content-Type', b'image/png'), (b'Access-Control-Expose-Headers', b'Request-Context'), (b'OutputCachingAttribute', b'1'), (b'x-mdp-rootactivityid', b'167f15306b1f4f9fa6ec633aadebade1'), (b'X-AspNet-Version', b'4.0.30319'), (b'Request-Context', b'appId=cid-v1:d6e11e63-1bc8-4e56-a695-f7ad71758c42'), (b'Arr-Disable-Session-Affinity', b'true'), (b'Cache-Control', b'public, must-revalidate, max-age=3600, s-maxage=2592000'), (b'Date', b'Sat, 30 May 2026 12:46:46 GMT'), (b'Connection', b'keep-alive'), (b'Access-Control-Allow-Origin', b'*'), (b'X-Frame-Options', b'sameorigin'), (b'Referrer-Policy', b'same-origin'), (b'X-Content-Type-Options', b'nosniff'), (b'X-XSS-Protection', b'1; mode=block'), (b'Strict-Transport-Security', b'max-age=15768000 ; includeSubDomains'), (b'Akamai-GRN', b'0.d5c41302.1780145206.1840648f'), (b'Set-Cookie', b'_abck=B183B942B03E612F1EE160CA518B6B0C~-1~YAAQ1cQTAhDpKECeAQAAXTTseA/SDPKZC2g5BCC4GHMvK26Nt+8TZeX5S5rkJytpRefl1zNcZgq/bha2KIw9u3zJbxh9B/Z+RnULRYf6NW/tlP6dMCVIA85XMkfa+OhzAB6XOk/5Hc6HcXys21gGFePj+yQFeD0TgQYewXFAigQwY32UFEj+L83djmzxWe4SYtYZ+89m0AcT66CWA+Ft9mFQW7sURwZR7JIxeNXgtL/tYL1yi4Yy54AQB8B22EbpJLu5vu1UAoOvQ2rbjkAe2GYkQ0s+tKvLurtLmeVdCGMVrmZA8iEcyUIW99EFcoT0XcMUWVAd1Zba4x5HPexb+B6WMeM+VAub9p5xuVbBeBblVL3sxRA8+zi5YAWcbu8DM+nT4uW96EPYbIJiYOEF9ni3+EldOXyMIuOjEq9V2EZkwZUHiew+NVT78AC1ssIWOEirmvpk~-1~-1~-1~-1~-1; Domain=.fifa.com; Path=/; Expires=Sun, 30 May 2027 12:46:46 GMT; Max-Age=31536000; Secure'), (b'Set-Cookie', b'bm_sz=D38EEDFB27273465D107E89A8DC9A95E~YAAQ1cQTAhHpKECeAQAAXTTseB9zpdKdi1c2dX1ZETfH4ekIBdeV6cdDV0Mvart6jaiEQRAgDZyiK6wbbeGEYn09YNRNQb86GNtYELUSQ6IDRENYLHwMhP8nndWz/TwvY9MWu5Jnw8HpBrHCr6xP/rbwiRG6SF6vNtCXlK5nZI4Q3MMxDGbCTVL2m8d6DdrD4k9RESELCojqiZhmtZx8AqmwSzATLvMv8xpZSKIzcT2oG4CiiQ6YhDUtpvVQMSsUpCHAof2RZTyG7dVEkpS4ofIj9sTL1zBVYW1BdiTXva3PFwm54jlaAlAKYvokROi0wZ59H/4KKrQm7fuO+1CFHj2hrF10Yg1lcj45T8A=~4276787~4277301; Domain=.fifa.com; Path=/; Expires=Sat, 30 May 2026 16:46:46 GMT; Max-Age=14400')])
2026-05-30 12:46:46.513 | DEBUG    | httpcore._trace:atrace:87 - receive_response_body.complete
2026-05-30 12:46:46.516 | INFO     | httpx._client:_send_single_request:1740 - HTTP Request: GET https://api.fifa.com/api/v3/picture/flags-sq-2/ENG "HTTP/1.1 200 OK"
2026-05-30 12:46:46.514 | DEBUG    | httpcore._trace:atrace:87 - response_closed.started
2026-05-30 12:46:46.516 | DEBUG    | httpcore._trace:atrace:87 - receive_response_body.started request=<Request [b'GET']>
2026-05-30 12:46:46.517 | DEBUG    | httpcore._trace:atrace:87 - receive_response_body.complete
2026-05-30 12:46:46.518 | DEBUG    | httpcore._trace:atrace:87 - response_closed.started
2026-05-30 12:46:46.519 | DEBUG    | httpcore._trace:atrace:87 - close.complete
2026-05-30 12:46:46.519 | DEBUG    | httpcore._trace:atrace:87 - response_closed.complete
2026-05-30 12:46:46.520 | DEBUG    | httpcore._trace:atrace:87 - response_closed.complete
2026-05-30 12:46:46.531 | DEBUG    | httpcore._trace:atrace:87 - close.started
2026-05-30 12:46:46.520 | DEBUG    | httpcore._trace:atrace:87 - close.started
2026-05-30 12:46:46.533 | DEBUG    | httpcore._trace:atrace:87 - close.complete
2026-05-30 12:46:46.535 | INFO     | uvicorn.protocols.http.httptools_impl:send:484 - 172.19.0.1:58962 - "GET /api/v1/teams/flags/flags-sq-2/EGY HTTP/1.1" 200
2026-05-30 12:46:46.530 | DEBUG    | httpcore._trace:atrace:87 - start_tls.complete return_value=<httpcore._backends.anyio.AnyIOStream object at 0x75d346dd7c50>
2026-05-30 12:46:46.531 | DEBUG    | httpcore._trace:atrace:87 - close.complete
2026-05-30 12:46:46.537 | INFO     | uvicorn.protocols.http.httptools_impl:send:484 - 172.19.0.1:58958 - "GET /api/v1/teams/flags/flags-sq-2/ENG HTTP/1.1" 200
2026-05-30 12:46:46.549 | INFO     | app.api.v1.endpoints.teams:get_flag_proxy:77 - Flag not cached. Proxying from FIFA: https://api.fifa.com/api/v3/picture/flags-sq-2/GHA
2026-05-30 12:46:46.532 | DEBUG    | httpcore._trace:atrace:87 - send_request_headers.started request=<Request [b'GET']>
2026-05-30 12:46:46.533 | DEBUG    | httpcore._trace:atrace:87 - send_request_headers.complete
2026-05-30 12:46:46.535 | DEBUG    | httpcore._trace:atrace:87 - send_request_body.started request=<Request [b'GET']>
2026-05-30 12:46:46.536 | DEBUG    | httpcore._trace:atrace:87 - send_request_body.complete
2026-05-30 12:46:46.537 | DEBUG    | httpcore._trace:atrace:87 - receive_response_headers.started request=<Request [b'GET']>
2026-05-30 12:46:46.538 | INFO     | uvicorn.protocols.http.httptools_impl:send:484 - 172.19.0.1:58948 - "GET /api/v1/teams/flags/flags-sq-2/ECU HTTP/1.1" 200
2026-05-30 12:46:46.553 | INFO     | app.api.v1.endpoints.teams:get_flag_proxy:77 - Flag not cached. Proxying from FIFA: https://api.fifa.com/api/v3/picture/flags-sq-2/HAI
2026-05-30 12:46:46.582 | DEBUG    | httpcore._trace:atrace:87 - connect_tcp.started host='api.fifa.com' port=443 local_address=None timeout=10.0 socket_options=None
2026-05-30 12:46:46.595 | INFO     | app.api.v1.endpoints.teams:get_flag_proxy:77 - Flag not cached. Proxying from FIFA: https://api.fifa.com/api/v3/picture/flags-sq-2/IRN
2026-05-30 12:46:46.596 | DEBUG    | httpcore._trace:atrace:87 - connect_tcp.started host='api.fifa.com' port=443 local_address=None timeout=10.0 socket_options=None
2026-05-30 12:46:46.599 | DEBUG    | httpcore._trace:atrace:87 - receive_response_headers.complete return_value=(b'HTTP/1.1', 200, b'OK', [(b'Content-Length', b'4210'), (b'Content-Type', b'image/png'), (b'Access-Control-Expose-Headers', b'Request-Context'), (b'OutputCachingAttribute', b'1'), (b'x-mdp-rootactivityid', b'a8ee9ef59bfb4546bf5ebaea9457ed3e'), (b'X-AspNet-Version', b'4.0.30319'), (b'Request-Context', b'appId=cid-v1:d6e11e63-1bc8-4e56-a695-f7ad71758c42'), (b'Arr-Disable-Session-Affinity', b'true'), (b'Cache-Control', b'public, must-revalidate, max-age=3600, s-maxage=2592000'), (b'Date', b'Sat, 30 May 2026 12:46:46 GMT'), (b'Connection', b'keep-alive'), (b'Access-Control-Allow-Origin', b'*'), (b'X-Frame-Options', b'sameorigin'), (b'Referrer-Policy', b'same-origin'), (b'X-Content-Type-Options', b'nosniff'), (b'X-XSS-Protection', b'1; mode=block'), (b'Strict-Transport-Security', b'max-age=15768000 ; includeSubDomains'), (b'Akamai-GRN', b'0.dec41302.1780145206.425b94'), (b'Set-Cookie', b'_abck=C9FA27BB58F6F9A4771BA560D57DBC15~-1~YAAQ3sQTAmnhc3eeAQAApzTseA8LGGPqQpodubQUhCk6d5LXqWfbiJJqZUxXneSrfy/NkTnJ6MZxO7UiFEubmbGQao7eBOy14LILpTjhusbBPZPe2jghdQzaazGuYJnW3NcdN6sueDHPYVBX4UVJQZyvY/fRsdTFn5nCBA3pDiKJvOhCz0KVuyHbc4NGr8jS6XYia5HMEVoB7Ivgl5ZahGLuN/qB1QYy0RAOL/aPqcdnE9Dw8PdcSchhrPlFB2FhoTvUdki0SIBFkKSSN2vzLFR9PBCPEC6Pvp5pel0k2BpqCeyiQrF6ulX1oPhWcU4G6RiP62bFyFDtO6C/yUdrLeEvO3qEiKjyqBkI6/dVQFeabrHBT8wZnHMk+D3YsH2Kr8U+lphaSDM0oa0L1aes30mtmqm5oSbhuYF11yz2zx4+b7vLQDBDSV5pzvssBdDALshrLLdn~-1~-1~-1~-1~-1; Domain=.fifa.com; Path=/; Expires=Sun, 30 May 2027 12:46:46 GMT; Max-Age=31536000; Secure'), (b'Set-Cookie', b'bm_sz=BC28AE97A8E35C5690F59BDFF58BD2A4~YAAQ3sQTAmrhc3eeAQAApzTseB9fjQZiVDnNa/56iRqsXgSf9CpzObtHNRRxdP1zfkqojLJCV+KZWQ8S5JP+eMiMmcSGQYCu9oeO9cmwo+qTFcoW0vT+2pmFWH/4aqzyls9Jd6jseqBBtOBikLISF3lMnSlehumPW122uADrbtxWwmA24fqEeEi+5wGkM3PeSp950AYBFzmyaZI6wYcGYI1X/WhmyOIXOfjjYWqA3KhXeCynWNVsN3XHHFfskGSPBTHRBVTUGFZYgH1pP3dUMmtJqDohMmQ2x3g2A/adNxj86+X/cOLb52ZIQ72vxxMO2n08RcxlIF2BcaRg79CWU6gusu6E89tY5DzjvXU=~4276787~4277301; Domain=.fifa.com; Path=/; Expires=Sat, 30 May 2026 16:46:46 GMT; Max-Age=14400')])
2026-05-30 12:46:46.608 | INFO     | httpx._client:_send_single_request:1740 - HTTP Request: GET https://api.fifa.com/api/v3/picture/flags-sq-2/FRA "HTTP/1.1 200 OK"
2026-05-30 12:46:46.609 | DEBUG    | httpcore._trace:atrace:87 - receive_response_body.started request=<Request [b'GET']>
2026-05-30 12:46:46.611 | DEBUG    | httpcore._trace:atrace:87 - receive_response_body.complete
2026-05-30 12:46:46.612 | DEBUG    | httpcore._trace:atrace:87 - response_closed.started
2026-05-30 12:46:46.613 | DEBUG    | httpcore._trace:atrace:87 - response_closed.complete
2026-05-30 12:46:46.614 | DEBUG    | httpcore._trace:atrace:87 - close.started
2026-05-30 12:46:46.615 | DEBUG    | httpcore._trace:atrace:87 - close.complete
2026-05-30 12:46:46.618 | DEBUG    | httpcore._trace:atrace:87 - connect_tcp.started host='api.fifa.com' port=443 local_address=None timeout=10.0 socket_options=None
2026-05-30 12:46:46.618 | DEBUG    | httpcore._trace:atrace:87 - connect_tcp.complete return_value=<httpcore._backends.anyio.AnyIOStream object at 0x75d3461818b0>
2026-05-30 12:46:46.619 | DEBUG    | httpcore._trace:atrace:87 - start_tls.started ssl_context=<ssl.SSLContext object at 0x75d34617edd0> server_hostname='api.fifa.com' timeout=10.0
2026-05-30 12:46:46.623 | INFO     | uvicorn.protocols.http.httptools_impl:send:484 - 172.19.0.1:58968 - "GET /api/v1/teams/flags/flags-sq-2/FRA HTTP/1.1" 200
2026-05-30 12:46:46.630 | INFO     | app.api.v1.endpoints.teams:get_flag_proxy:77 - Flag not cached. Proxying from FIFA: https://api.fifa.com/api/v3/picture/flags-sq-2/IRQ
2026-05-30 12:46:46.650 | DEBUG    | httpcore._trace:atrace:87 - connect_tcp.complete return_value=<httpcore._backends.anyio.AnyIOStream object at 0x7fd99433f290>
2026-05-30 12:46:46.651 | DEBUG    | httpcore._trace:atrace:87 - connect_tcp.started host='api.fifa.com' port=443 local_address=None timeout=10.0 socket_options=None
2026-05-30 12:46:46.652 | DEBUG    | httpcore._trace:atrace:87 - connect_tcp.complete return_value=<httpcore._backends.anyio.AnyIOStream object at 0x75d3461c3620>
2026-05-30 12:46:46.653 | DEBUG    | httpcore._trace:atrace:87 - start_tls.started ssl_context=<ssl.SSLContext object at 0x75d34617cad0> server_hostname='api.fifa.com' timeout=10.0
2026-05-30 12:46:46.652 | DEBUG    | httpcore._trace:atrace:87 - start_tls.started ssl_context=<ssl.SSLContext object at 0x7fd9942c3050> server_hostname='api.fifa.com' timeout=10.0
2026-05-30 12:46:46.663 | DEBUG    | httpcore._trace:atrace:87 - start_tls.complete return_value=<httpcore._backends.anyio.AnyIOStream object at 0x75d3499bd7f0>
2026-05-30 12:46:46.665 | DEBUG    | httpcore._trace:atrace:87 - send_request_headers.started request=<Request [b'GET']>
2026-05-30 12:46:46.666 | DEBUG    | httpcore._trace:atrace:87 - send_request_headers.complete
2026-05-30 12:46:46.667 | DEBUG    | httpcore._trace:atrace:87 - send_request_body.started request=<Request [b'GET']>
2026-05-30 12:46:46.667 | DEBUG    | httpcore._trace:atrace:87 - connect_tcp.complete return_value=<httpcore._backends.anyio.AnyIOStream object at 0x7fd99433e210>
2026-05-30 12:46:46.667 | DEBUG    | httpcore._trace:atrace:87 - start_tls.started ssl_context=<ssl.SSLContext object at 0x7fd9942c1050> server_hostname='api.fifa.com' timeout=10.0
2026-05-30 12:46:46.667 | DEBUG    | httpcore._trace:atrace:87 - send_request_body.complete
2026-05-30 12:46:46.667 | DEBUG    | httpcore._trace:atrace:87 - receive_response_headers.started request=<Request [b'GET']>
2026-05-30 12:46:46.698 | DEBUG    | httpcore._trace:atrace:87 - start_tls.complete return_value=<httpcore._backends.anyio.AnyIOStream object at 0x75d3461c3290>
2026-05-30 12:46:46.699 | DEBUG    | httpcore._trace:atrace:87 - send_request_headers.started request=<Request [b'GET']>
2026-05-30 12:46:46.700 | DEBUG    | httpcore._trace:atrace:87 - send_request_headers.complete
2026-05-30 12:46:46.701 | DEBUG    | httpcore._trace:atrace:87 - start_tls.complete return_value=<httpcore._backends.anyio.AnyIOStream object at 0x7fd994eec920>
2026-05-30 12:46:46.702 | DEBUG    | httpcore._trace:atrace:87 - send_request_headers.started request=<Request [b'GET']>
2026-05-30 12:46:46.703 | DEBUG    | httpcore._trace:atrace:87 - send_request_headers.complete
2026-05-30 12:46:46.702 | DEBUG    | httpcore._trace:atrace:87 - send_request_body.started request=<Request [b'GET']>
2026-05-30 12:46:46.705 | DEBUG    | httpcore._trace:atrace:87 - send_request_body.started request=<Request [b'GET']>
2026-05-30 12:46:46.706 | DEBUG    | httpcore._trace:atrace:87 - send_request_body.complete
2026-05-30 12:46:46.702 | DEBUG    | httpcore._trace:atrace:87 - send_request_body.complete
2026-05-30 12:46:46.703 | DEBUG    | httpcore._trace:atrace:87 - receive_response_headers.started request=<Request [b'GET']>
2026-05-30 12:46:46.707 | DEBUG    | httpcore._trace:atrace:87 - receive_response_headers.started request=<Request [b'GET']>
2026-05-30 12:46:46.708 | DEBUG    | httpcore._trace:atrace:87 - receive_response_headers.complete return_value=(b'HTTP/1.1', 200, b'OK', [(b'Content-Length', b'4328'), (b'Content-Type', b'image/png'), (b'Access-Control-Expose-Headers', b'Request-Context'), (b'OutputCachingAttribute', b'1'), (b'x-mdp-rootactivityid', b'399421f6fb5e45adacdb14d718f1d5f7'), (b'X-AspNet-Version', b'4.0.30319'), (b'Request-Context', b'appId=cid-v1:d6e11e63-1bc8-4e56-a695-f7ad71758c42'), (b'Arr-Disable-Session-Affinity', b'true'), (b'Cache-Control', b'public, must-revalidate, max-age=3600, s-maxage=2592000'), (b'Date', b'Sat, 30 May 2026 12:46:46 GMT'), (b'Connection', b'keep-alive'), (b'Access-Control-Allow-Origin', b'*'), (b'X-Frame-Options', b'sameorigin'), (b'Referrer-Policy', b'same-origin'), (b'X-Content-Type-Options', b'nosniff'), (b'X-XSS-Protection', b'1; mode=block'), (b'Strict-Transport-Security', b'max-age=15768000 ; includeSubDomains'), (b'Akamai-GRN', b'0.dec41302.1780145206.425bb4'), (b'Set-Cookie', b'_abck=2513224A7405D1F8FF4928116605829D~-1~YAAQ3sQTAmzhc3eeAQAAIjXseA/BnTfwT3slbsiKZUoSDoAmD6qSHfCp7MuWccJ0YTnkf7cUGS13/W0QoKX8j56ElDToqjQQc3nlQo87G5Fw86GVogZA2X6xLeO0WL4zDO7aeRYrfOi2eY+1dUA6DF/9VAFb38v8FAhEw/EFBg95LAljXNWMevcZbqm8VHGFOTNhc12bAU0R6/U9yKITywvJux89EyWa26gfUitctwGaSGeAHM/69KQTk6aEK9nLSKuurI76E5iCJjAYz9T4JPsK/tQbLMnZ4s05DLQGDmaN3+gzgaxmRA8mliKskxA3iuvh5T8EFO37skX5ML8dAamZH9xBJ3zfzgUsEzeFrsOCSmGV+8yFfNJNpusHokSiA6532WVLhXgGcSW6tUYUuJw722xr6H2nTUAjRtWffv1HEEM2VBns6M1PufcyC0V+mmjTojgB~-1~-1~-1~-1~-1; Domain=.fifa.com; Path=/; Expires=Sun, 30 May 2027 12:46:46 GMT; Max-Age=31536000; Secure'), (b'Set-Cookie', b'bm_sz=3D9C46CBDFA2B3B3750104E613D80D0D~YAAQ3sQTAm3hc3eeAQAAIjXseB/lN0TO6AambMAOlp7gtO4Nt/O1g1KD5Xha7yr2v3PhnAMzg1hW/U46RzcLmvofcbxo8mFwUAUpWjIL+jzhmxR3hZOHReOLcKv1CUPWSXTvU8Basibs/D+G0X2ahGmeRaht65ZujIyUy/wpvmttxBM4xCXxs1qNVp0v3wjaeJ7VFtIVM+M3P15u31HyjKEjUkul+EIWZ3ataovX6HH/EypayIs8ABWM4GmgfPFaH2YomM4AnllXvrdNQvS9hq8qF2YdgM6/lWplJ5rN09omy+VH5qSyIMiToWM+tq6eLiutkV7k4PuZ2JRcLiYyw8N6/rhHY239MGpEnA0=~4276787~4277301; Domain=.fifa.com; Path=/; Expires=Sat, 30 May 2026 16:46:46 GMT; Max-Age=14400')])
2026-05-30 12:46:46.710 | INFO     | httpx._client:_send_single_request:1740 - HTTP Request: GET https://api.fifa.com/api/v3/picture/flags-sq-2/GER "HTTP/1.1 200 OK"
2026-05-30 12:46:46.711 | DEBUG    | httpcore._trace:atrace:87 - receive_response_body.started request=<Request [b'GET']>
2026-05-30 12:46:46.712 | DEBUG    | httpcore._trace:atrace:87 - receive_response_body.complete
2026-05-30 12:46:46.714 | DEBUG    | httpcore._trace:atrace:87 - start_tls.complete return_value=<httpcore._backends.anyio.AnyIOStream object at 0x7fd99433da60>
2026-05-30 12:46:46.713 | DEBUG    | httpcore._trace:atrace:87 - response_closed.started
2026-05-30 12:46:46.714 | DEBUG    | httpcore._trace:atrace:87 - connect_tcp.complete return_value=<httpcore._backends.anyio.AnyIOStream object at 0x75d3461a5250>
2026-05-30 12:46:46.716 | DEBUG    | httpcore._trace:atrace:87 - send_request_headers.started request=<Request [b'GET']>
2026-05-30 12:46:46.716 | DEBUG    | httpcore._trace:atrace:87 - start_tls.started ssl_context=<ssl.SSLContext object at 0x75d346aaa150> server_hostname='api.fifa.com' timeout=10.0
2026-05-30 12:46:46.717 | DEBUG    | httpcore._trace:atrace:87 - send_request_headers.complete
2026-05-30 12:46:46.718 | DEBUG    | httpcore._trace:atrace:87 - send_request_body.started request=<Request [b'GET']>
2026-05-30 12:46:46.719 | DEBUG    | httpcore._trace:atrace:87 - send_request_body.complete
2026-05-30 12:46:46.720 | DEBUG    | httpcore._trace:atrace:87 - response_closed.complete
2026-05-30 12:46:46.720 | DEBUG    | httpcore._trace:atrace:87 - receive_response_headers.started request=<Request [b'GET']>
2026-05-30 12:46:46.722 | DEBUG    | httpcore._trace:atrace:87 - close.started
2026-05-30 12:46:46.725 | DEBUG    | httpcore._trace:atrace:87 - close.complete
2026-05-30 12:46:46.728 | INFO     | uvicorn.protocols.http.httptools_impl:send:484 - 172.19.0.1:58938 - "GET /api/v1/teams/flags/flags-sq-2/GER HTTP/1.1" 200
2026-05-30 12:46:46.734 | INFO     | app.api.v1.endpoints.teams:get_flag_proxy:77 - Flag not cached. Proxying from FIFA: https://api.fifa.com/api/v3/picture/flags-sq-2/JPN
2026-05-30 12:46:46.745 | DEBUG    | httpcore._trace:atrace:87 - receive_response_headers.complete return_value=(b'HTTP/1.1', 200, b'OK', [(b'Content-Length', b'2680'), (b'Content-Type', b'image/png'), (b'Access-Control-Expose-Headers', b'Request-Context'), (b'x-mdp-ck', b'**P**'), (b'x-mdp-rootactivityid', b'161473f03efc42d79a66bb2d2e0a8de6'), (b'X-AspNet-Version', b'4.0.30319'), (b'Request-Context', b'appId=cid-v1:d6e11e63-1bc8-4e56-a695-f7ad71758c42'), (b'Arr-Disable-Session-Affinity', b'true'), (b'Cache-Control', b'public, must-revalidate, max-age=3600, s-maxage=2592000'), (b'Date', b'Sat, 30 May 2026 12:46:46 GMT'), (b'Connection', b'keep-alive'), (b'Access-Control-Allow-Origin', b'*'), (b'X-Frame-Options', b'sameorigin'), (b'Referrer-Policy', b'same-origin'), (b'X-Content-Type-Options', b'nosniff'), (b'X-XSS-Protection', b'1; mode=block'), (b'Strict-Transport-Security', b'max-age=15768000 ; includeSubDomains'), (b'Akamai-GRN', b'0.d5c41302.1780145206.184064dd'), (b'Set-Cookie', b'_abck=05F8B9C62E9B4CAECC73CEA563357F3B~-1~YAAQ1cQTAhfpKECeAQAARzXseA+I2rZxzFaDCB6BiS5/h3uBm9jDnUJUfFR74VGScN41ROCsR+N2kjhAPB6CiTsDnFrpIxp51OtrsPZJ3A4lL/Mb9+3zLVH3Tco/3ajvyoOp/IiASqFE1fYQdArVQ2O+gXONn58/9oo/uTdQR/AO25rhOJKpBwQyeMnz+nWiDu0cRvBxWeHBjMlQKXe908332nVFX1eulW2Vc/NqrRC8M2McQWUPFY16b8kQDoFlmDwTntcQj0L4XUl6bgixdIkc+OJ8XXHAVVsy2mIp2WFiLOR623DqrZofqT4UvQxyarTpXootxUKbkxfTDb+93I2j3RqCK1KK29zdaUntElyYHBkoACJNbgWtUYsIwvfkZQpM0xBT5FfaPmke9RnYzFVeUxI1/xGZIwbu5lfpT064J8q0pbL45/JO1vC55UezcA1R98er~-1~-1~-1~-1~-1; Domain=.fifa.com; Path=/; Expires=Sun, 30 May 2027 12:46:46 GMT; Max-Age=31536000; Secure'), (b'Set-Cookie', b'bm_sz=FA6CCEDD4B5B1203A42DF28A923F1877~YAAQ1cQTAhjpKECeAQAARzXseB8+toZxNlIxDty+PH0uzM776eI0fvyuACDrAa62zVmOWUy7y4uuiOSN4rTVETlF5ij/au7I4Tv8VBX6NVS1ccUlrcPN/7cANne4KFphVYdUlp5oGcPJ9dfDk1DVRPhMKfGO8IEB1l6RLop/CFn37QQP1QcsQRqIlKnem9LyBKFru+0ApPz8zBjTFoApD7mwIC7CpDlbxMy32braYfwK8sTQdDSqZodLuP1OuzycLG0YrLhY9PXCX01DKBHqts7dSa/LXdMoYY8SaUqQJwqmSaMgsy/2m95lZUjY/M73ICgyfd59MA1Jj783wxBIeSGZidXl1bbat78lE/U=~4276787~4277301; Domain=.fifa.com; Path=/; Expires=Sat, 30 May 2026 16:46:46 GMT; Max-Age=14400')])
2026-05-30 12:46:46.750 | INFO     | httpx._client:_send_single_request:1740 - HTTP Request: GET https://api.fifa.com/api/v3/picture/flags-sq-2/GHA "HTTP/1.1 200 OK"
2026-05-30 12:46:46.751 | DEBUG    | httpcore._trace:atrace:87 - receive_response_body.started request=<Request [b'GET']>
2026-05-30 12:46:46.756 | DEBUG    | httpcore._trace:atrace:87 - receive_response_body.complete
2026-05-30 12:46:46.762 | DEBUG    | httpcore._trace:atrace:87 - response_closed.started
2026-05-30 12:46:46.763 | DEBUG    | httpcore._trace:atrace:87 - response_closed.complete
2026-05-30 12:46:46.761 | DEBUG    | httpcore._trace:atrace:87 - connect_tcp.started host='api.fifa.com' port=443 local_address=None timeout=10.0 socket_options=None
2026-05-30 12:46:46.766 | DEBUG    | httpcore._trace:atrace:87 - receive_response_headers.complete return_value=(b'HTTP/1.1', 200, b'OK', [(b'Content-Length', b'2181'), (b'Content-Type', b'image/png'), (b'Access-Control-Expose-Headers', b'Request-Context'), (b'x-mdp-ck', b'**P**'), (b'x-mdp-rootactivityid', b'2f0a7b46247549a2980fc1539520cfb8'), (b'X-AspNet-Version', b'4.0.30319'), (b'Request-Context', b'appId=cid-v1:d6e11e63-1bc8-4e56-a695-f7ad71758c42'), (b'Arr-Disable-Session-Affinity', b'true'), (b'Cache-Control', b'public, must-revalidate, max-age=3600, s-maxage=2592000'), (b'Date', b'Sat, 30 May 2026 12:46:46 GMT'), (b'Connection', b'keep-alive'), (b'Access-Control-Allow-Origin', b'*'), (b'X-Frame-Options', b'sameorigin'), (b'Referrer-Policy', b'same-origin'), (b'X-Content-Type-Options', b'nosniff'), (b'X-XSS-Protection', b'1; mode=block'), (b'Strict-Transport-Security', b'max-age=15768000 ; includeSubDomains'), (b'Akamai-GRN', b'0.dec41302.1780145206.425bbc'), (b'Set-Cookie', b'_abck=1AB9AF779AA0A032E02D771D952AED46~-1~YAAQ3sQTAm7hc3eeAQAASTXseA98Oi1i3oMARIwTomDLRb92DbNkpkVOTCdaFyMeICrCMv3RWLPpDwAI/vbJ0vZxW3tJMiL73zgOVAlrg+XuVbQ7Gm/ai3QsWjCc0QWdCZQClzjfKE8FzSXDOKPc57cxLjw+FKaHpvI/YeQhPVFa8ZRNlHvb35LgG+XWEfqRG+kNZ1v67omUgf3rWndBlj6+W92WtYjhM5CmPaceycjXaan0r8Djdxlf/ZO00UM9fm5GwSnrHRCBFu7INu/MIEHh588PZ2XlXY90DUN0ME4MGtR7cDic7dlMOeq2uT+Qqp4V3fgqRJjS6oW2qp8TLNqJzMjfVJDyaTkkT2dXqWZKYyCx8YTgNTOW0utIBUpLRM8WdafxqeQrRjBH1t8NyUOP3cRUCMg80OYlkIjssVoQ0+c+Sff3ZRz4MnFISqa+CnK4gIOo~-1~-1~-1~-1~-1; Domain=.fifa.com; Path=/; Expires=Sun, 30 May 2027 12:46:46 GMT; Max-Age=31536000; Secure'), (b'Set-Cookie', b'bm_sz=DCBE33671C92AE3D67E2D13A0BD9DE4D~YAAQ3sQTAm/hc3eeAQAASTXseB846fHERTsW2qJACrqqe4oUFYfWbjQtx+69Bfe3vj1ml7/aEHCNaTERt41w3cMBu3gzeDcJNHgNTu8ok4Q3CrzfZDUUTUxbf7htp3pqlbkJMgf0mc6T9n40OjXZlyLjMixfQCETzLGhDrcBp8gkBW6cT+BeQvTakPCh/xweLA5RBW6dY2w5S0ruxLTIR5rBLWMiwR/W0sOCTIBlDsN29Zh/Lje2mgmGBATD7C4IS31IZw6N52fWMi2skU90T9Ok929VxDkhdke8y/Jegl7MPUC2GWZwTo0TyrgQhar01gTvsX06rdr6D+yzzZaPeiK8eOEe7OO5cqb3qP0=~4276787~4277301; Domain=.fifa.com; Path=/; Expires=Sat, 30 May 2026 16:46:46 GMT; Max-Age=14400')])
2026-05-30 12:46:46.769 | INFO     | httpx._client:_send_single_request:1740 - HTTP Request: GET https://api.fifa.com/api/v3/picture/flags-sq-2/HAI "HTTP/1.1 200 OK"
2026-05-30 12:46:46.768 | DEBUG    | httpcore._trace:atrace:87 - close.started
2026-05-30 12:46:46.771 | DEBUG    | httpcore._trace:atrace:87 - receive_response_headers.complete return_value=(b'HTTP/1.1', 200, b'OK', [(b'Content-Length', b'3213'), (b'Content-Type', b'image/png'), (b'Access-Control-Expose-Headers', b'Request-Context'), (b'x-mdp-ck', b'**P**'), (b'x-mdp-rootactivityid', b'faa26af457c24935a0097912c3ff5f75'), (b'X-AspNet-Version', b'4.0.30319'), (b'Request-Context', b'appId=cid-v1:d6e11e63-1bc8-4e56-a695-f7ad71758c42'), (b'Arr-Disable-Session-Affinity', b'true'), (b'Cache-Control', b'public, must-revalidate, max-age=3600, s-maxage=2592000'), (b'Date', b'Sat, 30 May 2026 12:46:46 GMT'), (b'Connection', b'keep-alive'), (b'Access-Control-Allow-Origin', b'*'), (b'X-Frame-Options', b'sameorigin'), (b'Referrer-Policy', b'same-origin'), (b'X-Content-Type-Options', b'nosniff'), (b'X-XSS-Protection', b'1; mode=block'), (b'Strict-Transport-Security', b'max-age=15768000 ; includeSubDomains'), (b'Akamai-GRN', b'0.dec41302.1780145206.425b67'), (b'Set-Cookie', b'_abck=6D9EA0C39F43C067B8AB0F5E78873272~-1~YAAQ3sQTAnDhc3eeAQAASzXseA9jhVho7vgQ7QkqSD4ieTf8ANrHKcippMdEdG6bTBeieuLB4B9iKMcmWj7b6yAGh8q7V7YQbmylLeBAYQ939jaZDZHroNyFKvpj/DpuEYsUSk4WUL3ERSpnaW4sv0Ea4hwvVNpJx7KHi0ih8/06jTBmtFdPF4sKEpKHTJLw987yxT74h8Q9krCjwYZT9Q2UYK9txHi50y+aDwU5SxpC5qHXa+sE1GBS3c45ywofLgr5FAPiTPhu5xUM+L42GWRG9kTFPZihMSWq4NzBXqd4Xcq2bseq9XlGp371X5bqenpekt62sVm9CMWPeTatRnMq2dAF6upchVC+Sb6RVqwshFNkiPG25LlAkLS6/0DSyot/KXChq6MBExS7fIfs47t4T85oRZifmfGrT1iG9vXGneBcZZrM1DZaHcgBEDAB/K/V4upq~-1~-1~-1~-1~-1; Domain=.fifa.com; Path=/; Expires=Sun, 30 May 2027 12:46:46 GMT; Max-Age=31536000; Secure'), (b'Set-Cookie', b'bm_sz=0909A83F447C54B8BF62329599355889~YAAQ3sQTAnHhc3eeAQAASzXseB9SghvpYErvjZ+QRQdIk8U8FMOkTPU+BhwIsFmKkGQGzA3f9pytQXOrRNm5VV6vTOc30q3KhPFyZWR+9uFRam1mty/PsMu+QQoyfnWCMFhYkqsrEGnjIuF4gxNCO+t5+rwyCXb7KUKxEXneMW5jIWVm5Q4XQFUErGDcQFXqFiS+AD9a+1TnTh1HDv4hmFMKBo6eRunVFr7CMS5xU2VJP7lo1V4XBYxFeQf92Gm4jWUjpdSAQoDO5ECkFpXRZcj/61Ue7UxceYfoLhwN42wx3Mh5MZ5ErvVc3d2Gf9yO67ft56fV2CANBSCV+kRCXGM/+24IvJFCCOAGfQs=~4276787~4277301; Domain=.fifa.com; Path=/; Expires=Sat, 30 May 2026 16:46:46 GMT; Max-Age=14400')])
2026-05-30 12:46:46.773 | INFO     | httpx._client:_send_single_request:1740 - HTTP Request: GET https://api.fifa.com/api/v3/picture/flags-sq-2/CZE "HTTP/1.1 200 OK"
2026-05-30 12:46:46.770 | DEBUG    | httpcore._trace:atrace:87 - receive_response_body.started request=<Request [b'GET']>
2026-05-30 12:46:46.771 | DEBUG    | httpcore._trace:atrace:87 - receive_response_body.complete
2026-05-30 12:46:46.774 | DEBUG    | httpcore._trace:atrace:87 - response_closed.started
2026-05-30 12:46:46.773 | DEBUG    | httpcore._trace:atrace:87 - receive_response_body.started request=<Request [b'GET']>
2026-05-30 12:46:46.781 | DEBUG    | httpcore._trace:atrace:87 - receive_response_body.complete
2026-05-30 12:46:46.783 | DEBUG    | httpcore._trace:atrace:87 - response_closed.complete
2026-05-30 12:46:46.781 | DEBUG    | httpcore._trace:atrace:87 - response_closed.started
2026-05-30 12:46:46.785 | DEBUG    | httpcore._trace:atrace:87 - close.started
2026-05-30 12:46:46.782 | DEBUG    | httpcore._trace:atrace:87 - close.complete
2026-05-30 12:46:46.782 | DEBUG    | httpcore._trace:atrace:87 - response_closed.complete
2026-05-30 12:46:46.784 | DEBUG    | httpcore._trace:atrace:87 - close.started
2026-05-30 12:46:46.787 | DEBUG    | httpcore._trace:atrace:87 - start_tls.complete return_value=<httpcore._backends.anyio.AnyIOStream object at 0x75d346dd5ee0>
2026-05-30 12:46:46.786 | DEBUG    | httpcore._trace:atrace:87 - receive_response_headers.complete return_value=(b'HTTP/1.1', 200, b'OK', [(b'Content-Length', b'5062'), (b'Content-Type', b'image/png'), (b'Access-Control-Expose-Headers', b'Request-Context'), (b'x-mdp-ck', b'**P**'), (b'x-mdp-rootactivityid', b'9a3b78a01956476baed5d3de3403ae7b'), (b'X-AspNet-Version', b'4.0.30319'), (b'Request-Context', b'appId=cid-v1:d6e11e63-1bc8-4e56-a695-f7ad71758c42'), (b'Arr-Disable-Session-Affinity', b'true'), (b'Cache-Control', b'public, must-revalidate, max-age=3600, s-maxage=2592000'), (b'Date', b'Sat, 30 May 2026 12:46:46 GMT'), (b'Connection', b'keep-alive'), (b'Access-Control-Allow-Origin', b'*'), (b'X-Frame-Options', b'sameorigin'), (b'Referrer-Policy', b'same-origin'), (b'X-Content-Type-Options', b'nosniff'), (b'X-XSS-Protection', b'1; mode=block'), (b'Strict-Transport-Security', b'max-age=15768000 ; includeSubDomains'), (b'Akamai-GRN', b'0.d5c41302.1780145206.184064e9'), (b'Set-Cookie', b'_abck=7D05C2EE00F7DF984C8BE520E35B87E3~-1~YAAQ1cQTAhnpKECeAQAAYDXseA+jRd0tYE0BJHOtpAOREd5fHhlsEgi3QhKpZc20vhK8Wm2XaUBx1iRIDKZZQ3tCW84rmF10Dq7luxwNs/4M1DfpF6pItZeZCkOCikV2Z0mqHhMGvmdgJrDo5wSnxmWMGx0a44MpwCP4Dow/5hMdZ+KTE+DS8eCD9Se04TZSmBkmGlQ1rIS0TV3cqx1GFJss7ZuS2+VHMpegxHs/KtVj0Jcko0YEmGH/D81ZqCbJcgL8onsRALIP5LXlqiJt46/VstkDatEDxwPDWEhMCT0oY90IaaDXCxSO65zhrk9HeMEdWJA6j8nT4NtcpP/8eZHw4Y+JxMW5j26YETGP/CmokIlGSMKx1OsIPiBWTr+g0RdbnDgexPi8lUOedBT+JwDVGUzsQL6c9J/+VSIKhPfXxvrmadqrPbCnDtvXLyJ2dR44ZdnR~-1~-1~-1~-1~-1; Domain=.fifa.com; Path=/; Expires=Sun, 30 May 2027 12:46:46 GMT; Max-Age=31536000; Secure'), (b'Set-Cookie', b'bm_sz=296FDA791764830F9FDC3908B8EAFDB2~YAAQ1cQTAhrpKECeAQAAYDXseB9QeJMBiX+DcmsGZf7l3RLZGVQzmeqbo/o46hKk3WbwJ2Z1uBbp7cyK9pJTuvyRDWK/RVJHNmKz9KDVDsEm8TI9EyG1m+8UtbmVoiU5n+Kxll3nDM4OwxyNwQySJatIxE7+1VuehYpk1FD+M96gAtaKlqnI+/xjTD6OOg6V/tMLproKlWevT/JNvHja66Pp1GL3Q1BBrbhqQHdMvVy/dyEDjq2ZsTXWja9V1TuFznHkVTlZNYe+b5zgecr2FezptOXCv1wKWH17lonsR1+xENJjwIienh0kQNPXXM/lz+MwLjhFH0+8FWc/SmEvpHPYb4LCg8DeZ3+DqZw=~4276787~4277301; Domain=.fifa.com; Path=/; Expires=Sat, 30 May 2026 16:46:46 GMT; Max-Age=14400')])
2026-05-30 12:46:46.789 | DEBUG    | httpcore._trace:atrace:87 - close.complete
2026-05-30 12:46:46.791 | DEBUG    | httpcore._trace:atrace:87 - send_request_headers.started request=<Request [b'GET']>
2026-05-30 12:46:46.788 | INFO     | httpx._client:_send_single_request:1740 - HTTP Request: GET https://api.fifa.com/api/v3/picture/flags-sq-2/IRN "HTTP/1.1 200 OK"
2026-05-30 12:46:46.789 | DEBUG    | httpcore._trace:atrace:87 - receive_response_body.started request=<Request [b'GET']>
2026-05-30 12:46:46.790 | DEBUG    | httpcore._trace:atrace:87 - receive_response_body.complete
2026-05-30 12:46:46.793 | DEBUG    | httpcore._trace:atrace:87 - response_closed.started
2026-05-30 12:46:46.797 | DEBUG    | httpcore._trace:atrace:87 - close.complete
2026-05-30 12:46:46.793 | DEBUG    | httpcore._trace:atrace:87 - send_request_headers.complete
2026-05-30 12:46:46.797 | DEBUG    | httpcore._trace:atrace:87 - response_closed.complete
2026-05-30 12:46:46.795 | DEBUG    | httpcore._trace:atrace:87 - send_request_body.started request=<Request [b'GET']>
2026-05-30 12:46:46.795 | DEBUG    | httpcore._trace:atrace:87 - send_request_body.complete
2026-05-30 12:46:46.800 | DEBUG    | httpcore._trace:atrace:87 - receive_response_headers.started request=<Request [b'GET']>
2026-05-30 12:46:46.803 | DEBUG    | httpcore._trace:atrace:87 - close.started
2026-05-30 12:46:46.802 | INFO     | uvicorn.protocols.http.httptools_impl:send:484 - 172.19.0.1:58948 - "GET /api/v1/teams/flags/flags-sq-2/HAI HTTP/1.1" 200
2026-05-30 12:46:46.805 | DEBUG    | httpcore._trace:atrace:87 - close.complete
2026-05-30 12:46:46.807 | INFO     | uvicorn.protocols.http.httptools_impl:send:484 - 172.19.0.1:58958 - "GET /api/v1/teams/flags/flags-sq-2/GHA HTTP/1.1" 200
2026-05-30 12:46:46.810 | INFO     | uvicorn.protocols.http.httptools_impl:send:484 - 172.19.0.1:58910 - "GET /api/v1/teams/flags/flags-sq-2/CZE HTTP/1.1" 200
2026-05-30 12:46:46.813 | INFO     | app.api.v1.endpoints.teams:get_flag_proxy:77 - Flag not cached. Proxying from FIFA: https://api.fifa.com/api/v3/picture/flags-sq-2/JOR
2026-05-30 12:46:46.811 | INFO     | uvicorn.protocols.http.httptools_impl:send:484 - 172.19.0.1:58962 - "GET /api/v1/teams/flags/flags-sq-2/IRN HTTP/1.1" 200
2026-05-30 12:46:46.825 | INFO     | app.api.v1.endpoints.teams:get_flag_proxy:77 - Flag not cached. Proxying from FIFA: https://api.fifa.com/api/v3/picture/flags-sq-2/KOR
2026-05-30 12:46:46.850 | DEBUG    | httpcore._trace:atrace:87 - connect_tcp.started host='api.fifa.com' port=443 local_address=None timeout=10.0 socket_options=None
2026-05-30 12:46:46.852 | DEBUG    | httpcore._trace:atrace:87 - receive_response_headers.complete return_value=(b'HTTP/1.1', 200, b'OK', [(b'Content-Length', b'2460'), (b'Content-Type', b'image/png'), (b'Access-Control-Expose-Headers', b'Request-Context'), (b'x-mdp-ck', b'**P**'), (b'x-mdp-rootactivityid', b'8afb0d8614a445cd8c099d70e7cc15dd'), (b'X-AspNet-Version', b'4.0.30319'), (b'Request-Context', b'appId=cid-v1:d6e11e63-1bc8-4e56-a695-f7ad71758c42'), (b'Arr-Disable-Session-Affinity', b'true'), (b'Cache-Control', b'public, must-revalidate, max-age=3600, s-maxage=2592000'), (b'Date', b'Sat, 30 May 2026 12:46:46 GMT'), (b'Connection', b'keep-alive'), (b'Access-Control-Allow-Origin', b'*'), (b'X-Frame-Options', b'sameorigin'), (b'Referrer-Policy', b'same-origin'), (b'X-Content-Type-Options', b'nosniff'), (b'X-XSS-Protection', b'1; mode=block'), (b'Strict-Transport-Security', b'max-age=15768000 ; includeSubDomains'), (b'Akamai-GRN', b'0.d5c41302.1780145206.184064f9'), (b'Set-Cookie', b'_abck=38BB79C610BF33A9061890C94E004802~-1~YAAQ1cQTAhzpKECeAQAAoDXseA+ecyEQ/FBd7WWXZpNbjQgUve3OA6Oaay8Iyk3c/FIP9owIXOOJs9t0o1D855JtIP78FgBAfibXmaJ9PQN/3HO323WXJ67kff2pmI9cj1r+QN5YDt2LFTEjR6hy1sYmuNs20nALyN5Zlj8s9NZKQ1J1Hb8VxIm5n0ppZSUq8xRj6tp3bRpSnpBHVa37DoJ+5y7OP0hPw8X5ztDE1unvz3NhN0W0xN2UN+QOF9Xo3B5BsYhIAdgsVVP2aB2ZVlFi1xPOcWqBzme680OQceFMolX9ScF3Tie4Sa7w7atbFAwDtKUI5WLr1+vJPcvrttgI7twZYU763noT5sSBRH3aygaI+XApQqMlKvzd7wBGz7aLaWmJwR+gjG4giLU5e/Rjc2KA1pfi1F5Y8aLpBnD9istKx+Ilhhy/vjhxhkYjVUj6RYOF~-1~-1~-1~-1~-1; Domain=.fifa.com; Path=/; Expires=Sun, 30 May 2027 12:46:46 GMT; Max-Age=31536000; Secure'), (b'Set-Cookie', b'bm_sz=BF67AC1C1351E0E7FC3A8D7077886ACD~YAAQ1cQTAh3pKECeAQAAoDXseB/i3ack0cmRcvgfscfZPkg1AYsCb/vE1G0Sfa7kk0pPsnfcO8MeSf4GYGx2XlKkHx85O1+buiI8tkeE37cvYPA0SqENwABbERBM3GWJqcK4w35L2/YtSQvnInbNI9kIPiQhfQwPLwesz7PTZYwRk4y87EbGU5GaOz9uE/Igkp6BneaZNMM+NHRYA5mEOfnVRHUc8r64wl93e4VqxxkkXN6PpXUM8oPL1h1CwdiSuaDCi1HVALFuurvyhWMwj9jaJJIUV11Gn1XWk8oSqXdFV2qbomP5AWmU262uRtWSlwMDLvmYHyBFQhF1YrFkUvmMPeA2LZWcMxXWsok=~4276787~4277301; Domain=.fifa.com; Path=/; Expires=Sat, 30 May 2026 16:46:46 GMT; Max-Age=14400')])
2026-05-30 12:46:46.857 | INFO     | app.api.v1.endpoints.teams:get_flag_proxy:77 - Flag not cached. Proxying from FIFA: https://api.fifa.com/api/v3/picture/flags-sq-2/MAR
2026-05-30 12:46:46.855 | INFO     | httpx._client:_send_single_request:1740 - HTTP Request: GET https://api.fifa.com/api/v3/picture/flags-sq-2/IRQ "HTTP/1.1 200 OK"
2026-05-30 12:46:46.859 | DEBUG    | httpcore._trace:atrace:87 - receive_response_body.started request=<Request [b'GET']>
2026-05-30 12:46:46.860 | DEBUG    | httpcore._trace:atrace:87 - receive_response_body.complete
2026-05-30 12:46:46.861 | DEBUG    | httpcore._trace:atrace:87 - response_closed.started
2026-05-30 12:46:46.863 | DEBUG    | httpcore._trace:atrace:87 - response_closed.complete
2026-05-30 12:46:46.865 | DEBUG    | httpcore._trace:atrace:87 - close.started
2026-05-30 12:46:46.866 | DEBUG    | httpcore._trace:atrace:87 - close.complete
2026-05-30 12:46:46.867 | DEBUG    | httpcore._trace:atrace:87 - connect_tcp.complete return_value=<httpcore._backends.anyio.AnyIOStream object at 0x75d346c85c10>
2026-05-30 12:46:46.868 | DEBUG    | httpcore._trace:atrace:87 - start_tls.started ssl_context=<ssl.SSLContext object at 0x75d34617fe50> server_hostname='api.fifa.com' timeout=10.0
2026-05-30 12:46:46.873 | INFO     | uvicorn.protocols.http.httptools_impl:send:484 - 172.19.0.1:58968 - "GET /api/v1/teams/flags/flags-sq-2/IRQ HTTP/1.1" 200
2026-05-30 12:46:46.881 | INFO     | app.api.v1.endpoints.teams:get_flag_proxy:77 - Flag not cached. Proxying from FIFA: https://api.fifa.com/api/v3/picture/flags-sq-2/NZL
2026-05-30 12:46:46.884 | DEBUG    | httpcore._trace:atrace:87 - connect_tcp.started host='api.fifa.com' port=443 local_address=None timeout=10.0 socket_options=None
2026-05-30 12:46:46.885 | DEBUG    | httpcore._trace:atrace:87 - connect_tcp.started host='api.fifa.com' port=443 local_address=None timeout=10.0 socket_options=None
2026-05-30 12:46:46.890 | INFO     | app.api.v1.endpoints.teams:get_flag_proxy:77 - Flag not cached. Proxying from FIFA: https://api.fifa.com/api/v3/picture/flags-sq-2/NED
2026-05-30 12:46:46.909 | DEBUG    | httpcore._trace:atrace:87 - connect_tcp.started host='api.fifa.com' port=443 local_address=None timeout=10.0 socket_options=None
2026-05-30 12:46:46.922 | DEBUG    | httpcore._trace:atrace:87 - start_tls.complete return_value=<httpcore._backends.anyio.AnyIOStream object at 0x75d3461c0d10>
2026-05-30 12:46:46.926 | DEBUG    | httpcore._trace:atrace:87 - send_request_headers.started request=<Request [b'GET']>
2026-05-30 12:46:46.927 | DEBUG    | httpcore._trace:atrace:87 - connect_tcp.complete return_value=<httpcore._backends.anyio.AnyIOStream object at 0x75d3461f8dd0>
2026-05-30 12:46:46.925 | DEBUG    | httpcore._trace:atrace:87 - connect_tcp.started host='api.fifa.com' port=443 local_address=None timeout=10.0 socket_options=None
2026-05-30 12:46:46.929 | DEBUG    | httpcore._trace:atrace:87 - start_tls.started ssl_context=<ssl.SSLContext object at 0x75d34617c3d0> server_hostname='api.fifa.com' timeout=10.0
2026-05-30 12:46:46.933 | DEBUG    | httpcore._trace:atrace:87 - send_request_headers.complete
2026-05-30 12:46:46.934 | DEBUG    | httpcore._trace:atrace:87 - send_request_body.started request=<Request [b'GET']>
2026-05-30 12:46:46.935 | DEBUG    | httpcore._trace:atrace:87 - send_request_body.complete
2026-05-30 12:46:46.935 | DEBUG    | httpcore._trace:atrace:87 - receive_response_headers.started request=<Request [b'GET']>
2026-05-30 12:46:46.957 | DEBUG    | httpcore._trace:atrace:87 - connect_tcp.complete return_value=<httpcore._backends.anyio.AnyIOStream object at 0x75d3461fa240>
2026-05-30 12:46:46.957 | DEBUG    | httpcore._trace:atrace:87 - start_tls.started ssl_context=<ssl.SSLContext object at 0x75d3461d9050> server_hostname='api.fifa.com' timeout=10.0
2026-05-30 12:46:46.961 | DEBUG    | httpcore._trace:atrace:87 - connect_tcp.complete return_value=<httpcore._backends.anyio.AnyIOStream object at 0x7fd994ef6270>
2026-05-30 12:46:46.961 | DEBUG    | httpcore._trace:atrace:87 - start_tls.started ssl_context=<ssl.SSLContext object at 0x7fd9942c3550> server_hostname='api.fifa.com' timeout=10.0
2026-05-30 12:46:46.963 | DEBUG    | httpcore._trace:atrace:87 - connect_tcp.complete return_value=<httpcore._backends.anyio.AnyIOStream object at 0x7fd994d93770>
2026-05-30 12:46:46.964 | DEBUG    | httpcore._trace:atrace:87 - start_tls.started ssl_context=<ssl.SSLContext object at 0x7fd9942c0450> server_hostname='api.fifa.com' timeout=10.0
2026-05-30 12:46:46.969 | DEBUG    | httpcore._trace:atrace:87 - connect_tcp.complete return_value=<httpcore._backends.anyio.AnyIOStream object at 0x7fd99433c5c0>
2026-05-30 12:46:46.970 | DEBUG    | httpcore._trace:atrace:87 - start_tls.started ssl_context=<ssl.SSLContext object at 0x7fd9942c3850> server_hostname='api.fifa.com' timeout=10.0
2026-05-30 12:46:46.971 | DEBUG    | httpcore._trace:atrace:87 - start_tls.complete return_value=<httpcore._backends.anyio.AnyIOStream object at 0x75d3461c0fe0>
2026-05-30 12:46:46.972 | DEBUG    | httpcore._trace:atrace:87 - send_request_headers.started request=<Request [b'GET']>
2026-05-30 12:46:46.973 | DEBUG    | httpcore._trace:atrace:87 - receive_response_headers.complete return_value=(b'HTTP/1.1', 200, b'OK', [(b'Content-Length', b'3391'), (b'Content-Type', b'image/png'), (b'Access-Control-Expose-Headers', b'Request-Context'), (b'x-mdp-ck', b'**P**'), (b'x-mdp-rootactivityid', b'4ad012f03779423aaf76ed5344f9df57'), (b'X-AspNet-Version', b'4.0.30319'), (b'Request-Context', b'appId=cid-v1:d6e11e63-1bc8-4e56-a695-f7ad71758c42'), (b'Arr-Disable-Session-Affinity', b'true'), (b'Cache-Control', b'public, must-revalidate, max-age=3600, s-maxage=2592000'), (b'Date', b'Sat, 30 May 2026 12:46:46 GMT'), (b'Connection', b'keep-alive'), (b'Access-Control-Allow-Origin', b'*'), (b'X-Frame-Options', b'sameorigin'), (b'Referrer-Policy', b'same-origin'), (b'X-Content-Type-Options', b'nosniff'), (b'X-XSS-Protection', b'1; mode=block'), (b'Strict-Transport-Security', b'max-age=15768000 ; includeSubDomains'), (b'Akamai-GRN', b'0.d5c41302.1780145206.18406533'), (b'Set-Cookie', b'_abck=62B13808A2C5F402C298BB995752FACB~-1~YAAQ1cQTAiDpKECeAQAALDbseA9xowhuEUiaxwr+JqCAG2xtBJV5jBCHvlNFFI6hD5ZY3xgi7cI9IB0+bj7kK61lMoDlcHBY5ErNyV5JyiQ8qaqCH57FWB8vyhnZetcG0PUvNsFi8fICOl0Ya+gwZRKHmu8yVWdqUMkWu5zZSTxW68XXUMOtBC95Rbbztd2K53qmsFC3hbfp/Kl8fUOa3MmwXD2u1A2vVyOAvyHTxnIgLzZTEXSPYelacbliZtLznJahYMYjYLDVMhCR+wUBYEzAyw+JLNr7szZc7OFQigX2qosiQClvb6YESGbJnLPeUjTwvoaDPAd0D9YDoTRkf1CZKFxTWI2nzdd0X2U95jpxt5jaTeG9a6faDycw1EQtBGspuzO2jUl9u+fcXBvGr8sVcwxTpRD+3GwoFlH4gjnYtjrnymFmLP1OM1+uw/V4WaQzfaGg~-1~-1~-1~-1~-1; Domain=.fifa.com; Path=/; Expires=Sun, 30 May 2027 12:46:46 GMT; Max-Age=31536000; Secure'), (b'Set-Cookie', b'bm_sz=8ED18CE4715179E862BED86CD5D3E545~YAAQ1cQTAiHpKECeAQAALDbseB+z2Ikc1P+HEtx5J9SNWMSqEiU/P4uveM/kJV0ZTqfhrfFn8ePQOEpI9u6FhfGcJVYjtLtqjR3LXwWq5fjCOny0QKSeF0CXG2afUCnfrFumexKvxlatmdbLzkEgklZleu3GObvWIi+L32IJ7tfrLt96U5cYj4ogatMoOi+YdRxyT62nGQj44k57Zu1S38Wb9tmTKk48Qzg5MX5uGA3km1V/kWHwO3M2fKJuv9POMKmzQg9XOHcCyRk6aRr3141wH3GIrY4wwiuYWdaLYExBVAe3SPrJLhydfpv8xYMw0aItx5W5Mht3VZrL0p1rE/+ankD2yYnVZ9hcsTI=~4276787~4277301; Domain=.fifa.com; Path=/; Expires=Sat, 30 May 2026 16:46:46 GMT; Max-Age=14400')])
2026-05-30 12:46:46.974 | INFO     | httpx._client:_send_single_request:1740 - HTTP Request: GET https://api.fifa.com/api/v3/picture/flags-sq-2/JPN "HTTP/1.1 200 OK"
2026-05-30 12:46:46.975 | DEBUG    | httpcore._trace:atrace:87 - receive_response_body.started request=<Request [b'GET']>
2026-05-30 12:46:46.975 | DEBUG    | httpcore._trace:atrace:87 - receive_response_body.complete
2026-05-30 12:46:46.977 | DEBUG    | httpcore._trace:atrace:87 - response_closed.started
2026-05-30 12:46:46.978 | DEBUG    | httpcore._trace:atrace:87 - send_request_headers.complete
2026-05-30 12:46:46.978 | DEBUG    | httpcore._trace:atrace:87 - send_request_body.started request=<Request [b'GET']>
2026-05-30 12:46:46.979 | DEBUG    | httpcore._trace:atrace:87 - send_request_body.complete
2026-05-30 12:46:46.980 | DEBUG    | httpcore._trace:atrace:87 - receive_response_headers.started request=<Request [b'GET']>
2026-05-30 12:46:46.980 | DEBUG    | httpcore._trace:atrace:87 - response_closed.complete
2026-05-30 12:46:46.983 | DEBUG    | httpcore._trace:atrace:87 - close.started
2026-05-30 12:46:46.984 | DEBUG    | httpcore._trace:atrace:87 - close.complete
2026-05-30 12:46:46.986 | INFO     | uvicorn.protocols.http.httptools_impl:send:484 - 172.19.0.1:58938 - "GET /api/v1/teams/flags/flags-sq-2/JPN HTTP/1.1" 200
2026-05-30 12:46:46.996 | DEBUG    | httpcore._trace:atrace:87 - start_tls.complete return_value=<httpcore._backends.anyio.AnyIOStream object at 0x75d346dde5d0>
2026-05-30 12:46:46.999 | INFO     | app.api.v1.endpoints.teams:get_flag_proxy:77 - Flag not cached. Proxying from FIFA: https://api.fifa.com/api/v3/picture/flags-sq-2/NOR
2026-05-30 12:46:46.999 | DEBUG    | httpcore._trace:atrace:87 - start_tls.complete return_value=<httpcore._backends.anyio.AnyIOStream object at 0x7fd99528c5c0>
2026-05-30 12:46:47.003 | DEBUG    | httpcore._trace:atrace:87 - send_request_headers.started request=<Request [b'GET']>
2026-05-30 12:46:47.011 | DEBUG    | httpcore._trace:atrace:87 - send_request_headers.complete
2026-05-30 12:46:47.013 | DEBUG    | httpcore._trace:atrace:87 - send_request_body.started request=<Request [b'GET']>
2026-05-30 12:46:47.014 | DEBUG    | httpcore._trace:atrace:87 - send_request_body.complete
2026-05-30 12:46:47.015 | DEBUG    | httpcore._trace:atrace:87 - receive_response_headers.started request=<Request [b'GET']>
2026-05-30 12:46:47.017 | DEBUG    | httpcore._trace:atrace:87 - start_tls.complete return_value=<httpcore._backends.anyio.AnyIOStream object at 0x7fd99433d310>
2026-05-30 12:46:47.020 | DEBUG    | httpcore._trace:atrace:87 - start_tls.complete return_value=<httpcore._backends.anyio.AnyIOStream object at 0x7fd9942ef710>
2026-05-30 12:46:47.022 | DEBUG    | httpcore._trace:atrace:87 - send_request_headers.started request=<Request [b'GET']>
2026-05-30 12:46:47.023 | DEBUG    | httpcore._trace:atrace:87 - send_request_headers.started request=<Request [b'GET']>
2026-05-30 12:46:47.024 | DEBUG    | httpcore._trace:atrace:87 - send_request_headers.complete
2026-05-30 12:46:47.026 | DEBUG    | httpcore._trace:atrace:87 - send_request_body.started request=<Request [b'GET']>
2026-05-30 12:46:47.027 | DEBUG    | httpcore._trace:atrace:87 - send_request_body.complete
2026-05-30 12:46:47.028 | DEBUG    | httpcore._trace:atrace:87 - receive_response_headers.started request=<Request [b'GET']>
2026-05-30 12:46:47.029 | DEBUG    | httpcore._trace:atrace:87 - send_request_headers.complete
2026-05-30 12:46:47.031 | DEBUG    | httpcore._trace:atrace:87 - send_request_body.started request=<Request [b'GET']>
2026-05-30 12:46:47.032 | DEBUG    | httpcore._trace:atrace:87 - send_request_body.complete
2026-05-30 12:46:47.033 | DEBUG    | httpcore._trace:atrace:87 - receive_response_headers.started request=<Request [b'GET']>
2026-05-30 12:46:47.052 | DEBUG    | httpcore._trace:atrace:87 - receive_response_headers.complete return_value=(b'HTTP/1.1', 200, b'OK', [(b'Content-Length', b'5488'), (b'Content-Type', b'image/png'), (b'Access-Control-Expose-Headers', b'Request-Context'), (b'x-mdp-ck', b'**P**'), (b'x-mdp-rootactivityid', b'57a8c4ddfe4f4ab68b6be457eecb31c5'), (b'X-AspNet-Version', b'4.0.30319'), (b'Request-Context', b'appId=cid-v1:d6e11e63-1bc8-4e56-a695-f7ad71758c42'), (b'Arr-Disable-Session-Affinity', b'true'), (b'Cache-Control', b'public, must-revalidate, max-age=3600, s-maxage=2592000'), (b'Date', b'Sat, 30 May 2026 12:46:46 GMT'), (b'Connection', b'keep-alive'), (b'Access-Control-Allow-Origin', b'*'), (b'X-Frame-Options', b'sameorigin'), (b'Referrer-Policy', b'same-origin'), (b'X-Content-Type-Options', b'nosniff'), (b'X-XSS-Protection', b'1; mode=block'), (b'Strict-Transport-Security', b'max-age=15768000 ; includeSubDomains'), (b'Akamai-GRN', b'0.dec41302.1780145206.425c31'), (b'Set-Cookie', b'_abck=04C837071FB836EC55DEE128BCC8BCEA~-1~YAAQ3sQTAnXhc3eeAQAAeTbseA+2NPBZ+80Rv3+LAKka3mrbwI6wTaC7wUW5u6p9EQbRoj42NLTd3QA0N5uIGw8c3ZZu6RSi1c+BHNwhbZw6/ZTwIQubvkYuHCiJqxUb8Y4sqakK0/ZYQHd33ukbayXwqG5qSMVO6kleSStSvZHAyORX5ncGtddFatXgypy/MaKKc3SVWG7qlxgPGuheRODi4FSL/M8E6P11zu1mTVkkkayCw15r8GWmw1fDP1ZmYgFS9dve8Lg6jLazSprAeBaFASqvIBbSiFovS9KDZVi+H32XDiVRMeiYT8SwTbwLffBoIqTSS3RDjyZ3VNbJRsJmcm8W4ptDBHy05WD6lvO6DmvfGC8hjQK8iJlFMxO6/RCldELi1Sbx0Ttv+NNVIkoJg+8sTkIpsBFM/CJ+RJvw3dt9LC1TejQDHR99k0BByRPtXD11~-1~-1~-1~-1~-1; Domain=.fifa.com; Path=/; Expires=Sun, 30 May 2027 12:46:46 GMT; Max-Age=31536000; Secure'), (b'Set-Cookie', b'bm_sz=2E2F79837D8E010802F992DD11508513~YAAQ3sQTAnbhc3eeAQAAeTbseB90l8xjdVFsW6oOVnh4qUWTwa0u2Ukpk+BJyfph3tM5SMd0S+MXk1RTFIN40n4yua7cRpG3prfqmpgacjDGkeMHQGj93i7q3zVzbqVK/1QBt1iG9UdECffZE2pxEDm5NQtPOfOKTCHIirlihMmX2a75QRf1xAHxpxfCWCBqQlGtWDzO8+YZrIXNvecC/zKRevVNG7KBvyOuOKNisQ0wqPJBDRK4s+ODHJUJKrV0ULVhKe7hlkC9kRaOGGN1Sm+B+xsZdmQBy/D4OTpMKM76K5AjTNnu4Ac3sIh5BSbcdeOljtQ1j5XVq0bSrt1NZJWi2L4G1bkxURsmbEI=~4276787~4277301; Domain=.fifa.com; Path=/; Expires=Sat, 30 May 2026 16:46:46 GMT; Max-Age=14400')])
2026-05-30 12:46:47.053 | INFO     | httpx._client:_send_single_request:1740 - HTTP Request: GET https://api.fifa.com/api/v3/picture/flags-sq-2/KOR "HTTP/1.1 200 OK"
2026-05-30 12:46:47.054 | DEBUG    | httpcore._trace:atrace:87 - receive_response_body.started request=<Request [b'GET']>
2026-05-30 12:46:47.055 | DEBUG    | httpcore._trace:atrace:87 - receive_response_body.complete
2026-05-30 12:46:47.057 | DEBUG    | httpcore._trace:atrace:87 - response_closed.started
2026-05-30 12:46:47.058 | DEBUG    | httpcore._trace:atrace:87 - response_closed.complete
2026-05-30 12:46:47.060 | DEBUG    | httpcore._trace:atrace:87 - close.started
2026-05-30 12:46:47.061 | DEBUG    | httpcore._trace:atrace:87 - send_request_headers.started request=<Request [b'GET']>
2026-05-30 12:46:47.062 | DEBUG    | httpcore._trace:atrace:87 - close.complete
2026-05-30 12:46:47.064 | DEBUG    | httpcore._trace:atrace:87 - receive_response_headers.complete return_value=(b'HTTP/1.1', 200, b'OK', [(b'Content-Length', b'2291'), (b'Content-Type', b'image/png'), (b'Access-Control-Expose-Headers', b'Request-Context'), (b'x-mdp-ck', b'**P**'), (b'x-mdp-rootactivityid', b'd8f9960015e34e34a6f8959dc6dfdd98'), (b'X-AspNet-Version', b'4.0.30319'), (b'Request-Context', b'appId=cid-v1:d6e11e63-1bc8-4e56-a695-f7ad71758c42'), (b'Arr-Disable-Session-Affinity', b'true'), (b'Cache-Control', b'public, must-revalidate, max-age=3600, s-maxage=2592000'), (b'Date', b'Sat, 30 May 2026 12:46:46 GMT'), (b'Connection', b'keep-alive'), (b'Access-Control-Allow-Origin', b'*'), (b'X-Frame-Options', b'sameorigin'), (b'Referrer-Policy', b'same-origin'), (b'X-Content-Type-Options', b'nosniff'), (b'X-XSS-Protection', b'1; mode=block'), (b'Strict-Transport-Security', b'max-age=15768000 ; includeSubDomains'), (b'Akamai-GRN', b'0.dec41302.1780145206.425c36'), (b'Set-Cookie', b'_abck=75DC16C221CF9303F19412D7C50AAA75~-1~YAAQ3sQTAnfhc3eeAQAAhzbseA9fjqG0/4Z0Z9+biyTQLUrddGSTGc90VAbdMe94LrBtip9Rnbzhw2PLYrPZVT+NFE/tp8RZgRcyw/ZCIM2yxa6O66b/8ULOhGUQWErbS4l9IPF1wA43uKsX8EbrsYRm6GYayvH3WazPP4GE7qmEN6b3VfVri24IT73AnMRhiUtYlk2rIBLBrOWhgytt4lfoYWWyG11xN8djP2X8Q965q8EeQ8BbHv1cX820cLXCugTDhG4giHo50GwUHMkCvlNIDkBuSepCh1AAS0my1+o5Tmif2KMENFUv4V6cAxCYCgS+dd29Kz9bR9eM18mq+6E2sAV0x9iA2pnlWPWvfHh8FBPjShykd0/P2wEEtcQrXgPn4uD/FeWarttYep0du51PwMZ2Y9E5jdruFLmbD4UFXs3nphWzWpJcJ5MTjsJxOaVybzZ4~-1~-1~-1~-1~-1; Domain=.fifa.com; Path=/; Expires=Sun, 30 May 2027 12:46:46 GMT; Max-Age=31536000; Secure'), (b'Set-Cookie', b'bm_sz=751CEB9969162217AE4CFC87541D3F20~YAAQ3sQTAnjhc3eeAQAAhzbseB+tFvTo05pK1GE4w9gvBAUXRhU/SicNI5SOK1FYa1rfNhJdlK0UMAJpbG7Q6YaQIC6wajuVkg1evqMEY3BNuQuTw/MWuk2Mko9mSsHR2UKbawMm00D4wKsnaBTFILb/AzLESQlmol2qJralq4G6e2asrXJFuRrM/WoJHch3aOouuzRxtfUyRuQfPwabmB6sJH2rWscLoCLZ855ruQqazWXcckbtRbY2tTJkzX5nMn0NpYULE6tn6GNfS8GRt6RCfgnb/eqtHMmGoCT2l8YJPI3qI6FQq52ZovvZKDnkfolV5sG5kFm2xkgm0+9wS6R60IyjypSUawKXSLo=~4276787~4277301; Domain=.fifa.com; Path=/; Expires=Sat, 30 May 2026 16:46:46 GMT; Max-Age=14400')])
2026-05-30 12:46:47.063 | DEBUG    | httpcore._trace:atrace:87 - connect_tcp.started host='api.fifa.com' port=443 local_address=None timeout=10.0 socket_options=None
2026-05-30 12:46:47.065 | INFO     | httpx._client:_send_single_request:1740 - HTTP Request: GET https://api.fifa.com/api/v3/picture/flags-sq-2/MAR "HTTP/1.1 200 OK"
2026-05-30 12:46:47.067 | DEBUG    | httpcore._trace:atrace:87 - receive_response_headers.complete return_value=(b'HTTP/1.1', 200, b'OK', [(b'Content-Length', b'3614'), (b'Content-Type', b'image/png'), (b'Access-Control-Expose-Headers', b'Request-Context'), (b'x-mdp-ck', b'**P**'), (b'x-mdp-rootactivityid', b'a13e159a15ba4c6eb16c48e34a0110ec'), (b'X-AspNet-Version', b'4.0.30319'), (b'Request-Context', b'appId=cid-v1:d6e11e63-1bc8-4e56-a695-f7ad71758c42'), (b'Arr-Disable-Session-Affinity', b'true'), (b'Cache-Control', b'public, must-revalidate, max-age=3600, s-maxage=2592000'), (b'Date', b'Sat, 30 May 2026 12:46:46 GMT'), (b'Connection', b'keep-alive'), (b'Access-Control-Allow-Origin', b'*'), (b'X-Frame-Options', b'sameorigin'), (b'Referrer-Policy', b'same-origin'), (b'X-Content-Type-Options', b'nosniff'), (b'X-XSS-Protection', b'1; mode=block'), (b'Strict-Transport-Security', b'max-age=15768000 ; includeSubDomains'), (b'Akamai-GRN', b'0.dec41302.1780145206.425c28'), (b'Set-Cookie', b'_abck=84809BD131D39F22DDDC964B8C1B333A~-1~YAAQ3sQTAnPhc3eeAQAAWDbseA9r+yjKPm2UBoQG9WevveyeGEfWQGt7lUG9yh2zURhFsNIAAvqASEGuBvc9/ox3BHNw15SmIfLMe+DcG9IkuOHS2EUy+YgFrFpAPfdzuXAxWxl6GT3Nm5MA53yXazFTjbGuw89mhqBXA2FgehB7RI1LADfUIT86VYYIAH3RcwQfYK+VfHwA3M7MRHkm3x1Hb/sgHhequM4c9h5HhUB7XLRZQK6/wL0L6mGaFCflSFFSLmHYddjMND7PzOlA7Nik6x+sVx0Yva5DqdoDLLUcjfyk2bLdkqAPKN9OXxitQ/DwFWP73d3MziujSy4Mz4TfLFXsjb2VIz0MetKdXkDyLgfdhGAI6eHhaW9b1L4sblYAL/1XAF5YLfGeALKVF2V5Ps+oq1RBh3Kw5B8q6oWsALjiVm0/yS0+bhE5kY+KZsPGqjEt~-1~-1~-1~-1~-1; Domain=.fifa.com; Path=/; Expires=Sun, 30 May 2027 12:46:46 GMT; Max-Age=31536000; Secure'), (b'Set-Cookie', b'bm_sz=9C61A7BE7FB7F7AA0AF0ED9DF19D1FB0~YAAQ3sQTAnThc3eeAQAAWDbseB8P00RO/sjbMy90ZAr08k1J2ZCvOHgJjkHV3Qhad/rERJMI9EHVGBKQ6hFDPEJ6d1ScDrVAVqXhqh0p62qVbEwkdt8ilPZyfjGqiRZVF8hRVNbzrmfjROwKKrDe1O7CBunpOXkfu16L64/Z3ZQ79yXd6kx6EXjZe+YyoyHAEKBW83P3EcmkHpVRG2tYTLFYj9Qwu8nqhXfYpWYpgbDm1prY1VRLAjpVdeWsnGknTDNsI5PpIBUaVkz4b8iDbSgrBsKabF5BNyZDpmgmpaQpaYUFyrXE93StVx8n+azEGnzxKI4DWQiS2+YTzjgaJj3kD15ILulkPqAA/+Q=~4276787~4277301; Domain=.fifa.com; Path=/; Expires=Sat, 30 May 2026 16:46:46 GMT; Max-Age=14400')])
2026-05-30 12:46:47.067 | DEBUG    | httpcore._trace:atrace:87 - receive_response_body.started request=<Request [b'GET']>
2026-05-30 12:46:47.070 | DEBUG    | httpcore._trace:atrace:87 - receive_response_body.complete
2026-05-30 12:46:47.071 | INFO     | httpx._client:_send_single_request:1740 - HTTP Request: GET https://api.fifa.com/api/v3/picture/flags-sq-2/JOR "HTTP/1.1 200 OK"
2026-05-30 12:46:47.073 | DEBUG    | httpcore._trace:atrace:87 - receive_response_body.started request=<Request [b'GET']>
2026-05-30 12:46:47.074 | DEBUG    | httpcore._trace:atrace:87 - response_closed.started
2026-05-30 12:46:47.076 | DEBUG    | httpcore._trace:atrace:87 - receive_response_body.complete
2026-05-30 12:46:47.077 | DEBUG    | httpcore._trace:atrace:87 - response_closed.started
2026-05-30 12:46:47.078 | INFO     | uvicorn.protocols.http.httptools_impl:send:484 - 172.19.0.1:58962 - "GET /api/v1/teams/flags/flags-sq-2/KOR HTTP/1.1" 200
2026-05-30 12:46:47.078 | DEBUG    | httpcore._trace:atrace:87 - send_request_headers.complete
2026-05-30 12:46:47.079 | DEBUG    | httpcore._trace:atrace:87 - response_closed.complete
2026-05-30 12:46:47.079 | DEBUG    | httpcore._trace:atrace:87 - send_request_body.started request=<Request [b'GET']>
2026-05-30 12:46:47.080 | DEBUG    | httpcore._trace:atrace:87 - send_request_body.complete
2026-05-30 12:46:47.080 | DEBUG    | httpcore._trace:atrace:87 - receive_response_headers.started request=<Request [b'GET']>
2026-05-30 12:46:47.081 | DEBUG    | httpcore._trace:atrace:87 - response_closed.complete
2026-05-30 12:46:47.085 | DEBUG    | httpcore._trace:atrace:87 - close.started
2026-05-30 12:46:47.081 | DEBUG    | httpcore._trace:atrace:87 - close.started
2026-05-30 12:46:47.088 | DEBUG    | httpcore._trace:atrace:87 - close.complete
2026-05-30 12:46:47.082 | DEBUG    | httpcore._trace:atrace:87 - receive_response_headers.complete return_value=(b'HTTP/1.1', 200, b'OK', [(b'Content-Length', b'4293'), (b'Content-Type', b'image/png'), (b'Access-Control-Expose-Headers', b'Request-Context'), (b'x-mdp-ck', b'**P**'), (b'x-mdp-rootactivityid', b'eefb25c483e946e38b36d7dbb61a4d6f'), (b'X-AspNet-Version', b'4.0.30319'), (b'Request-Context', b'appId=cid-v1:d6e11e63-1bc8-4e56-a695-f7ad71758c42'), (b'Arr-Disable-Session-Affinity', b'true'), (b'Cache-Control', b'public, must-revalidate, max-age=3600, s-maxage=2592000'), (b'Date', b'Sat, 30 May 2026 12:46:46 GMT'), (b'Connection', b'keep-alive'), (b'Access-Control-Allow-Origin', b'*'), (b'X-Frame-Options', b'sameorigin'), (b'Referrer-Policy', b'same-origin'), (b'X-Content-Type-Options', b'nosniff'), (b'X-XSS-Protection', b'1; mode=block'), (b'Strict-Transport-Security', b'max-age=15768000 ; includeSubDomains'), (b'Akamai-GRN', b'0.dec41302.1780145206.425c38'), (b'Set-Cookie', b'_abck=CAACB447BCF3D321FDE07D8B052362B1~-1~YAAQ3sQTAnnhc3eeAQAAjzbseA+EZmBcRQ+IAU5sGrSC/Y+3hCjUcCbXg3grgrxSrXWcY9xBzT89HmW1gdeHNMnQokpGXeXqmJTJKLSsVwe/jeGNJYLhsCssk3/a7WxbDsvVaUHS/4aWDhTCkZioheuygYO46qaAXqetjFG0FiSj5JYVuCoG1cmFkd1EX8p7Vemcv/7mT7qgTtHQghr/IQF9B124vp56PDe7ASvzXyQ8q5hishljtkleV70mXcpZF8a2M+jjbr7R88AreDCBBAE27VvLUZHbUggQ66Cymy3ZHI/HeRLqayGVvEiNmGQnWbH60t4axu3vlMKFjqMH8TBJtIRx8OCWABG0waGjpyLQm/ysgP72+EzfuE2ssTGOMXh0H0FziDw0MqPj4HHi1i0hUWKF2JYzirfiNwDZu1CeoOPfhINazipfBefU7XP4yketJFCv~-1~-1~-1~-1~-1; Domain=.fifa.com; Path=/; Expires=Sun, 30 May 2027 12:46:46 GMT; Max-Age=31536000; Secure'), (b'Set-Cookie', b'bm_sz=95635A7396D1487E98B6D584F06A6148~YAAQ3sQTAnrhc3eeAQAAjzbseB9B3HvPJxdZCIT0bJ7nH3SW1mu2K58AQ8NsSidHPfN6e13BuX6gt3uLPbkej7nSP2hDYWz8Klez558PIAYQrhGerfCQCIKvS2Gl9fi7srHq7dbwgl0eArMIH9aceZaJ5iHreetb6hOUuKlpKFNq5hWb0w/iiIBUn5JlmO5lP8qfTDLwgmaNFrlgHURU22RNNOwfvDGKSBDQSrLzjfayQKE0p9nMnFMKwmRmPTgdjpykf1jsVtQY9mjPWKo895kuD6KMalewoMDSiSZgVfXYEkpBuZCWxf6I+IWCw0fbhg7itPZx8OsS6eQc48slL4vobwbPeE/96vvWDhs=~4276787~4277301; Domain=.fifa.com; Path=/; Expires=Sat, 30 May 2026 16:46:46 GMT; Max-Age=14400')])
2026-05-30 12:46:47.083 | INFO     | httpx._client:_send_single_request:1740 - HTTP Request: GET https://api.fifa.com/api/v3/picture/flags-sq-2/NED "HTTP/1.1 200 OK"
2026-05-30 12:46:47.084 | DEBUG    | httpcore._trace:atrace:87 - receive_response_body.started request=<Request [b'GET']>
2026-05-30 12:46:47.092 | INFO     | uvicorn.protocols.http.httptools_impl:send:484 - 172.19.0.1:58948 - "GET /api/v1/teams/flags/flags-sq-2/JOR HTTP/1.1" 200
2026-05-30 12:46:47.086 | DEBUG    | httpcore._trace:atrace:87 - receive_response_body.complete
2026-05-30 12:46:47.087 | DEBUG    | httpcore._trace:atrace:87 - response_closed.started
2026-05-30 12:46:47.101 | INFO     | app.api.v1.endpoints.teams:get_flag_proxy:77 - Flag not cached. Proxying from FIFA: https://api.fifa.com/api/v3/picture/flags-sq-2/PAN
2026-05-30 12:46:47.090 | DEBUG    | httpcore._trace:atrace:87 - close.complete
2026-05-30 12:46:47.091 | DEBUG    | httpcore._trace:atrace:87 - response_closed.complete
2026-05-30 12:46:47.094 | DEBUG    | httpcore._trace:atrace:87 - close.started
2026-05-30 12:46:47.095 | DEBUG    | httpcore._trace:atrace:87 - close.complete
2026-05-30 12:46:47.097 | INFO     | uvicorn.protocols.http.httptools_impl:send:484 - 172.19.0.1:58958 - "GET /api/v1/teams/flags/flags-sq-2/MAR HTTP/1.1" 200
2026-05-30 12:46:47.099 | INFO     | uvicorn.protocols.http.httptools_impl:send:484 - 172.19.0.1:58910 - "GET /api/v1/teams/flags/flags-sq-2/NED HTTP/1.1" 200
2026-05-30 12:46:47.108 | INFO     | app.api.v1.endpoints.teams:get_flag_proxy:77 - Flag not cached. Proxying from FIFA: https://api.fifa.com/api/v3/picture/flags-sq-2/PAR
2026-05-30 12:46:47.130 | DEBUG    | httpcore._trace:atrace:87 - connect_tcp.started host='api.fifa.com' port=443 local_address=None timeout=10.0 socket_options=None
2026-05-30 12:46:47.132 | DEBUG    | httpcore._trace:atrace:87 - connect_tcp.started host='api.fifa.com' port=443 local_address=None timeout=10.0 socket_options=None
2026-05-30 12:46:47.137 | INFO     | app.api.v1.endpoints.teams:get_flag_proxy:77 - Flag not cached. Proxying from FIFA: https://api.fifa.com/api/v3/picture/flags-sq-2/POR
2026-05-30 12:46:47.132 | DEBUG    | httpcore._trace:atrace:87 - receive_response_headers.complete return_value=(b'HTTP/1.1', 200, b'OK', [(b'Content-Length', b'5052'), (b'Content-Type', b'image/png'), (b'Access-Control-Expose-Headers', b'Request-Context'), (b'x-mdp-ck', b'**P**'), (b'x-mdp-rootactivityid', b'240cc78cae1d490c87fb75464d55f7c8'), (b'X-AspNet-Version', b'4.0.30319'), (b'Request-Context', b'appId=cid-v1:d6e11e63-1bc8-4e56-a695-f7ad71758c42'), (b'Arr-Disable-Session-Affinity', b'true'), (b'Cache-Control', b'public, must-revalidate, max-age=3600, s-maxage=2592000'), (b'Date', b'Sat, 30 May 2026 12:46:46 GMT'), (b'Connection', b'keep-alive'), (b'Access-Control-Allow-Origin', b'*'), (b'X-Frame-Options', b'sameorigin'), (b'Referrer-Policy', b'same-origin'), (b'X-Content-Type-Options', b'nosniff'), (b'X-XSS-Protection', b'1; mode=block'), (b'Strict-Transport-Security', b'max-age=15768000 ; includeSubDomains'), (b'Akamai-GRN', b'0.d5c41302.1780145206.1840654a'), (b'Set-Cookie', b'_abck=7C89443FE40E5CFFCC22750AE34B26A5~-1~YAAQ1cQTAiLpKECeAQAAvjbseA9U7qUtj37Ey+jYclXWjbyK4+Bp2Yk3pCrrpJwE4AbxBH9KP9dLmOIQHcOnpnhPvnOUDyarJ6WcQHC9ZT5BR8wHSbaKvQaHcutl1n3H9oCYLbKA2ULVE6dqJ5zUVZgFWL9dQqmDIU+Sb4yqgqIg//VOBNkvYqnuM+c8HZ4/1RldiH9QjhMw7CGIbu20Mw+a8O6C5MTQ0cnlq1t+vBjkZ+k16GvD5WyYrq7+I2EJx05nk/ZmFpAvN/rvKbe6/cXkZ/Q6RDPwW6F1NzH/Zvm7vIQU8XeBExG4UbnpD5qLl5uO49sPEsuaLdEfDZRksRM+45EAW+Fm/0sBPclUtVG3U/Pkx+iCR4c+FfmcDldBanGOKkdqjUehV2XxfAAl4ll9TKwGVwE0vygjd5fAZ1/grXUWLHhLshNbE74S6sWgHUotQxuk~-1~-1~-1~-1~-1; Domain=.fifa.com; Path=/; Expires=Sun, 30 May 2027 12:46:46 GMT; Max-Age=31536000; Secure'), (b'Set-Cookie', b'bm_sz=370936E60817018D4FE898767607D29C~YAAQ1cQTAiPpKECeAQAAvjbseB8ex1nGKrprqT5I+eU7lT0Xi3/ZmCqXA99G4NbKeuLsr3vKOa+HqH1joV4DbvnMP2Ig50s7+L759DcR83CAKLCTSWqi1xl9ve1aJFUri8tSKaxTIMQ2dhwcGzoBOS3f8C6LemQQo51BdN6C5dtNxlERjhbILHVMuppytcjvEWxgF3ZaxV0XjuUjQrtitFZbyYUdJjN8b1nzIjtAE5lu7FoIgi3+npZD7PU8nNY8Jh+H62PKXp0h3Ci4Mu1KVJESXPqNzT51KluJ/RBDCk6aunmbN2WJgfVN7I8kTSqaE3q1/vovt5q/EFB4DBHR2XqgdFJBHMB2726dW78=~4276787~4277301; Domain=.fifa.com; Path=/; Expires=Sat, 30 May 2026 16:46:46 GMT; Max-Age=14400')])
2026-05-30 12:46:47.134 | INFO     | httpx._client:_send_single_request:1740 - HTTP Request: GET https://api.fifa.com/api/v3/picture/flags-sq-2/NZL "HTTP/1.1 200 OK"
2026-05-30 12:46:47.135 | DEBUG    | httpcore._trace:atrace:87 - receive_response_body.started request=<Request [b'GET']>
2026-05-30 12:46:47.138 | DEBUG    | httpcore._trace:atrace:87 - receive_response_body.complete
2026-05-30 12:46:47.140 | DEBUG    | httpcore._trace:atrace:87 - response_closed.started
2026-05-30 12:46:47.148 | DEBUG    | httpcore._trace:atrace:87 - response_closed.complete
2026-05-30 12:46:47.156 | DEBUG    | httpcore._trace:atrace:87 - close.started
2026-05-30 12:46:47.157 | DEBUG    | httpcore._trace:atrace:87 - close.complete
2026-05-30 12:46:47.159 | DEBUG    | httpcore._trace:atrace:87 - connect_tcp.complete return_value=<httpcore._backends.anyio.AnyIOStream object at 0x75d3461f7fb0>
2026-05-30 12:46:47.161 | DEBUG    | httpcore._trace:atrace:87 - start_tls.started ssl_context=<ssl.SSLContext object at 0x75d3461d89d0> server_hostname='api.fifa.com' timeout=10.0
2026-05-30 12:46:47.165 | INFO     | uvicorn.protocols.http.httptools_impl:send:484 - 172.19.0.1:58968 - "GET /api/v1/teams/flags/flags-sq-2/NZL HTTP/1.1" 200
2026-05-30 12:46:47.166 | DEBUG    | httpcore._trace:atrace:87 - connect_tcp.started host='api.fifa.com' port=443 local_address=None timeout=10.0 socket_options=None
2026-05-30 12:46:47.172 | INFO     | app.api.v1.endpoints.teams:get_flag_proxy:77 - Flag not cached. Proxying from FIFA: https://api.fifa.com/api/v3/picture/flags-sq-2/QAT
2026-05-30 12:46:47.173 | INFO     | app.api.v1.endpoints.teams:get_flag_proxy:77 - Flag not cached. Proxying from FIFA: https://api.fifa.com/api/v3/picture/flags-sq-2/KSA
2026-05-30 12:46:47.205 | DEBUG    | httpcore._trace:atrace:87 - connect_tcp.started host='api.fifa.com' port=443 local_address=None timeout=10.0 socket_options=None
2026-05-30 12:46:47.213 | DEBUG    | httpcore._trace:atrace:87 - start_tls.complete return_value=<httpcore._backends.anyio.AnyIOStream object at 0x75d346dcbe30>
2026-05-30 12:46:47.216 | DEBUG    | httpcore._trace:atrace:87 - send_request_headers.started request=<Request [b'GET']>
2026-05-30 12:46:47.220 | DEBUG    | httpcore._trace:atrace:87 - connect_tcp.complete return_value=<httpcore._backends.anyio.AnyIOStream object at 0x75d346af9760>
2026-05-30 12:46:47.220 | DEBUG    | httpcore._trace:atrace:87 - start_tls.started ssl_context=<ssl.SSLContext object at 0x75d346163b50> server_hostname='api.fifa.com' timeout=10.0
2026-05-30 12:46:47.222 | DEBUG    | httpcore._trace:atrace:87 - send_request_headers.complete
2026-05-30 12:46:47.223 | DEBUG    | httpcore._trace:atrace:87 - send_request_body.started request=<Request [b'GET']>
2026-05-30 12:46:47.224 | DEBUG    | httpcore._trace:atrace:87 - send_request_body.complete
2026-05-30 12:46:47.225 | DEBUG    | httpcore._trace:atrace:87 - receive_response_headers.started request=<Request [b'GET']>
2026-05-30 12:46:47.200 | DEBUG    | httpcore._trace:atrace:87 - connect_tcp.started host='api.fifa.com' port=443 local_address=None timeout=10.0 socket_options=None
2026-05-30 12:46:47.232 | DEBUG    | httpcore._trace:atrace:87 - connect_tcp.complete return_value=<httpcore._backends.anyio.AnyIOStream object at 0x7fd9942efbc0>
2026-05-30 12:46:47.234 | DEBUG    | httpcore._trace:atrace:87 - start_tls.started ssl_context=<ssl.SSLContext object at 0x7fd9942c2cd0> server_hostname='api.fifa.com' timeout=10.0
2026-05-30 12:46:47.265 | DEBUG    | httpcore._trace:atrace:87 - start_tls.complete return_value=<httpcore._backends.anyio.AnyIOStream object at 0x75d3461f4350>
2026-05-30 12:46:47.266 | DEBUG    | httpcore._trace:atrace:87 - connect_tcp.complete return_value=<httpcore._backends.anyio.AnyIOStream object at 0x7fd997d65f10>
2026-05-30 12:46:47.267 | DEBUG    | httpcore._trace:atrace:87 - start_tls.started ssl_context=<ssl.SSLContext object at 0x7fd99431d850> server_hostname='api.fifa.com' timeout=10.0
2026-05-30 12:46:47.268 | DEBUG    | httpcore._trace:atrace:87 - send_request_headers.started request=<Request [b'GET']>
2026-05-30 12:46:47.270 | DEBUG    | httpcore._trace:atrace:87 - send_request_headers.complete
2026-05-30 12:46:47.271 | DEBUG    | httpcore._trace:atrace:87 - send_request_body.started request=<Request [b'GET']>
2026-05-30 12:46:47.272 | DEBUG    | httpcore._trace:atrace:87 - send_request_body.complete
2026-05-30 12:46:47.272 | DEBUG    | httpcore._trace:atrace:87 - receive_response_headers.started request=<Request [b'GET']>
2026-05-30 12:46:47.273 | DEBUG    | httpcore._trace:atrace:87 - connect_tcp.complete return_value=<httpcore._backends.anyio.AnyIOStream object at 0x75d346af92e0>
2026-05-30 12:46:47.274 | DEBUG    | httpcore._trace:atrace:87 - start_tls.started ssl_context=<ssl.SSLContext object at 0x75d346c43450> server_hostname='api.fifa.com' timeout=10.0
2026-05-30 12:46:47.274 | DEBUG    | httpcore._trace:atrace:87 - start_tls.complete return_value=<httpcore._backends.anyio.AnyIOStream object at 0x7fd9942ede50>
2026-05-30 12:46:47.276 | DEBUG    | httpcore._trace:atrace:87 - send_request_headers.started request=<Request [b'GET']>
2026-05-30 12:46:47.278 | DEBUG    | httpcore._trace:atrace:87 - connect_tcp.complete return_value=<httpcore._backends.anyio.AnyIOStream object at 0x7fd9942ee030>
2026-05-30 12:46:47.278 | DEBUG    | httpcore._trace:atrace:87 - start_tls.started ssl_context=<ssl.SSLContext object at 0x7fd9942c3650> server_hostname='api.fifa.com' timeout=10.0
2026-05-30 12:46:47.280 | DEBUG    | httpcore._trace:atrace:87 - send_request_headers.complete
2026-05-30 12:46:47.281 | DEBUG    | httpcore._trace:atrace:87 - send_request_body.started request=<Request [b'GET']>
2026-05-30 12:46:47.282 | DEBUG    | httpcore._trace:atrace:87 - send_request_body.complete
2026-05-30 12:46:47.282 | DEBUG    | httpcore._trace:atrace:87 - receive_response_headers.started request=<Request [b'GET']>
2026-05-30 12:46:47.303 | DEBUG    | httpcore._trace:atrace:87 - start_tls.complete return_value=<httpcore._backends.anyio.AnyIOStream object at 0x7fd9942ef710>
2026-05-30 12:46:47.304 | DEBUG    | httpcore._trace:atrace:87 - send_request_headers.started request=<Request [b'GET']>
2026-05-30 12:46:47.305 | DEBUG    | httpcore._trace:atrace:87 - send_request_headers.complete
2026-05-30 12:46:47.305 | DEBUG    | httpcore._trace:atrace:87 - send_request_body.started request=<Request [b'GET']>
2026-05-30 12:46:47.306 | DEBUG    | httpcore._trace:atrace:87 - send_request_body.complete
2026-05-30 12:46:47.306 | DEBUG    | httpcore._trace:atrace:87 - receive_response_headers.started request=<Request [b'GET']>
2026-05-30 12:46:47.313 | DEBUG    | httpcore._trace:atrace:87 - start_tls.complete return_value=<httpcore._backends.anyio.AnyIOStream object at 0x75d3461f6a20>
2026-05-30 12:46:47.315 | DEBUG    | httpcore._trace:atrace:87 - send_request_headers.started request=<Request [b'GET']>
2026-05-30 12:46:47.316 | DEBUG    | httpcore._trace:atrace:87 - receive_response_headers.complete return_value=(b'HTTP/1.1', 200, b'OK', [(b'Content-Length', b'3061'), (b'Content-Type', b'image/png'), (b'Access-Control-Expose-Headers', b'Request-Context'), (b'x-mdp-ck', b'**P**'), (b'x-mdp-rootactivityid', b'df11e69e1fe8477ab2845a1f0cb9e60c'), (b'X-AspNet-Version', b'4.0.30319'), (b'Request-Context', b'appId=cid-v1:d6e11e63-1bc8-4e56-a695-f7ad71758c42'), (b'Arr-Disable-Session-Affinity', b'true'), (b'Cache-Control', b'public, must-revalidate, max-age=3600, s-maxage=2592000'), (b'Date', b'Sat, 30 May 2026 12:46:47 GMT'), (b'Connection', b'keep-alive'), (b'Access-Control-Allow-Origin', b'*'), (b'X-Frame-Options', b'sameorigin'), (b'Referrer-Policy', b'same-origin'), (b'X-Content-Type-Options', b'nosniff'), (b'X-XSS-Protection', b'1; mode=block'), (b'Strict-Transport-Security', b'max-age=15768000 ; includeSubDomains'), (b'Akamai-GRN', b'0.d5c41302.1780145207.184065aa'), (b'Set-Cookie', b'_abck=C40EF13B4AA519AAA7D44B9FC77F01EC~-1~YAAQ1cQTAinpKECeAQAAfTfseA+ktIuTpHQNcZeppjaYHLnDbih28gAD2awp/yLr6bMTSJhVOcXDRe9arneiFc0LX345o68dwTUHRDeXhqch2QBi6ShTWlEep4i2bBltcs70CuL+4uoGQzwGzxi3FWeSad6Ja0oXteSAFCJImLt4aF3kX3y5pT9JUccAjL2MfM8QJ3EKr7krNXen19bWvHa3XqbqzODKPkSVYljv/rcYiqWb1HKLhLckm3HHZPFWDdvBXNuPcR5W1d9fqQqDzSb0Eb/NKns4b5eCNywdg/lqAlTl0FvS5/nOsMSAyKvNBRxqDAQ9U/tT/ypVFQcnnIXDxFMWxiUicE/yA5EDR+QReTVQTBjOJzFQqQ6Ya4a7Vxf44Vnmre9jbLcf8tRejncR27l96fYTGqIiEFJrCGvpL8LkRw37/y1JUL8C40xTo2UOgyIK~-1~-1~-1~-1~-1; Domain=.fifa.com; Path=/; Expires=Sun, 30 May 2027 12:46:47 GMT; Max-Age=31536000; Secure'), (b'Set-Cookie', b'bm_sz=C8F5748B3B7BEB5460B94F70784316CB~YAAQ1cQTAirpKECeAQAAfTfseB+juoqLNv4iVqyF+SGJuOXDfDwe5fckxxuQRi6JcfQIfcHxPVyP5ACZtuucFzx0xhxzoK7FY4aeWCxsv63tfZgPNb8uyHDjdKAo36lope0tO3CIDvJfEltUCkCvn5dnhj41o7Mh2Qq26KV/3sjshdZcyVPndTAm/ahYYo/wLZHcj6GzhSnV1Wdth5u+sTn5AECgtxIzZzRp/lwgI4Fk65sCMyAZ+shB6iFBkMrXI6GHoTeyhepNsRty+T+tOkoE+oCugpdrwIOXJJ8SjDOqW0Fc/XJ3bJqwk4eN0WP/5lM6z/ySXt+BLVMCY7Nb0/BGqrynovnRLGdGo6M=~4277554~3749430; Domain=.fifa.com; Path=/; Expires=Sat, 30 May 2026 16:46:47 GMT; Max-Age=14400')])
2026-05-30 12:46:47.318 | INFO     | httpx._client:_send_single_request:1740 - HTTP Request: GET https://api.fifa.com/api/v3/picture/flags-sq-2/PAN "HTTP/1.1 200 OK"
2026-05-30 12:46:47.318 | DEBUG    | httpcore._trace:atrace:87 - receive_response_body.started request=<Request [b'GET']>
2026-05-30 12:46:47.320 | DEBUG    | httpcore._trace:atrace:87 - start_tls.complete return_value=<httpcore._backends.anyio.AnyIOStream object at 0x7fd994ed5fd0>
2026-05-30 12:46:47.318 | DEBUG    | httpcore._trace:atrace:87 - receive_response_body.complete
2026-05-30 12:46:47.322 | DEBUG    | httpcore._trace:atrace:87 - send_request_headers.started request=<Request [b'GET']>
2026-05-30 12:46:47.319 | DEBUG    | httpcore._trace:atrace:87 - response_closed.started
2026-05-30 12:46:47.323 | DEBUG    | httpcore._trace:atrace:87 - receive_response_headers.complete return_value=(b'HTTP/1.1', 200, b'OK', [(b'Content-Length', b'748'), (b'Content-Type', b'image/png'), (b'Access-Control-Expose-Headers', b'Request-Context'), (b'x-mdp-ck', b'**P**'), (b'x-mdp-rootactivityid', b'8bbbba93ad9a437598afe9b0536856b6'), (b'X-AspNet-Version', b'4.0.30319'), (b'Request-Context', b'appId=cid-v1:d6e11e63-1bc8-4e56-a695-f7ad71758c42'), (b'Arr-Disable-Session-Affinity', b'true'), (b'Cache-Control', b'public, must-revalidate, max-age=3600, s-maxage=2592000'), (b'Date', b'Sat, 30 May 2026 12:46:47 GMT'), (b'Connection', b'keep-alive'), (b'Access-Control-Allow-Origin', b'*'), (b'X-Frame-Options', b'sameorigin'), (b'Referrer-Policy', b'same-origin'), (b'X-Content-Type-Options', b'nosniff'), (b'X-XSS-Protection', b'1; mode=block'), (b'Strict-Transport-Security', b'max-age=15768000 ; includeSubDomains'), (b'Akamai-GRN', b'0.dec41302.1780145207.425c9e'), (b'Set-Cookie', b'_abck=9A85298ECFB1CAD95B6BFF965FAF54A8~-1~YAAQ3sQTAoDhc3eeAQAAiTfseA+bLExwyPg600e/PTkN9gUkC1trrsQnPEoV1kWpV23Qp/ecViaUbfulvrLlgtiDhx7mcvqZf9CWaL5Doizz9f/x0MS04z2ix+Ld9oZYxcLGOxkNoDqWICQNlrspx4yvSQRPKmVaAU6v/PPcagd7kbPwYEsoqM86GzpGeHLaPObREWAQcUCsewSTs79a3qxt7JhTk9mK0KRyy91QA+KnwFHcB55PeIywbvEajOIhDZD4yYh+zcE/FXCBVVsZbL3ZuOQFiGT65ZPPjqM9FjVzlT3Gxdzy2i+MILC/DNdmgSJ7OsHWgl6EtRTW/+4+Kf7m1LBz8nBx3Zuw5UNpocU5Xu2ZOiJVy9vQ5YR5f6mRldGpwWF1dNMs/nmj86/hCqKD3vDqKZ1+BnYkTAHXRJik3qk8ZJ57+BUT43lut3rAL6TG/N5J~-1~-1~-1~-1~-1; Domain=.fifa.com; Path=/; Expires=Sun, 30 May 2027 12:46:47 GMT; Max-Age=31536000; Secure'), (b'Set-Cookie', b'bm_sz=C038D2B1E54288E5FF7EB1985CF165F1~YAAQ3sQTAoHhc3eeAQAAiTfseB9F4DQDCJ649aS+X8/vBPg4wIdWOPT+8PyJlfUezhrVGwPpozHxCE1GGuYUGJ5iWxYp8AFdvl9iGw/ShtOqH7dtoCK8IKyDYtfqFCPLAewJWu89kJ6WpKfwPev0tjneAhC1tNAFBuCdQKqI4/t74VwB2EjiO5oCZkz9oYRQj2bJO693JWcBDbPDUmzv6QRqpVSBBy+wWrUAvSo60N/xFRD6btMyzWsmlmGjM4a8FXmbO85W4fWWeWAoVFJNXnw8QRqifOYnQpbWQ7jxrSAPJTffLO2ezJQ4vDfvq/wWsAVWfae1RnRRiph7X0WHWWlU9TgnrSEmuCk//eg=~4277554~3749430; Domain=.fifa.com; Path=/; Expires=Sat, 30 May 2026 16:46:47 GMT; Max-Age=14400')])
2026-05-30 12:46:47.320 | DEBUG    | httpcore._trace:atrace:87 - send_request_headers.complete
2026-05-30 12:46:47.323 | INFO     | httpx._client:_send_single_request:1740 - HTTP Request: GET https://api.fifa.com/api/v3/picture/flags-sq-2/PAR "HTTP/1.1 200 OK"
2026-05-30 12:46:47.321 | DEBUG    | httpcore._trace:atrace:87 - send_request_body.started request=<Request [b'GET']>
2026-05-30 12:46:47.322 | DEBUG    | httpcore._trace:atrace:87 - send_request_body.complete
2026-05-30 12:46:47.322 | DEBUG    | httpcore._trace:atrace:87 - receive_response_headers.started request=<Request [b'GET']>
2026-05-30 12:46:47.326 | DEBUG    | httpcore._trace:atrace:87 - receive_response_body.started request=<Request [b'GET']>
2026-05-30 12:46:47.322 | DEBUG    | httpcore._trace:atrace:87 - response_closed.complete
2026-05-30 12:46:47.327 | DEBUG    | httpcore._trace:atrace:87 - receive_response_body.complete
2026-05-30 12:46:47.323 | DEBUG    | httpcore._trace:atrace:87 - close.started
2026-05-30 12:46:47.325 | DEBUG    | httpcore._trace:atrace:87 - close.complete
2026-05-30 12:46:47.328 | DEBUG    | httpcore._trace:atrace:87 - response_closed.started
2026-05-30 12:46:47.327 | INFO     | uvicorn.protocols.http.httptools_impl:send:484 - 172.19.0.1:58948 - "GET /api/v1/teams/flags/flags-sq-2/PAN HTTP/1.1" 200
2026-05-30 12:46:47.330 | DEBUG    | httpcore._trace:atrace:87 - send_request_headers.complete
2026-05-30 12:46:47.331 | DEBUG    | httpcore._trace:atrace:87 - send_request_body.started request=<Request [b'GET']>
2026-05-30 12:46:47.334 | INFO     | app.api.v1.endpoints.teams:get_flag_proxy:77 - Flag not cached. Proxying from FIFA: https://api.fifa.com/api/v3/picture/flags-sq-2/SCO
2026-05-30 12:46:47.333 | DEBUG    | httpcore._trace:atrace:87 - send_request_body.complete
2026-05-30 12:46:47.334 | DEBUG    | httpcore._trace:atrace:87 - receive_response_headers.started request=<Request [b'GET']>
2026-05-30 12:46:47.335 | DEBUG    | httpcore._trace:atrace:87 - response_closed.complete
2026-05-30 12:46:47.337 | DEBUG    | httpcore._trace:atrace:87 - close.started
2026-05-30 12:46:47.337 | DEBUG    | httpcore._trace:atrace:87 - close.complete
2026-05-30 12:46:47.338 | INFO     | uvicorn.protocols.http.httptools_impl:send:484 - 172.19.0.1:58962 - "GET /api/v1/teams/flags/flags-sq-2/PAR HTTP/1.1" 200
2026-05-30 12:46:47.345 | DEBUG    | httpcore._trace:atrace:87 - receive_response_headers.complete return_value=(b'HTTP/1.1', 200, b'OK', [(b'Content-Length', b'3280'), (b'Content-Type', b'image/png'), (b'Access-Control-Expose-Headers', b'Request-Context'), (b'x-mdp-ck', b'**P**'), (b'x-mdp-rootactivityid', b'd7a20b1c92c84cf0a63c28f1a042ddc0'), (b'X-AspNet-Version', b'4.0.30319'), (b'Request-Context', b'appId=cid-v1:d6e11e63-1bc8-4e56-a695-f7ad71758c42'), (b'Arr-Disable-Session-Affinity', b'true'), (b'Cache-Control', b'public, must-revalidate, max-age=3600, s-maxage=2592000'), (b'Date', b'Sat, 30 May 2026 12:46:47 GMT'), (b'Connection', b'keep-alive'), (b'Access-Control-Allow-Origin', b'*'), (b'X-Frame-Options', b'sameorigin'), (b'Referrer-Policy', b'same-origin'), (b'X-Content-Type-Options', b'nosniff'), (b'X-XSS-Protection', b'1; mode=block'), (b'Strict-Transport-Security', b'max-age=15768000 ; includeSubDomains'), (b'Akamai-GRN', b'0.dec41302.1780145207.425cbb'), (b'Set-Cookie', b'_abck=0C80EBDBA70C3902B2BFD8E9F6B336DD~-1~YAAQ3sQTAofhc3eeAQAAnjfseA9EYlAs4eKKPka/Q3Yz8rvAhnyjPTH9f4LNMI5CXO9NZVuVQ5kzm5vgMZYkubxcFLCMUgRWKy7Vczptps8iSKZsOS5DmOU0lusbnbohTHDebTQmUo6wRPv722/iZam8DW1EfTVaviRJX0ns/7uvCrNReebXNi9yUWumSBtYpLEVjz6MUWIej8pVDWbGNJA3cLLqUwaqrn2WfDqe8RIQ+xo7dwhzkDSDMfqZSj3UdoIsh9K/odRJhkvU9RhkGJmWsBfds8IjjhSvNpwnMZhFewzDGVs2+omcI5TlEUBvDP5x1h9nrkOk1PipFsP5KInjvj+oDS5Fk4mil02KOuknapVkU9Ufex9hdij8Ghe+R8uPBWomYn2FptWg5RBmEU4meByyqFZCGrwixESJhJyZ54IAy9tbgn+Tc7BwmLv5dlFIfrRZ~-1~-1~-1~-1~-1; Domain=.fifa.com; Path=/; Expires=Sun, 30 May 2027 12:46:47 GMT; Max-Age=31536000; Secure'), (b'Set-Cookie', b'bm_sz=D907548D9864829A5D66E78D78A84209~YAAQ3sQTAojhc3eeAQAAnjfseB8guq3kL4hV3iNq8UFaMnQhVGnmpgNlHhHLS97CMCjeUzkSq87CFpRj8xueopFpprjTsuh1SbLLYqzSKR84IuQJ09jrpDbEOdq/JWjNsYpg34jOjg4avCS3GtATzHRdbzOZXRgi5QWUi+g1sR2EJIeScGcpU7lyNjQX4ULrFhaVaeqmCZLst2ol/4+tU4vkIRruVO6ALMAKf8t8szkToSPMS/e/bbUTyDtr0BaJwcBMPO4s7k11/s29Zg29dn3zD6zCVyKBtFSx72BTtD3M381npt1YtPLzrP69sjTZu/fuOy7R/ExBfTu1HOMhQQtUNN8HplB2jEtFrDY=~4277554~3749430; Domain=.fifa.com; Path=/; Expires=Sat, 30 May 2026 16:46:47 GMT; Max-Age=14400')])
2026-05-30 12:46:47.347 | INFO     | httpx._client:_send_single_request:1740 - HTTP Request: GET https://api.fifa.com/api/v3/picture/flags-sq-2/QAT "HTTP/1.1 200 OK"
2026-05-30 12:46:47.348 | DEBUG    | httpcore._trace:atrace:87 - receive_response_body.started request=<Request [b'GET']>
2026-05-30 12:46:47.349 | DEBUG    | httpcore._trace:atrace:87 - receive_response_body.complete
2026-05-30 12:46:47.351 | DEBUG    | httpcore._trace:atrace:87 - response_closed.started
2026-05-30 12:46:47.352 | DEBUG    | httpcore._trace:atrace:87 - response_closed.complete
2026-05-30 12:46:47.353 | DEBUG    | httpcore._trace:atrace:87 - close.started
2026-05-30 12:46:47.354 | INFO     | app.api.v1.endpoints.teams:get_flag_proxy:77 - Flag not cached. Proxying from FIFA: https://api.fifa.com/api/v3/picture/flags-sq-2/SEN
2026-05-30 12:46:47.363 | DEBUG    | httpcore._trace:atrace:87 - connect_tcp.started host='api.fifa.com' port=443 local_address=None timeout=10.0 socket_options=None
2026-05-30 12:46:47.365 | DEBUG    | httpcore._trace:atrace:87 - receive_response_headers.complete return_value=(b'HTTP/1.1', 200, b'OK', [(b'Content-Length', b'3727'), (b'Content-Type', b'image/png'), (b'Access-Control-Expose-Headers', b'Request-Context'), (b'x-mdp-ck', b'**P**'), (b'x-mdp-rootactivityid', b'e45a4df97091414ab85481177676b105'), (b'X-AspNet-Version', b'4.0.30319'), (b'Request-Context', b'appId=cid-v1:d6e11e63-1bc8-4e56-a695-f7ad71758c42'), (b'Arr-Disable-Session-Affinity', b'true'), (b'Cache-Control', b'public, must-revalidate, max-age=3600, s-maxage=2592000'), (b'Date', b'Sat, 30 May 2026 12:46:47 GMT'), (b'Connection', b'keep-alive'), (b'Access-Control-Allow-Origin', b'*'), (b'X-Frame-Options', b'sameorigin'), (b'Referrer-Policy', b'same-origin'), (b'X-Content-Type-Options', b'nosniff'), (b'X-XSS-Protection', b'1; mode=block'), (b'Strict-Transport-Security', b'max-age=15768000 ; includeSubDomains'), (b'Akamai-GRN', b'0.d5c41302.1780145207.184065c3'), (b'Set-Cookie', b'_abck=AEF105DA33A4EAE9DEA37B2867242466~-1~YAAQ1cQTAivpKECeAQAArTfseA/4ET//Z5vJDe52iUyjY/d1ceNKjM89+OwBnxJR+KRGthYmwC2z8jmSSw09naD8/5blYREzGZf3YmdRPA0RlV8elNpIK8xr8txP4JHsFliCTq9g+j4ZtL0B2lqD99LCj6Pn38C4bKVc8hxSc57W6RQ4GbF7C1nALoQkTz+r171RVzuqCcD5WwsG+Cayy8ns5ad0dtgFg6a1bJ7KjduBCkkPXrLEEAECK6Qgu4YVus1HjO5lKYxY+iE9FElhW6Kpt/mjPZsDlHjxpuFFPiH5RYzgWsNkD1Ju99Ek2keBYLuGG9cBd/MZ1rAdHLw5UUnoupJKrHNhL3UI+JWgNABnSayfkf9mu5YvbMyyPAyj+lBLd4OU3rZ9eG28vEsP7wPZQju5emOKsq/q5aSawg1/KlbxBFr0moZCuF623Y4leBIxT6mV~-1~-1~-1~-1~-1; Domain=.fifa.com; Path=/; Expires=Sun, 30 May 2027 12:46:47 GMT; Max-Age=31536000; Secure'), (b'Set-Cookie', b'bm_sz=C91161251D91C5AA333E294D18AB4A9F~YAAQ1cQTAizpKECeAQAArTfseB9UQRjraW/ynw2sGtMyo2+dqFrRtusJsbQ4ltmFE7XE1Bzu1q4Dl14pj/U/ut1ZblSgk1kz35x7sG8yRVLVt64ujqJSpZoFSor72amtx9g21b0zAYRVBdLdMZ+Y72QNrK0DLdKqg8q4ty6lwuTMYMPPULj1U9yz3+5h4xSlABJmmlo0/Hwscba5Dk3mcuaUQ+9Mt+CGLkkXXwSHijbkpXWPi7ojTtRjhep9jiFkmT06OsVQJh0G0wr8A2CHx2gVjZBF6faYNsGzRscVpPkNk6tFgLZqyfV+JCCf91e7mGHVAgP1om3S2RePMKhpaKcBMgDu9M8duvDLYiA=~4277554~3749430; Domain=.fifa.com; Path=/; Expires=Sat, 30 May 2026 16:46:47 GMT; Max-Age=14400')])
2026-05-30 12:46:47.371 | INFO     | httpx._client:_send_single_request:1740 - HTTP Request: GET https://api.fifa.com/api/v3/picture/flags-sq-2/KSA "HTTP/1.1 200 OK"
2026-05-30 12:46:47.372 | DEBUG    | httpcore._trace:atrace:87 - receive_response_body.started request=<Request [b'GET']>
2026-05-30 12:46:47.373 | DEBUG    | httpcore._trace:atrace:87 - receive_response_body.complete
2026-05-30 12:46:47.378 | DEBUG    | httpcore._trace:atrace:87 - response_closed.started
2026-05-30 12:46:47.381 | DEBUG    | httpcore._trace:atrace:87 - response_closed.complete
2026-05-30 12:46:47.383 | DEBUG    | httpcore._trace:atrace:87 - close.complete
2026-05-30 12:46:47.384 | DEBUG    | httpcore._trace:atrace:87 - connect_tcp.started host='api.fifa.com' port=443 local_address=None timeout=10.0 socket_options=None
2026-05-30 12:46:47.383 | DEBUG    | httpcore._trace:atrace:87 - close.started
2026-05-30 12:46:47.386 | DEBUG    | httpcore._trace:atrace:87 - receive_response_headers.complete return_value=(b'HTTP/1.1', 200, b'OK', [(b'Content-Length', b'3686'), (b'Content-Type', b'image/png'), (b'Access-Control-Expose-Headers', b'Request-Context'), (b'x-mdp-ck', b'**P**'), (b'x-mdp-rootactivityid', b'bb6af8412e2549ebb22d30795dee98ff'), (b'X-AspNet-Version', b'4.0.30319'), (b'Request-Context', b'appId=cid-v1:d6e11e63-1bc8-4e56-a695-f7ad71758c42'), (b'Arr-Disable-Session-Affinity', b'true'), (b'Cache-Control', b'public, must-revalidate, max-age=3600, s-maxage=2592000'), (b'Date', b'Sat, 30 May 2026 12:46:47 GMT'), (b'Connection', b'keep-alive'), (b'Access-Control-Allow-Origin', b'*'), (b'X-Frame-Options', b'sameorigin'), (b'Referrer-Policy', b'same-origin'), (b'X-Content-Type-Options', b'nosniff'), (b'X-XSS-Protection', b'1; mode=block'), (b'Strict-Transport-Security', b'max-age=15768000 ; includeSubDomains'), (b'Akamai-GRN', b'0.d5c41302.1780145207.184065c5'), (b'Set-Cookie', b'_abck=480D1951026914A34B0305D399794319~-1~YAAQ1cQTAi3pKECeAQAAuTfseA9HCABJHmRgCInrg3WijUmvDMT58Dtqz5/jlz18aMsLuRz39hNWUpeOmJjXd36/hSDhlgATofv5+ChywsZa1PX3yEN99ogAYnjKcWmD8MvR4iwf0Q82GGUeDXcIN5Pm1AWwPfq4ABm9gkVm8h8eGacQSm6qvWzH0ruPAhlrx/IWsdx/pI7Bc4/e79PLReg21lXFXe6bFuOcBj+1hLyXs1b/p7OG2V+Q85EmzJDHjfMOFSJzjD2J+d2ksY9l0WqwpDV+83MCOfKwN9T7PfJSEiZ/wzWAVYSDhh1jHd7lwebRzyJXGVYcevinYhhMKDHvufCwXjZgwSynPGCRFIjlLlthzZy/OsvHzLPQ8nktNNHz9wvqTd7DH9aZ3jFgznnd579YJexPDs4bP2Guuq/AbexmBWwWPyTurRGrTvOb+JgxDijv~-1~-1~-1~-1~-1; Domain=.fifa.com; Path=/; Expires=Sun, 30 May 2027 12:46:47 GMT; Max-Age=31536000; Secure'), (b'Set-Cookie', b'bm_sz=2D78CF4581E4242D9E05CE80B5EDFD13~YAAQ1cQTAi7pKECeAQAAuTfseB+JheoNbp9P7iE0ZKsRfOgNPugH6bCwklWGuhysJkXgFHWhmCbvqI62yJwuXyeo8pTd8fOUmxgGhJaUk092hNxbmzTs5/+MBz+SIr3mf7xToQQ9ol6O1qRjDC8RNu5DMk4pQq6E/5lT+PP3Qg87toXRL9PNi6ld+3WKAf5hP2kg0TWtkIACKOfuoIHN1IGmW1IHjos9B387jC+uF7gQbQkqFtV/FNJ/FdVFWS9THpNZvG0IpLRa1+LevSdCq28ZfQUVp9jzQsdn2qjbxEUwH4MxilSbhpKPh6l3xekp1izpA3pxrCozRxLgoFgFiPL5IO18ShYo+R7x8Eo=~4277554~3749430; Domain=.fifa.com; Path=/; Expires=Sat, 30 May 2026 16:46:47 GMT; Max-Age=14400')])
2026-05-30 12:46:47.384 | DEBUG    | httpcore._trace:atrace:87 - receive_response_headers.complete return_value=(b'HTTP/1.1', 200, b'OK', [(b'Content-Length', b'2146'), (b'Content-Type', b'image/png'), (b'Access-Control-Expose-Headers', b'Request-Context'), (b'x-mdp-ck', b'**P**'), (b'x-mdp-rootactivityid', b'fc318f1f92eb4f0fbf9a90966f56112c'), (b'X-AspNet-Version', b'4.0.30319'), (b'Request-Context', b'appId=cid-v1:d6e11e63-1bc8-4e56-a695-f7ad71758c42'), (b'Arr-Disable-Session-Affinity', b'true'), (b'Cache-Control', b'public, must-revalidate, max-age=3600, s-maxage=2592000'), (b'Date', b'Sat, 30 May 2026 12:46:47 GMT'), (b'Connection', b'keep-alive'), (b'Access-Control-Allow-Origin', b'*'), (b'X-Frame-Options', b'sameorigin'), (b'Referrer-Policy', b'same-origin'), (b'X-Content-Type-Options', b'nosniff'), (b'X-XSS-Protection', b'1; mode=block'), (b'Strict-Transport-Security', b'max-age=15768000 ; includeSubDomains'), (b'Akamai-GRN', b'0.dec41302.1780145207.425c83'), (b'Set-Cookie', b'_abck=E0546E38EA8D5125E0A3791D725BF42A~-1~YAAQ3sQTAonhc3eeAQAAwTfseA9La1OOPckiH6tJnTkW9M4X1sisFukThISOz4nbFs62C+lD/su4u8XYnknqYreIpiI15nebAB9eP9veAXkw2cOd/ZjOfb/kWxXFhuzrhXDddwknv/Otw00mqgjbrXGbbQj1PJcclgRCzZv1bj0IjpjVay437V9bMR1HzajhkenMoMN/5tPUMGkF/zUbZMbc88xbM97uGBFqszqCpZItuF/Eq8fFsgfP9sPFZQQqFVt5SU8NfhK3sgHUqCQquqR+79Zwxkt1Xjo9Kyi/W0QkJWlgWD0fKq9m97d1HKkkwlfup1VVayVh9GYMzH8OyOxHzW7uzeLo4Ft6W9tMBrP+KghzeOTJkZASyStktND2w4FUALfomLLQQhPTKbe+z+0qAyv9q4v9EcT6VAOMmbN3cWdI1AqrlfAlLhcpc3pbzzUoqEmH~-1~-1~-1~-1~-1; Domain=.fifa.com; Path=/; Expires=Sun, 30 May 2027 12:46:47 GMT; Max-Age=31536000; Secure'), (b'Set-Cookie', b'bm_sz=A84739136A6711538BFBE719E2E1E6CD~YAAQ3sQTAorhc3eeAQAAwTfseB+grdJFeISATsfNVZjxbAzpVF64QDi+TrcnBIPODGdVEDua0CN8pqRgWwJ5L4gZcOh36Gh2cgrkGrrx4dbnB8vfncQjavs9EUdalshOOWh/HbBk5H44ydQN1OBg0xkq6gOjQCGgO9HsJ5j+arADo+Rw96aiQ/tGsDiViMblMG2ZSb7VZvgzuZtswGVDgFway90dUxXWWKAb5KBQrjAaekms1KAueXNMGi+O8phDrJgcOcArmv7B8CVES5OrJjJaHs8zOAUGbPOS3zBEpKZStgvgGeeZ4B5TrLbFvjZGpE0Xs9UJgD3JSuIxcWx+GfWij+edkVOKKqBGE/o=~4277554~3749430; Domain=.fifa.com; Path=/; Expires=Sat, 30 May 2026 16:46:47 GMT; Max-Age=14400')])
2026-05-30 12:46:47.388 | INFO     | httpx._client:_send_single_request:1740 - HTTP Request: GET https://api.fifa.com/api/v3/picture/flags-sq-2/POR "HTTP/1.1 200 OK"
2026-05-30 12:46:47.387 | INFO     | httpx._client:_send_single_request:1740 - HTTP Request: GET https://api.fifa.com/api/v3/picture/flags-sq-2/NOR "HTTP/1.1 200 OK"
2026-05-30 12:46:47.388 | DEBUG    | httpcore._trace:atrace:87 - receive_response_body.started request=<Request [b'GET']>
2026-05-30 12:46:47.389 | DEBUG    | httpcore._trace:atrace:87 - receive_response_body.started request=<Request [b'GET']>
2026-05-30 12:46:47.388 | DEBUG    | httpcore._trace:atrace:87 - receive_response_body.complete
2026-05-30 12:46:47.390 | DEBUG    | httpcore._trace:atrace:87 - receive_response_body.complete
2026-05-30 12:46:47.390 | DEBUG    | httpcore._trace:atrace:87 - response_closed.started
2026-05-30 12:46:47.391 | DEBUG    | httpcore._trace:atrace:87 - response_closed.started
2026-05-30 12:46:47.392 | DEBUG    | httpcore._trace:atrace:87 - response_closed.complete
2026-05-30 12:46:47.392 | DEBUG    | httpcore._trace:atrace:87 - close.complete
2026-05-30 12:46:47.393 | DEBUG    | httpcore._trace:atrace:87 - response_closed.complete
2026-05-30 12:46:47.396 | DEBUG    | httpcore._trace:atrace:87 - close.started
2026-05-30 12:46:47.396 | DEBUG    | httpcore._trace:atrace:87 - close.started
2026-05-30 12:46:47.397 | DEBUG    | httpcore._trace:atrace:87 - close.complete
2026-05-30 12:46:47.398 | DEBUG    | httpcore._trace:atrace:87 - close.complete
2026-05-30 12:46:47.401 | INFO     | uvicorn.protocols.http.httptools_impl:send:484 - 172.19.0.1:58958 - "GET /api/v1/teams/flags/flags-sq-2/QAT HTTP/1.1" 200
2026-05-30 12:46:47.400 | INFO     | uvicorn.protocols.http.httptools_impl:send:484 - 172.19.0.1:58968 - "GET /api/v1/teams/flags/flags-sq-2/KSA HTTP/1.1" 200
2026-05-30 12:46:47.402 | INFO     | uvicorn.protocols.http.httptools_impl:send:484 - 172.19.0.1:58938 - "GET /api/v1/teams/flags/flags-sq-2/NOR HTTP/1.1" 200
2026-05-30 12:46:47.403 | INFO     | uvicorn.protocols.http.httptools_impl:send:484 - 172.19.0.1:58910 - "GET /api/v1/teams/flags/flags-sq-2/POR HTTP/1.1" 200
2026-05-30 12:46:47.410 | INFO     | app.api.v1.endpoints.teams:get_flag_proxy:77 - Flag not cached. Proxying from FIFA: https://api.fifa.com/api/v3/picture/flags-sq-2/RSA
2026-05-30 12:46:47.419 | INFO     | app.api.v1.endpoints.teams:get_flag_proxy:77 - Flag not cached. Proxying from FIFA: https://api.fifa.com/api/v3/picture/flags-sq-2/SUI
2026-05-30 12:46:47.440 | INFO     | app.api.v1.endpoints.teams:get_flag_proxy:77 - Flag not cached. Proxying from FIFA: https://api.fifa.com/api/v3/picture/flags-sq-2/SWE
2026-05-30 12:46:47.439 | DEBUG    | httpcore._trace:atrace:87 - connect_tcp.started host='api.fifa.com' port=443 local_address=None timeout=10.0 socket_options=None
2026-05-30 12:46:47.444 | INFO     | app.api.v1.endpoints.teams:get_flag_proxy:77 - Flag not cached. Proxying from FIFA: https://api.fifa.com/api/v3/picture/flags-sq-2/ESP
2026-05-30 12:46:47.465 | DEBUG    | httpcore._trace:atrace:87 - connect_tcp.started host='api.fifa.com' port=443 local_address=None timeout=10.0 socket_options=None
2026-05-30 12:46:47.467 | DEBUG    | httpcore._trace:atrace:87 - connect_tcp.started host='api.fifa.com' port=443 local_address=None timeout=10.0 socket_options=None
2026-05-30 12:46:47.470 | DEBUG    | httpcore._trace:atrace:87 - connect_tcp.complete return_value=<httpcore._backends.anyio.AnyIOStream object at 0x75d346de25d0>
2026-05-30 12:46:47.467 | DEBUG    | httpcore._trace:atrace:87 - connect_tcp.started host='api.fifa.com' port=443 local_address=None timeout=10.0 socket_options=None
2026-05-30 12:46:47.472 | DEBUG    | httpcore._trace:atrace:87 - start_tls.started ssl_context=<ssl.SSLContext object at 0x75d346aa83d0> server_hostname='api.fifa.com' timeout=10.0
2026-05-30 12:46:47.480 | DEBUG    | httpcore._trace:atrace:87 - connect_tcp.complete return_value=<httpcore._backends.anyio.AnyIOStream object at 0x7fd9978e5d60>
2026-05-30 12:46:47.481 | DEBUG    | httpcore._trace:atrace:87 - start_tls.started ssl_context=<ssl.SSLContext object at 0x7fd9942c3e50> server_hostname='api.fifa.com' timeout=10.0
2026-05-30 12:46:47.497 | DEBUG    | httpcore._trace:atrace:87 - connect_tcp.complete return_value=<httpcore._backends.anyio.AnyIOStream object at 0x75d346dbce60>
2026-05-30 12:46:47.498 | DEBUG    | httpcore._trace:atrace:87 - start_tls.started ssl_context=<ssl.SSLContext object at 0x75d346163bd0> server_hostname='api.fifa.com' timeout=10.0
2026-05-30 12:46:47.511 | DEBUG    | httpcore._trace:atrace:87 - start_tls.complete return_value=<httpcore._backends.anyio.AnyIOStream object at 0x75d347536ba0>
2026-05-30 12:46:47.513 | DEBUG    | httpcore._trace:atrace:87 - send_request_headers.started request=<Request [b'GET']>
2026-05-30 12:46:47.515 | DEBUG    | httpcore._trace:atrace:87 - send_request_headers.complete
2026-05-30 12:46:47.516 | DEBUG    | httpcore._trace:atrace:87 - connect_tcp.complete return_value=<httpcore._backends.anyio.AnyIOStream object at 0x7fd99433dd90>
2026-05-30 12:46:47.516 | DEBUG    | httpcore._trace:atrace:87 - start_tls.started ssl_context=<ssl.SSLContext object at 0x7fd9942c2d50> server_hostname='api.fifa.com' timeout=10.0
2026-05-30 12:46:47.517 | DEBUG    | httpcore._trace:atrace:87 - send_request_body.started request=<Request [b'GET']>
2026-05-30 12:46:47.519 | DEBUG    | httpcore._trace:atrace:87 - send_request_body.complete
2026-05-30 12:46:47.519 | DEBUG    | httpcore._trace:atrace:87 - receive_response_headers.started request=<Request [b'GET']>
2026-05-30 12:46:47.520 | DEBUG    | httpcore._trace:atrace:87 - connect_tcp.complete return_value=<httpcore._backends.anyio.AnyIOStream object at 0x75d3461818b0>
2026-05-30 12:46:47.521 | DEBUG    | httpcore._trace:atrace:87 - start_tls.started ssl_context=<ssl.SSLContext object at 0x75d34617fb50> server_hostname='api.fifa.com' timeout=10.0
2026-05-30 12:46:47.529 | DEBUG    | httpcore._trace:atrace:87 - start_tls.complete return_value=<httpcore._backends.anyio.AnyIOStream object at 0x7fd994c13ad0>
2026-05-30 12:46:47.531 | DEBUG    | httpcore._trace:atrace:87 - send_request_headers.started request=<Request [b'GET']>
2026-05-30 12:46:47.532 | DEBUG    | httpcore._trace:atrace:87 - send_request_headers.complete
2026-05-30 12:46:47.533 | DEBUG    | httpcore._trace:atrace:87 - send_request_body.started request=<Request [b'GET']>
2026-05-30 12:46:47.534 | DEBUG    | httpcore._trace:atrace:87 - send_request_body.complete
2026-05-30 12:46:47.534 | DEBUG    | httpcore._trace:atrace:87 - receive_response_headers.started request=<Request [b'GET']>
2026-05-30 12:46:47.539 | DEBUG    | httpcore._trace:atrace:87 - start_tls.complete return_value=<httpcore._backends.anyio.AnyIOStream object at 0x75d346dd5fd0>
2026-05-30 12:46:47.535 | DEBUG    | httpcore._trace:atrace:87 - connect_tcp.complete return_value=<httpcore._backends.anyio.AnyIOStream object at 0x7fd99433d3a0>
2026-05-30 12:46:47.535 | DEBUG    | httpcore._trace:atrace:87 - start_tls.started ssl_context=<ssl.SSLContext object at 0x7fd9942c2050> server_hostname='api.fifa.com' timeout=10.0
2026-05-30 12:46:47.542 | DEBUG    | httpcore._trace:atrace:87 - send_request_headers.started request=<Request [b'GET']>
2026-05-30 12:46:47.543 | DEBUG    | httpcore._trace:atrace:87 - send_request_headers.complete
2026-05-30 12:46:47.543 | DEBUG    | httpcore._trace:atrace:87 - send_request_body.started request=<Request [b'GET']>
2026-05-30 12:46:47.544 | DEBUG    | httpcore._trace:atrace:87 - send_request_body.complete
2026-05-30 12:46:47.544 | DEBUG    | httpcore._trace:atrace:87 - receive_response_headers.started request=<Request [b'GET']>
2026-05-30 12:46:47.557 | DEBUG    | httpcore._trace:atrace:87 - start_tls.complete return_value=<httpcore._backends.anyio.AnyIOStream object at 0x75d3461825d0>
2026-05-30 12:46:47.559 | DEBUG    | httpcore._trace:atrace:87 - start_tls.complete return_value=<httpcore._backends.anyio.AnyIOStream object at 0x7fd9942edf10>
2026-05-30 12:46:47.559 | DEBUG    | httpcore._trace:atrace:87 - send_request_headers.started request=<Request [b'GET']>
2026-05-30 12:46:47.560 | DEBUG    | httpcore._trace:atrace:87 - send_request_headers.started request=<Request [b'GET']>
2026-05-30 12:46:47.559 | DEBUG    | httpcore._trace:atrace:87 - send_request_headers.complete
2026-05-30 12:46:47.560 | DEBUG    | httpcore._trace:atrace:87 - send_request_body.started request=<Request [b'GET']>
2026-05-30 12:46:47.561 | DEBUG    | httpcore._trace:atrace:87 - send_request_headers.complete
2026-05-30 12:46:47.560 | DEBUG    | httpcore._trace:atrace:87 - send_request_body.complete
2026-05-30 12:46:47.563 | DEBUG    | httpcore._trace:atrace:87 - send_request_body.started request=<Request [b'GET']>
2026-05-30 12:46:47.560 | DEBUG    | httpcore._trace:atrace:87 - receive_response_headers.started request=<Request [b'GET']>
2026-05-30 12:46:47.564 | DEBUG    | httpcore._trace:atrace:87 - send_request_body.complete
2026-05-30 12:46:47.564 | DEBUG    | httpcore._trace:atrace:87 - receive_response_headers.started request=<Request [b'GET']>
2026-05-30 12:46:47.572 | DEBUG    | httpcore._trace:atrace:87 - receive_response_headers.complete return_value=(b'HTTP/1.1', 200, b'OK', [(b'Content-Length', b'2359'), (b'Content-Type', b'image/png'), (b'Access-Control-Expose-Headers', b'Request-Context'), (b'x-mdp-ck', b'**P**'), (b'x-mdp-rootactivityid', b'384a6809122843e59444419905e0ed96'), (b'X-AspNet-Version', b'4.0.30319'), (b'Request-Context', b'appId=cid-v1:d6e11e63-1bc8-4e56-a695-f7ad71758c42'), (b'Arr-Disable-Session-Affinity', b'true'), (b'Cache-Control', b'public, must-revalidate, max-age=3600, s-maxage=2592000'), (b'Date', b'Sat, 30 May 2026 12:46:47 GMT'), (b'Connection', b'keep-alive'), (b'Access-Control-Allow-Origin', b'*'), (b'X-Frame-Options', b'sameorigin'), (b'Referrer-Policy', b'same-origin'), (b'X-Content-Type-Options', b'nosniff'), (b'X-XSS-Protection', b'1; mode=block'), (b'Strict-Transport-Security', b'max-age=15768000 ; includeSubDomains'), (b'Akamai-GRN', b'0.dec41302.1780145207.425d0c'), (b'Set-Cookie', b'_abck=D228629180F7A60F394D875ED57F5A1C~-1~YAAQ3sQTAozhc3eeAQAAfzjseA+rHqTT6o9Hqlvr0Aw33OQ+RtRLVHJP/JwgelWnAcLBXrc1R/tVUmtGZMNoFEiOfIhOW9nPZUC8GhvsAncA4zxGd8DV1mDeX7VOTBMo5up8w3/Ac0dz1X/OAmZ+CUxLOdfb/zy59r6ssBaEFmSfFdvozNwBAWP57HeMqPiLW8INAR5GephVC7vGpAziWlAhZFk2wti4kIL0S0Ta7yL5jvVPjCvEFXYfDtxf+gSWJaRdm45kwJqcxErB/a547cs52v+Wex1rvPyGo5poBmLRM/AGCG0eHJxYp1rN4qRi30EYewhQ89lTJ+TYa47T5cwlAW0qElf9JQF9JjQ0K/zO+6WMsqJQc81Tm91GAkprYFhEMRuxKQ8QHtVxAaI6F/BrMKXeW3ohmxGhRVMIX8mv5XG9KEjPUQXlUBm58gcanMxIYL0j~-1~-1~-1~-1~-1; Domain=.fifa.com; Path=/; Expires=Sun, 30 May 2027 12:46:47 GMT; Max-Age=31536000; Secure'), (b'Set-Cookie', b'bm_sz=1D516BAA07C05AE048342C1A5CC02DFB~YAAQ3sQTAo3hc3eeAQAAfzjseB/oWvPK0yaQPMzRjYXekF0XiMI4frYHXtk/ATg8T+/uoZ5K3oYyFlJ5lyyfht3Z0YLqUjTAqDAoqtCNT8Thv5hp0kkpSfvrD+2cFsSjqRHCQxja7/odXCg+JoFBKYfzAApg6eoOhfQMQIAwOxXcRYTSNkSBO4ChScX6wR+uEQ3UbRRaDJ5AjQAaHmX/LyVhOyx8DgwKosNqTQnYx7HFea0Y6FjUBUA+RYPNalZZk7dr93euVnGd83RXxV00D8uHlfTtidcTQ0bkHmYCV+AfD+1DfQcSnL+CyQOGQNCebUtrvm46MNyxu/ohbvLJgT8eXTLdq3f5B0Z/Opo=~4277554~3749430; Domain=.fifa.com; Path=/; Expires=Sat, 30 May 2026 16:46:47 GMT; Max-Age=14400')])
2026-05-30 12:46:47.573 | INFO     | httpx._client:_send_single_request:1740 - HTTP Request: GET https://api.fifa.com/api/v3/picture/flags-sq-2/SEN "HTTP/1.1 200 OK"
2026-05-30 12:46:47.574 | DEBUG    | httpcore._trace:atrace:87 - receive_response_body.started request=<Request [b'GET']>
2026-05-30 12:46:47.575 | DEBUG    | httpcore._trace:atrace:87 - receive_response_body.complete
2026-05-30 12:46:47.577 | DEBUG    | httpcore._trace:atrace:87 - response_closed.started
2026-05-30 12:46:47.578 | DEBUG    | httpcore._trace:atrace:87 - response_closed.complete
2026-05-30 12:46:47.581 | DEBUG    | httpcore._trace:atrace:87 - close.started
2026-05-30 12:46:47.588 | DEBUG    | httpcore._trace:atrace:87 - close.complete
2026-05-30 12:46:47.588 | DEBUG    | httpcore._trace:atrace:87 - receive_response_headers.complete return_value=(b'HTTP/1.1', 200, b'OK', [(b'Content-Length', b'5056'), (b'Content-Type', b'image/png'), (b'Access-Control-Expose-Headers', b'Request-Context'), (b'x-mdp-ck', b'**P**'), (b'x-mdp-rootactivityid', b'e0abc3479d5e4c3f9fac1a1082d04445'), (b'X-AspNet-Version', b'4.0.30319'), (b'Request-Context', b'appId=cid-v1:d6e11e63-1bc8-4e56-a695-f7ad71758c42'), (b'Arr-Disable-Session-Affinity', b'true'), (b'Cache-Control', b'public, must-revalidate, max-age=3600, s-maxage=2592000'), (b'Date', b'Sat, 30 May 2026 12:46:47 GMT'), (b'Connection', b'keep-alive'), (b'Access-Control-Allow-Origin', b'*'), (b'X-Frame-Options', b'sameorigin'), (b'Referrer-Policy', b'same-origin'), (b'X-Content-Type-Options', b'nosniff'), (b'X-XSS-Protection', b'1; mode=block'), (b'Strict-Transport-Security', b'max-age=15768000 ; includeSubDomains'), (b'Akamai-GRN', b'0.dec41302.1780145207.425d0f'), (b'Set-Cookie', b'_abck=50133D195D1644831E4B737042219EA8~-1~YAAQ3sQTAo7hc3eeAQAAizjseA/m6Cl2MRWayCZtSKw4RMPyyWxTzVlXNuJTUChNQFOSQgz2WQn0ExS8dR6xf0VsHfOjLuzu3pPvOQDr/pC1t2XA57W33GLGJaHdW3o33MIfuWIvMe/DmXREm2ofJhX/kOEvUervbjl8JbkkiSUiJ8iLVBN4lfbz6wGXi/UXc1UKhQci8uAHgCXdOK/wEbab7BvtrF90Zyh086c7+2Z+Y6CfswQgER6V31jpF4XErtknYiDV1uB5Aq84kxTwyFqsxvLOoOjuepeCYB8mLjb2kptLMEcdT9yHB65p3skCi8FnzMmLbSmIg8FSxRGKgLCuSy05a8VFCyYV78HoUkLGe9OeeZAXiXxv7ZyB24QeYn92juLl9LZhMF56rY3cu+C8nzgDybiNpR56frTZyVKH+Yal6AfF9FkRF9rqpraW8BAUw5+l~-1~-1~-1~-1~-1; Domain=.fifa.com; Path=/; Expires=Sun, 30 May 2027 12:46:47 GMT; Max-Age=31536000; Secure'), (b'Set-Cookie', b'bm_sz=F6B8F86D597F7BD79FB842B82B644238~YAAQ3sQTAo/hc3eeAQAAizjseB+eFHXOV+tamnd0JBf01LDOmxQfEKJq9lDisYzh+b1YhQ7ih8fYPv0oPHWjUFeGQDCGLjPWSkuVoJEtad+D8FG+wqbnAM2yRMq8s1Hp1CDyTQk96KcblGxawUAGX0HVtZxEzsPxAiuaqg6vsYavEBUB6+LJt4b/4v6ntjPuJrDgYgxGbmKPyfBna1WLgB3pWqO/ZfeHvnp/14vpvYK45EK8N8IMdVxUr8NLk5JOEUb40nSNxemHBEZKga7fhopleIgeqfRm37YhNTV8b6w+Z0OQEKaml/6uc2e3wKFA3bt3z8eKZWAy1JI6A1MNMcbwCC0uRqoTw0FaF+A=~4277554~3749430; Domain=.fifa.com; Path=/; Expires=Sat, 30 May 2026 16:46:47 GMT; Max-Age=14400')])
2026-05-30 12:46:47.589 | DEBUG    | httpcore._trace:atrace:87 - start_tls.complete return_value=<httpcore._backends.anyio.AnyIOStream object at 0x7fd994eeeab0>
2026-05-30 12:46:47.591 | INFO     | httpx._client:_send_single_request:1740 - HTTP Request: GET https://api.fifa.com/api/v3/picture/flags-sq-2/RSA "HTTP/1.1 200 OK"
2026-05-30 12:46:47.592 | DEBUG    | httpcore._trace:atrace:87 - receive_response_body.started request=<Request [b'GET']>
2026-05-30 12:46:47.591 | DEBUG    | httpcore._trace:atrace:87 - send_request_headers.started request=<Request [b'GET']>
2026-05-30 12:46:47.593 | DEBUG    | httpcore._trace:atrace:87 - receive_response_body.complete
2026-05-30 12:46:47.592 | DEBUG    | httpcore._trace:atrace:87 - send_request_headers.complete
2026-05-30 12:46:47.595 | DEBUG    | httpcore._trace:atrace:87 - response_closed.started
2026-05-30 12:46:47.593 | DEBUG    | httpcore._trace:atrace:87 - send_request_body.started request=<Request [b'GET']>
2026-05-30 12:46:47.594 | DEBUG    | httpcore._trace:atrace:87 - send_request_body.complete
2026-05-30 12:46:47.594 | DEBUG    | httpcore._trace:atrace:87 - receive_response_headers.started request=<Request [b'GET']>
2026-05-30 12:46:47.597 | DEBUG    | httpcore._trace:atrace:87 - response_closed.complete
2026-05-30 12:46:47.596 | INFO     | uvicorn.protocols.http.httptools_impl:send:484 - 172.19.0.1:58962 - "GET /api/v1/teams/flags/flags-sq-2/SEN HTTP/1.1" 200
2026-05-30 12:46:47.603 | INFO     | app.api.v1.endpoints.teams:get_flag_proxy:77 - Flag not cached. Proxying from FIFA: https://api.fifa.com/api/v3/picture/flags-sq-2/TUN
2026-05-30 12:46:47.603 | DEBUG    | httpcore._trace:atrace:87 - close.started
2026-05-30 12:46:47.606 | DEBUG    | httpcore._trace:atrace:87 - close.complete
2026-05-30 12:46:47.613 | DEBUG    | httpcore._trace:atrace:87 - receive_response_headers.complete return_value=(b'HTTP/1.1', 200, b'OK', [(b'Content-Length', b'3395'), (b'Content-Type', b'image/png'), (b'Access-Control-Expose-Headers', b'Request-Context'), (b'x-mdp-ck', b'**P**'), (b'x-mdp-rootactivityid', b'fc44bba18de142f0a89ee1a5150c572f'), (b'X-AspNet-Version', b'4.0.30319'), (b'Request-Context', b'appId=cid-v1:d6e11e63-1bc8-4e56-a695-f7ad71758c42'), (b'Arr-Disable-Session-Affinity', b'true'), (b'Cache-Control', b'public, must-revalidate, max-age=3600, s-maxage=2592000'), (b'Date', b'Sat, 30 May 2026 12:46:47 GMT'), (b'Connection', b'keep-alive'), (b'Access-Control-Allow-Origin', b'*'), (b'X-Frame-Options', b'sameorigin'), (b'Referrer-Policy', b'same-origin'), (b'X-Content-Type-Options', b'nosniff'), (b'X-XSS-Protection', b'1; mode=block'), (b'Strict-Transport-Security', b'max-age=15768000 ; includeSubDomains'), (b'Akamai-GRN', b'0.d5c41302.1780145207.18406633'), (b'Set-Cookie', b'_abck=4DB47C1B4E09CDC21C8BF818EA676289~-1~YAAQ1cQTAjTpKECeAQAAnDjseA86wJvb482zcVryD6EPJfoqhNZxoWGuGYxPK8ktpsLUHk/ueKT+ENjX8SOk13tj19/PZg0gegTojJeNygY5XdhH6nUL5S5aYhxjwRl8xLVJRRQ9DvywseWOxjrSBspHiSymJ9QCXSoIB4cwowQpOk9OSsSFkFbbbjqQAVacEYE5SZUJnB2eTO2FmG1ySXuFsMb5S3moohFlGwmaIK/Bc7XP1YTmI+7emN7amJCIzx2rXSnX8M98tCr+02czw35unDucqhSdULDoeNEr+sYx1wMNhhwy+ObI3Veb567xGaYpUvSK5ioZ5u2Ydq4YtVhPRVRV4ygRCLyDyXcgBkhGD9BbiRIQE4BpcbzIhm79LoROofx7nesmy35SsF3KWvDXswD1ZbVYmb9rTzoaOUGDnivs3umcLA5tZHYmuCY54RCuX6uM~-1~-1~-1~-1~-1; Domain=.fifa.com; Path=/; Expires=Sun, 30 May 2027 12:46:47 GMT; Max-Age=31536000; Secure'), (b'Set-Cookie', b'bm_sz=EFCEA594C6CFFE19D18640A472889A4A~YAAQ1cQTAjXpKECeAQAAnDjseB/hDFIhXck6YDR1bc/Wp0FKc0u6aKnCXVqqIjx4F7BcM/naqV37xzSLOhD1yQTKqRu1SIh4q4lQj3fmW+d3oqL/okf2aBOV0T8Kdz4OyfJjwUNa4HBWdaFMYl34coDg2skEbG3NWefzDYOo292uaEwDyjfdY7qtQPi3UW0AVW50Vwg11+Ulxk9dxhUFkNA6i/dp2vI+W6K8FABNhdZlEP1IGhEE34W/M6H4MXDjFPZ+pQ0+dhFRyYDF9GbplMJ2e5zw+w9+NbAljN4lMZDzsj6jwkimHIq8loaCuungQu3GVVl0sedNydLWIAVRbSdv/y474FiVH+94fZY=~4277554~3749430; Domain=.fifa.com; Path=/; Expires=Sat, 30 May 2026 16:46:47 GMT; Max-Age=14400')])
2026-05-30 12:46:47.616 | INFO     | httpx._client:_send_single_request:1740 - HTTP Request: GET https://api.fifa.com/api/v3/picture/flags-sq-2/ESP "HTTP/1.1 200 OK"
2026-05-30 12:46:47.617 | DEBUG    | httpcore._trace:atrace:87 - receive_response_body.started request=<Request [b'GET']>
2026-05-30 12:46:47.619 | DEBUG    | httpcore._trace:atrace:87 - receive_response_body.complete
2026-05-30 12:46:47.621 | DEBUG    | httpcore._trace:atrace:87 - response_closed.started
2026-05-30 12:46:47.622 | DEBUG    | httpcore._trace:atrace:87 - response_closed.complete
2026-05-30 12:46:47.624 | DEBUG    | httpcore._trace:atrace:87 - close.started
2026-05-30 12:46:47.625 | DEBUG    | httpcore._trace:atrace:87 - receive_response_headers.complete return_value=(b'HTTP/1.1', 200, b'OK', [(b'Content-Length', b'6637'), (b'Content-Type', b'image/png'), (b'Access-Control-Expose-Headers', b'Request-Context'), (b'x-mdp-ck', b'**P**'), (b'x-mdp-rootactivityid', b'411b9745e9e849029065bbd3fb5c2d5e'), (b'X-AspNet-Version', b'4.0.30319'), (b'Request-Context', b'appId=cid-v1:d6e11e63-1bc8-4e56-a695-f7ad71758c42'), (b'Arr-Disable-Session-Affinity', b'true'), (b'Cache-Control', b'public, must-revalidate, max-age=3600, s-maxage=2592000'), (b'Date', b'Sat, 30 May 2026 12:46:47 GMT'), (b'Connection', b'keep-alive'), (b'Access-Control-Allow-Origin', b'*'), (b'X-Frame-Options', b'sameorigin'), (b'Referrer-Policy', b'same-origin'), (b'X-Content-Type-Options', b'nosniff'), (b'X-XSS-Protection', b'1; mode=block'), (b'Strict-Transport-Security', b'max-age=15768000 ; includeSubDomains'), (b'Akamai-GRN', b'0.dec41302.1780145207.425d03'), (b'Set-Cookie', b'_abck=2C2132C40A05949A532D753F83249812~-1~YAAQ3sQTApDhc3eeAQAAozjseA8aw3UxURZbhikghwoz1SuiYmJpsoVaVkHtjl6vZUS9lNqhim4QzVmyYBBwGv1XN936cdUcNg+jgjH3f/ANoWyIL2Xqjs6QK/SqVAYh0N9KGnrlIR3Qvdc80eyi8AQOqammZUSFuWT5SjGeNHR+z5842L1MXO4/Kb690yLvGGtWVpZHjewMfVqHtvXfDdB5TGCSZGJgjwM5q9iwi3rx4kYEG9j9LUCnXPEW+cbHi7ToYT9KlYR/SO8Z8JG9RSGSBR06T4RowOjkKnr01jQczfAhlcx71Q0Uu6L9rWmr1LHcNfXW4UAzChpq3w6Qxtf/mjJHmTzET+51SLiAvX2A7lRhDFmNBN9bb5I5CGRilHEhyCqtoeMSpPutClzTAY5cVGcM7LGqntQsc4681cdmgqX9Jykj1EVP5QHRjkWjHhkiQbh3~-1~-1~-1~-1~-1; Domain=.fifa.com; Path=/; Expires=Sun, 30 May 2027 12:46:47 GMT; Max-Age=31536000; Secure'), (b'Set-Cookie', b'bm_sz=D2330A151677554F41BAD5ACF840B4BB~YAAQ3sQTApHhc3eeAQAAozjseB9YzVpw5mQkcASZrpTbFjETYnrlkG8it8hKDZTBVOtvZhEggZxdUQA/l3hCnbfhQZQxpAYVpYLiC29fWhD96KZHeyhYAHL6giaiYgs50Qg0KRD/jdw1VLPa5nlWPNbpACP+CqUJyDw7ca4q3KPuRp9gpFPONjMF48UAExgJf0BdaSavl7Mg/dJO1lJwbbkjueovcTishgidefzpYKOM+sxC2Hg6EP28c6xiBnZHNAchJk5CXMm9LSQjKDDYZAQsnStWGL6oXLWJEPZ9wHcTx8qZwUTdq24IxczbuUjnDb3h7EBLlqMaI8VCjB1zAPpP3cdtBRPyHonRbr8=~4277554~3749430; Domain=.fifa.com; Path=/; Expires=Sat, 30 May 2026 16:46:47 GMT; Max-Age=14400')])
2026-05-30 12:46:47.626 | INFO     | httpx._client:_send_single_request:1740 - HTTP Request: GET https://api.fifa.com/api/v3/picture/flags-sq-2/SCO "HTTP/1.1 200 OK"
2026-05-30 12:46:47.626 | DEBUG    | httpcore._trace:atrace:87 - receive_response_body.started request=<Request [b'GET']>
2026-05-30 12:46:47.630 | DEBUG    | httpcore._trace:atrace:87 - receive_response_body.complete
2026-05-30 12:46:47.632 | DEBUG    | httpcore._trace:atrace:87 - response_closed.started
2026-05-30 12:46:47.636 | DEBUG    | httpcore._trace:atrace:87 - connect_tcp.started host='api.fifa.com' port=443 local_address=None timeout=10.0 socket_options=None
2026-05-30 12:46:47.636 | DEBUG    | httpcore._trace:atrace:87 - close.complete
2026-05-30 12:46:47.640 | DEBUG    | httpcore._trace:atrace:87 - receive_response_headers.complete return_value=(b'HTTP/1.1', 200, b'OK', [(b'Content-Length', b'3336'), (b'Content-Type', b'image/png'), (b'Access-Control-Expose-Headers', b'Request-Context'), (b'x-mdp-ck', b'**P**'), (b'x-mdp-rootactivityid', b'6c5e2f5cbddd430282b55e14177a2c53'), (b'X-AspNet-Version', b'4.0.30319'), (b'Request-Context', b'appId=cid-v1:d6e11e63-1bc8-4e56-a695-f7ad71758c42'), (b'Arr-Disable-Session-Affinity', b'true'), (b'Cache-Control', b'public, must-revalidate, max-age=3600, s-maxage=2592000'), (b'Date', b'Sat, 30 May 2026 12:46:47 GMT'), (b'Connection', b'keep-alive'), (b'Access-Control-Allow-Origin', b'*'), (b'X-Frame-Options', b'sameorigin'), (b'Referrer-Policy', b'same-origin'), (b'X-Content-Type-Options', b'nosniff'), (b'X-XSS-Protection', b'1; mode=block'), (b'Strict-Transport-Security', b'max-age=15768000 ; includeSubDomains'), (b'Akamai-GRN', b'0.d5c41302.1780145207.18406634'), (b'Set-Cookie', b'_abck=F68AF4864AB6592ADA8F689A02ECB297~-1~YAAQ1cQTAjfpKECeAQAAqDjseA9bwOO2rq1jxULv43BHvMhJCRJdMgiFxNMtWnYN17GZjA0/NP6NpduoduXpPdJ3X2XLDzrEi9lpMjyb6OU/v0hqJqcAXB49zpFqM09epb08in16KDnNu1bBhPHuV1ZnVGfnJXz2Mye5Ey3CyzRqtDsimrXg8vzhEe3TZm5DapPjY26yn6g8SmqX2YG6F1me/N2nWF5hzsW5ILcz3OFLn9Fx6LCgyLWxQZplnpGGSJO/dT3qHQPquko60+6j0SNM8Ckxm/1ogdgbwHxM/KSbzeCTh4+yjfl2hAHeq8fk6pOdOs5EiF+mLMcIhHYR3TVQpVkEvOx73ttTU8lmZFGp/WMmFOp0uMFTgDXRQ1vRi/EGymo+TV0FJ74OPxJKTNc1CH7zvwk0K9e+r3CHW4dIy7SLwAXTj1P5reZiVaUhBg6j9w3c~-1~-1~-1~-1~-1; Domain=.fifa.com; Path=/; Expires=Sun, 30 May 2027 12:46:47 GMT; Max-Age=31536000; Secure'), (b'Set-Cookie', b'bm_sz=1B8A3DBC4C2A1658D4B90D8DEFA79B17~YAAQ1cQTAjjpKECeAQAAqDjseB9eJqkt73BjThZcC1ttvY+xOukMwgsqXvi3pGEaH+yKZD3w1wXoEXFiOFLgGn9R2wisujjuo+uWgDFoJ/seV0lt9Bh29HJ5xNYv+hjpS6FG5tK1HCe80E87etRdzWxiSlgA3IUuPQdbd5SL8yPYMiG/OFdg+h10X0RW5ug/OSbbRSNVqu8cF3C43FZcEfrNc9W1l/clXLX+uxJz3FY0s4KO/SZIX8YxSzvgFX40Tghp5vu/ML9Wcv1I/npP14VsshbjDC7r93QQ5LsRiJZ67iv7EbyYIxOBv0qB6eAvn4bQhluWCNxNaySC43YFi/2wSwWClkSE8DTSvUM=~4277554~3749430; Domain=.fifa.com; Path=/; Expires=Sat, 30 May 2026 16:46:47 GMT; Max-Age=14400')])
2026-05-30 12:46:47.638 | DEBUG    | httpcore._trace:atrace:87 - response_closed.complete
2026-05-30 12:46:47.643 | DEBUG    | httpcore._trace:atrace:87 - close.started
2026-05-30 12:46:47.641 | INFO     | httpx._client:_send_single_request:1740 - HTTP Request: GET https://api.fifa.com/api/v3/picture/flags-sq-2/SUI "HTTP/1.1 200 OK"
2026-05-30 12:46:47.643 | DEBUG    | httpcore._trace:atrace:87 - receive_response_body.started request=<Request [b'GET']>
2026-05-30 12:46:47.644 | DEBUG    | httpcore._trace:atrace:87 - close.complete
2026-05-30 12:46:47.644 | DEBUG    | httpcore._trace:atrace:87 - receive_response_body.complete
2026-05-30 12:46:47.645 | INFO     | uvicorn.protocols.http.httptools_impl:send:484 - 172.19.0.1:58938 - "GET /api/v1/teams/flags/flags-sq-2/RSA HTTP/1.1" 200
2026-05-30 12:46:47.645 | DEBUG    | httpcore._trace:atrace:87 - response_closed.started
2026-05-30 12:46:47.651 | INFO     | uvicorn.protocols.http.httptools_impl:send:484 - 172.19.0.1:58968 - "GET /api/v1/teams/flags/flags-sq-2/ESP HTTP/1.1" 200
2026-05-30 12:46:47.651 | DEBUG    | httpcore._trace:atrace:87 - receive_response_headers.complete return_value=(b'HTTP/1.1', 200, b'OK', [(b'Content-Length', b'2002'), (b'Content-Type', b'image/png'), (b'Access-Control-Expose-Headers', b'Request-Context'), (b'x-mdp-ck', b'**P**'), (b'x-mdp-rootactivityid', b'984b42ca34b747199eea0ce29906c193'), (b'X-AspNet-Version', b'4.0.30319'), (b'Request-Context', b'appId=cid-v1:d6e11e63-1bc8-4e56-a695-f7ad71758c42'), (b'Arr-Disable-Session-Affinity', b'true'), (b'Cache-Control', b'public, must-revalidate, max-age=3600, s-maxage=2592000'), (b'Date', b'Sat, 30 May 2026 12:46:47 GMT'), (b'Connection', b'keep-alive'), (b'Access-Control-Allow-Origin', b'*'), (b'X-Frame-Options', b'sameorigin'), (b'Referrer-Policy', b'same-origin'), (b'X-Content-Type-Options', b'nosniff'), (b'X-XSS-Protection', b'1; mode=block'), (b'Strict-Transport-Security', b'max-age=15768000 ; includeSubDomains'), (b'Akamai-GRN', b'0.d5c41302.1780145207.18406642'), (b'Set-Cookie', b'_abck=3C9A5383DE383FCE4B4C8BB0B9ED9B4B~-1~YAAQ1cQTAjnpKECeAQAAuzjseA8JkIYhn1pHKaU3NWZlN4A2k5jGktSEpxNxo1JWfIlaaJCVIfTlkoWr3qwlcAhpx8ik3stzOgQ0puARu5sPD6xTKR7/JExtlz5Yxh2MaiFI8wJOhCoDefp8J3e4pcCbzPzBavs6jiYyjeBM+OESiL5L1ZhuFDPiWYECM3QGaPHmlX1XmBWgs7mmlbwee26v/Be0Bidkt8UdxfBeYSzTmxfvzhfnl19VZPnJYmFi8rV5JMJL4rFIkMmRpiPe+tOUQrzNCbO9fRUUvZ0rWLnkXUZfDJuHQi5JqzQM0ciAutvyvhdqiEzYtX2xM5boT2atWfnYbu5BB1yKgr/Pd+n+3xeUhIbH8rWX2N82xkv1YV0dz/YFLRR45fUILA/s1ZPWKx7xH/OoiWBbqRL+wd/yv77JoW8yMWy7RPii592vOHT87Jn2~-1~-1~-1~-1~-1; Domain=.fifa.com; Path=/; Expires=Sun, 30 May 2027 12:46:47 GMT; Max-Age=31536000; Secure'), (b'Set-Cookie', b'bm_sz=744BF68174D09A518ADF2A6F20B9B74A~YAAQ1cQTAjrpKECeAQAAuzjseB/g1Ti2SIIfI75l4RC+DfY+Bus+s90IGaJkP8Q3UVSbCvdULbwlmfk0hHr6Kdn0VXiCinMmi6mH0ylcjYL6jHk/2fTGlu1S1WPH5h7QxeQWbD8hj3cViXw4mXb/Nara5raWf5IqBlUud3zCWEiRP44VHIj7+gUMEuNgYBeLeu1+fp7dibcXx7YvSyCENMPfW3Fci1558FqKn6Z3ifjGNCxGyQBUDNOC7+QjSG9wMKgxKmv8fiM3RqqxqUqsgBV8orSf5UOqUbcuvk7hRzdpSIYqQ15ikBJ20vT+8svALFa50Sg1fJYMN6pLJlepmUQvNcpU0zh0CUFgAdk=~4277554~3749430; Domain=.fifa.com; Path=/; Expires=Sat, 30 May 2026 16:46:47 GMT; Max-Age=14400')])
2026-05-30 12:46:47.652 | INFO     | httpx._client:_send_single_request:1740 - HTTP Request: GET https://api.fifa.com/api/v3/picture/flags-sq-2/SWE "HTTP/1.1 200 OK"
2026-05-30 12:46:47.654 | DEBUG    | httpcore._trace:atrace:87 - receive_response_body.started request=<Request [b'GET']>
2026-05-30 12:46:47.655 | DEBUG    | httpcore._trace:atrace:87 - receive_response_body.complete
2026-05-30 12:46:47.656 | DEBUG    | httpcore._trace:atrace:87 - response_closed.started
2026-05-30 12:46:47.655 | INFO     | uvicorn.protocols.http.httptools_impl:send:484 - 172.19.0.1:58948 - "GET /api/v1/teams/flags/flags-sq-2/SCO HTTP/1.1" 200
2026-05-30 12:46:47.657 | DEBUG    | httpcore._trace:atrace:87 - response_closed.complete
2026-05-30 12:46:47.660 | DEBUG    | httpcore._trace:atrace:87 - close.started
2026-05-30 12:46:47.660 | DEBUG    | httpcore._trace:atrace:87 - response_closed.complete
2026-05-30 12:46:47.662 | INFO     | app.api.v1.endpoints.teams:get_flag_proxy:77 - Flag not cached. Proxying from FIFA: https://api.fifa.com/api/v3/picture/flags-sq-2/TUR
2026-05-30 12:46:47.663 | DEBUG    | httpcore._trace:atrace:87 - close.started
2026-05-30 12:46:47.669 | DEBUG    | httpcore._trace:atrace:87 - close.complete
2026-05-30 12:46:47.671 | DEBUG    | httpcore._trace:atrace:87 - close.complete
2026-05-30 12:46:47.677 | INFO     | uvicorn.protocols.http.httptools_impl:send:484 - 172.19.0.1:58958 - "GET /api/v1/teams/flags/flags-sq-2/SWE HTTP/1.1" 200
2026-05-30 12:46:47.684 | INFO     | uvicorn.protocols.http.httptools_impl:send:484 - 172.19.0.1:58910 - "GET /api/v1/teams/flags/flags-sq-2/SUI HTTP/1.1" 200
2026-05-30 12:46:47.697 | DEBUG    | httpcore._trace:atrace:87 - connect_tcp.started host='api.fifa.com' port=443 local_address=None timeout=10.0 socket_options=None
2026-05-30 12:46:47.701 | INFO     | app.api.v1.endpoints.teams:get_flag_proxy:77 - Flag not cached. Proxying from FIFA: https://api.fifa.com/api/v3/picture/flags-sq-2/URU
2026-05-30 12:46:47.709 | DEBUG    | httpcore._trace:atrace:87 - connect_tcp.complete return_value=<httpcore._backends.anyio.AnyIOStream object at 0x7fd99433e360>
2026-05-30 12:46:47.712 | DEBUG    | httpcore._trace:atrace:87 - start_tls.started ssl_context=<ssl.SSLContext object at 0x7fd9942c05d0> server_hostname='api.fifa.com' timeout=10.0
2026-05-30 12:46:47.729 | INFO     | app.api.v1.endpoints.teams:get_flag_proxy:77 - Flag not cached. Proxying from FIFA: https://api.fifa.com/api/v3/picture/flags-sq-2/UZB
2026-05-30 12:46:47.746 | DEBUG    | httpcore._trace:atrace:87 - connect_tcp.started host='api.fifa.com' port=443 local_address=None timeout=10.0 socket_options=None
2026-05-30 12:46:47.747 | DEBUG    | httpcore._trace:atrace:87 - connect_tcp.started host='api.fifa.com' port=443 local_address=None timeout=10.0 socket_options=None
2026-05-30 12:46:47.760 | DEBUG    | httpcore._trace:atrace:87 - start_tls.complete return_value=<httpcore._backends.anyio.AnyIOStream object at 0x7fd99433fd10>
2026-05-30 12:46:47.765 | DEBUG    | httpcore._trace:atrace:87 - send_request_headers.started request=<Request [b'GET']>
2026-05-30 12:46:47.767 | DEBUG    | httpcore._trace:atrace:87 - send_request_headers.complete
2026-05-30 12:46:47.769 | DEBUG    | httpcore._trace:atrace:87 - send_request_body.started request=<Request [b'GET']>
2026-05-30 12:46:47.769 | DEBUG    | httpcore._trace:atrace:87 - send_request_body.complete
2026-05-30 12:46:47.769 | DEBUG    | httpcore._trace:atrace:87 - receive_response_headers.started request=<Request [b'GET']>
2026-05-30 12:46:47.784 | DEBUG    | httpcore._trace:atrace:87 - connect_tcp.complete return_value=<httpcore._backends.anyio.AnyIOStream object at 0x75d346dde420>
2026-05-30 12:46:47.785 | DEBUG    | httpcore._trace:atrace:87 - start_tls.started ssl_context=<ssl.SSLContext object at 0x75d34617f7d0> server_hostname='api.fifa.com' timeout=10.0
2026-05-30 12:46:47.808 | DEBUG    | httpcore._trace:atrace:87 - connect_tcp.complete return_value=<httpcore._backends.anyio.AnyIOStream object at 0x75d346af9490>
2026-05-30 12:46:47.809 | DEBUG    | httpcore._trace:atrace:87 - start_tls.started ssl_context=<ssl.SSLContext object at 0x75d3461d9150> server_hostname='api.fifa.com' timeout=10.0
2026-05-30 12:46:47.810 | DEBUG    | httpcore._trace:atrace:87 - connect_tcp.complete return_value=<httpcore._backends.anyio.AnyIOStream object at 0x75d346af91f0>
2026-05-30 12:46:47.811 | DEBUG    | httpcore._trace:atrace:87 - start_tls.started ssl_context=<ssl.SSLContext object at 0x75d34617ead0> server_hostname='api.fifa.com' timeout=10.0
2026-05-30 12:46:47.816 | DEBUG    | httpcore._trace:atrace:87 - receive_response_headers.complete return_value=(b'HTTP/1.1', 200, b'OK', [(b'Content-Length', b'3811'), (b'Content-Type', b'image/png'), (b'Access-Control-Expose-Headers', b'Request-Context'), (b'x-mdp-ck', b'**P**'), (b'x-mdp-rootactivityid', b'bc841528ccef4e0e8f50614fecfd06ce'), (b'X-AspNet-Version', b'4.0.30319'), (b'Request-Context', b'appId=cid-v1:d6e11e63-1bc8-4e56-a695-f7ad71758c42'), (b'Arr-Disable-Session-Affinity', b'true'), (b'Cache-Control', b'public, must-revalidate, max-age=3600, s-maxage=2592000'), (b'Date', b'Sat, 30 May 2026 12:46:47 GMT'), (b'Connection', b'keep-alive'), (b'Access-Control-Allow-Origin', b'*'), (b'X-Frame-Options', b'sameorigin'), (b'Referrer-Policy', b'same-origin'), (b'X-Content-Type-Options', b'nosniff'), (b'X-XSS-Protection', b'1; mode=block'), (b'Strict-Transport-Security', b'max-age=15768000 ; includeSubDomains'), (b'Akamai-GRN', b'0.dec41302.1780145207.425ddd'), (b'Set-Cookie', b'_abck=F271FB6367BE821B5F7C15FB338EB10C~-1~YAAQ3sQTApbhc3eeAQAAcznseA8Idpe2RvBUqdQRlUtbtLgkQ3bOcgm7pJStHlVZUJRgT+/27Z9gpXxC1AMu8V7U1iF+FuxDFaKUme7N9oZRZcrvW0SHpjMxoXJsWZjFpHi4y/Q96I0nQV1bEFc0XQn0egrtsD1w//FzL97IZQvJzaSN5HebALuKRVM4+sLBx9r/m+0pHWQtJayiPBFbnlkTzHKP3RRC2h/l774sFi94w7Esvi7MWBEo9DOevW1wLzRUn0PIIf78lCYKnYaqzLlzKGqLXOzj0Q7yZTI6aj0kflC9xODVpRHJe9riMDxXiZdubzUOlWvH+TPiSa3neyeNdyV74LYubZ3oj9i7N28gd000Fu2AGE2gonTXs55vHrJXelCcK14LzB4iuwZCTncyWoTxD0nKewH7oJg5vswrgRJSWq0PfeXzv58C77FoQBGant2i~-1~-1~-1~-1~-1; Domain=.fifa.com; Path=/; Expires=Sun, 30 May 2027 12:46:47 GMT; Max-Age=31536000; Secure'), (b'Set-Cookie', b'bm_sz=7AC3A364CF181BAF58E70495424506D7~YAAQ3sQTApfhc3eeAQAAcznseB8akgOj31yinpwL69/b90xYU7SY8siH5i3URR6PjDJX98FOOKAg7rRDP/UTCLq11XvlSLEGVGPAm0SdaPH4BTnrJtSVYrj2ieQR/JBd5yFHjQhNcV3rJy/LaoKQ6AHHuVs7AE/515u8ElaFgBzDyobrTRQNoi8reSr/zA8b71pRza2SelV1jv2KIo3PWBb1/YPFvJqn0x4a9outqQrcSWqbbwaQrKtsWeSJRV+Bys40K9Aa95RQy+i9jRPzzZjmYTGU2iozgRp5D8hmU2CTVlTK3GrtaZ3RI8PYHxD3Pb3Pj7Mw9OMGsL+h2x0z1BeKWVHGYQDc6rsHUV0=~4277554~3749430; Domain=.fifa.com; Path=/; Expires=Sat, 30 May 2026 16:46:47 GMT; Max-Age=14400')])
2026-05-30 12:46:47.818 | INFO     | httpx._client:_send_single_request:1740 - HTTP Request: GET https://api.fifa.com/api/v3/picture/flags-sq-2/TUN "HTTP/1.1 200 OK"
2026-05-30 12:46:47.825 | DEBUG    | httpcore._trace:atrace:87 - receive_response_body.started request=<Request [b'GET']>
2026-05-30 12:46:47.824 | DEBUG    | httpcore._trace:atrace:87 - start_tls.complete return_value=<httpcore._backends.anyio.AnyIOStream object at 0x75d347017440>
2026-05-30 12:46:47.825 | DEBUG    | httpcore._trace:atrace:87 - send_request_headers.started request=<Request [b'GET']>
2026-05-30 12:46:47.827 | DEBUG    | httpcore._trace:atrace:87 - send_request_headers.complete
2026-05-30 12:46:47.826 | DEBUG    | httpcore._trace:atrace:87 - receive_response_body.complete
2026-05-30 12:46:47.829 | DEBUG    | httpcore._trace:atrace:87 - send_request_body.started request=<Request [b'GET']>
2026-05-30 12:46:47.828 | DEBUG    | httpcore._trace:atrace:87 - response_closed.started
2026-05-30 12:46:47.830 | DEBUG    | httpcore._trace:atrace:87 - send_request_body.complete
2026-05-30 12:46:47.830 | DEBUG    | httpcore._trace:atrace:87 - receive_response_headers.started request=<Request [b'GET']>
2026-05-30 12:46:47.829 | DEBUG    | httpcore._trace:atrace:87 - response_closed.complete
2026-05-30 12:46:47.831 | DEBUG    | httpcore._trace:atrace:87 - close.started
2026-05-30 12:46:47.834 | DEBUG    | httpcore._trace:atrace:87 - close.complete
2026-05-30 12:46:47.836 | INFO     | uvicorn.protocols.http.httptools_impl:send:484 - 172.19.0.1:58962 - "GET /api/v1/teams/flags/flags-sq-2/TUN HTTP/1.1" 200
2026-05-30 12:46:47.854 | DEBUG    | httpcore._trace:atrace:87 - start_tls.complete return_value=<httpcore._backends.anyio.AnyIOStream object at 0x75d346afb980>
2026-05-30 12:46:47.860 | DEBUG    | httpcore._trace:atrace:87 - send_request_headers.started request=<Request [b'GET']>
2026-05-30 12:46:47.862 | DEBUG    | httpcore._trace:atrace:87 - start_tls.complete return_value=<httpcore._backends.anyio.AnyIOStream object at 0x75d346af8f80>
2026-05-30 12:46:47.869 | DEBUG    | httpcore._trace:atrace:87 - send_request_headers.complete
2026-05-30 12:46:47.870 | DEBUG    | httpcore._trace:atrace:87 - send_request_body.started request=<Request [b'GET']>
2026-05-30 12:46:47.871 | DEBUG    | httpcore._trace:atrace:87 - send_request_body.complete
2026-05-30 12:46:47.871 | DEBUG    | httpcore._trace:atrace:87 - receive_response_headers.started request=<Request [b'GET']>
2026-05-30 12:46:47.873 | DEBUG    | httpcore._trace:atrace:87 - send_request_headers.started request=<Request [b'GET']>
2026-05-30 12:46:47.874 | DEBUG    | httpcore._trace:atrace:87 - receive_response_headers.complete return_value=(b'HTTP/1.1', 200, b'OK', [(b'Content-Length', b'3776'), (b'Content-Type', b'image/png'), (b'Access-Control-Expose-Headers', b'Request-Context'), (b'x-mdp-ck', b'**P**'), (b'x-mdp-rootactivityid', b'98234d40791045398776961d066cb402'), (b'X-AspNet-Version', b'4.0.30319'), (b'Request-Context', b'appId=cid-v1:d6e11e63-1bc8-4e56-a695-f7ad71758c42'), (b'Arr-Disable-Session-Affinity', b'true'), (b'Cache-Control', b'public, must-revalidate, max-age=3600, s-maxage=2592000'), (b'Date', b'Sat, 30 May 2026 12:46:47 GMT'), (b'Connection', b'keep-alive'), (b'Access-Control-Allow-Origin', b'*'), (b'X-Frame-Options', b'sameorigin'), (b'Referrer-Policy', b'same-origin'), (b'X-Content-Type-Options', b'nosniff'), (b'X-XSS-Protection', b'1; mode=block'), (b'Strict-Transport-Security', b'max-age=15768000 ; includeSubDomains'), (b'Akamai-GRN', b'0.d5c41302.1780145207.184066b1'), (b'Set-Cookie', b'_abck=D348592F737CBFCB899A25610956DA85~-1~YAAQ1cQTAjzpKECeAQAApjnseA+T//3vm7Hsx9DYeavo/jDM+wl/TYcNx2mQGTDWzVyB2v94vrhowFV4Fu9ZlJWoXLm7qUV/VAp2+fQiw/NxrdBlrKE2utWTRMub73Zi3ce8tcj+MghqXV6lYW7C6WhLQ3PEoPXkUpKKxCgMGpcv5ro3hl1BY7GGo81QxFk3BRGb8el3Bz5LjLoT+KJaITbu4eocme8fxbmLPB9OpXxlTP4n6Ift6k+LuCqlJPu8g1SdskDKdIkWBGDpKzxSxIGKsLKzM7MVGse1JqNYSrJMlPJOmkg4LkHZZ5MZ+KWunir8fkG/E+BT8DQX9amF6jUlBkFBncAHNcV1TsgdyWPOuQqJhJmHtXEUoPU0iuw+D0Y0F8wOSSJQpmjRJ+hS0b1Y2M7bft6oAKeikX6PTak4qCWYKwjkT9Qe9Oapz2mVsBAiBtvk~-1~-1~-1~-1~-1; Domain=.fifa.com; Path=/; Expires=Sun, 30 May 2027 12:46:47 GMT; Max-Age=31536000; Secure'), (b'Set-Cookie', b'bm_sz=A95E76EECE44C6B79F96DA7FA63107DA~YAAQ1cQTAj3pKECeAQAApjnseB9iqdERNb5nGNP9sEdpvyziQOkIWs0T+cXYTnr0WSRmoUxMnSQLmNcOrUZi5kJq5snkgDw++KLYF6RIfnWcVyygAc6yt3YTLACiBXCGp7WNT7639COcWE1aEg7dkIJKCGPudsU7dJPiVa8fb2+FbU7XorDfrnob/6PyMt3/DE3z60XIufjoz2miTd8oXIYfpegOauRqeZTuwMXYiTRQmQ2cHsfiA1WaOZkl6vio2PZXuEiLDTqP+Lr3FXl5L4IRi3rPCigMBqIOezeZPK4h7lJTLnPCovojZMPgZCev2AfLsCgImdQFPY6tfdpzynijvstIW4d227yEBi0=~4277554~3749430; Domain=.fifa.com; Path=/; Expires=Sat, 30 May 2026 16:46:47 GMT; Max-Age=14400')])
2026-05-30 12:46:47.876 | INFO     | httpx._client:_send_single_request:1740 - HTTP Request: GET https://api.fifa.com/api/v3/picture/flags-sq-2/TUR "HTTP/1.1 200 OK"
2026-05-30 12:46:47.877 | DEBUG    | httpcore._trace:atrace:87 - receive_response_body.started request=<Request [b'GET']>
2026-05-30 12:46:47.878 | DEBUG    | httpcore._trace:atrace:87 - receive_response_body.complete
2026-05-30 12:46:47.880 | DEBUG    | httpcore._trace:atrace:87 - response_closed.started
2026-05-30 12:46:47.881 | DEBUG    | httpcore._trace:atrace:87 - send_request_headers.complete
2026-05-30 12:46:47.882 | DEBUG    | httpcore._trace:atrace:87 - send_request_body.started request=<Request [b'GET']>
2026-05-30 12:46:47.882 | DEBUG    | httpcore._trace:atrace:87 - send_request_body.complete
2026-05-30 12:46:47.884 | DEBUG    | httpcore._trace:atrace:87 - receive_response_headers.started request=<Request [b'GET']>
2026-05-30 12:46:47.886 | DEBUG    | httpcore._trace:atrace:87 - response_closed.complete
2026-05-30 12:46:47.888 | DEBUG    | httpcore._trace:atrace:87 - close.started
2026-05-30 12:46:47.889 | DEBUG    | httpcore._trace:atrace:87 - close.complete
2026-05-30 12:46:47.892 | INFO     | uvicorn.protocols.http.httptools_impl:send:484 - 172.19.0.1:58938 - "GET /api/v1/teams/flags/flags-sq-2/TUR HTTP/1.1" 200
2026-05-30 12:46:47.908 | DEBUG    | httpcore._trace:atrace:87 - receive_response_headers.complete return_value=(b'HTTP/1.1', 200, b'OK', [(b'Content-Length', b'2418'), (b'Content-Type', b'image/png'), (b'Access-Control-Expose-Headers', b'Request-Context'), (b'x-mdp-ck', b'**P**'), (b'x-mdp-rootactivityid', b'38d0efa6759441b0a1245d8a55279850'), (b'X-AspNet-Version', b'4.0.30319'), (b'Request-Context', b'appId=cid-v1:d6e11e63-1bc8-4e56-a695-f7ad71758c42'), (b'Arr-Disable-Session-Affinity', b'true'), (b'Cache-Control', b'public, must-revalidate, max-age=3600, s-maxage=2592000'), (b'Date', b'Sat, 30 May 2026 12:46:47 GMT'), (b'Connection', b'keep-alive'), (b'Access-Control-Allow-Origin', b'*'), (b'X-Frame-Options', b'sameorigin'), (b'Referrer-Policy', b'same-origin'), (b'X-Content-Type-Options', b'nosniff'), (b'X-XSS-Protection', b'1; mode=block'), (b'Strict-Transport-Security', b'max-age=15768000 ; includeSubDomains'), (b'Akamai-GRN', b'0.d5c41302.1780145207.184066c2'), (b'Set-Cookie', b'_abck=7993B2A35B3C620F4A36BD7CB472504B~-1~YAAQ1cQTAj7pKECeAQAAzznseA81xl9EmHb86ARR9cjIUV5W9NBPkRxzrKaiXIA/DRr1UMNzgH69ZGJCDWfbYFi2qIYq0Am/9jIdv5nyT3lD4EZA5iHhCtTNlYt9V/0/3tUtR9wcY7LAw037G5i1bqPtQSfiqLGfSU5I0KyVY+5rkzTQ9MMY9yv2ml51jzUDxsFg2oxRtoOGFRja5I7dVkRzD5MhJIc9ZA5xODkCH5+Y2sO1w46qTlu0H1gwhKvNC/Ky6PBaWHvECgzzWJsVN2yXOB910QGyY4DZiKlEUlXKSqeNhJv85+dssvqKhZpDpL7FoU6kLFhg/tptdO4MK8x9n2nzidOXNazpLGghS/AsMKRS3OwERUO8y8c1Bnmft4TQM/euf9wHF2APzwSJ+xpYANXrSW1smPgBuOO+zIJMRl/agtlhpCI9fEva99f5fVArdVe8~-1~-1~-1~-1~-1; Domain=.fifa.com; Path=/; Expires=Sun, 30 May 2027 12:46:47 GMT; Max-Age=31536000; Secure'), (b'Set-Cookie', b'bm_sz=D343516678992023DBE4908190D9C17A~YAAQ1cQTAj/pKECeAQAAzznseB/OkuIyqTSg2HT6X8CeFZ4puSxrcqFIjQOM8Cw7Ec3HUKAPsmQ5K7wk6FzZb/t+4gi1Tqdvs+iwnAHcPXkenV6uptweSEAyWdVCHYneBX5T3HAaBK9DESqJUM5KRtuFOJAxC1jC5bV8FohOskUKZnRGFXhmfkS1F0pkDozFQ9smTTcB9Hloy3fgI2MqVq6V2A3BIWvDp7757weOq02bbaI9w3SVkcZV0PkbR04tSmWvYcD5jNkrAUPe1Y6SJXnLr7+xxbcxn7va24WtFXCjbNFCzdUaUGPrV+HvGAjpFhVX4yi/2NWaSXth5dKUDhWmHROQ9Da/uo9fI6U=~4277554~3749430; Domain=.fifa.com; Path=/; Expires=Sat, 30 May 2026 16:46:47 GMT; Max-Age=14400')])
2026-05-30 12:46:47.909 | INFO     | httpx._client:_send_single_request:1740 - HTTP Request: GET https://api.fifa.com/api/v3/picture/flags-sq-2/UZB "HTTP/1.1 200 OK"
2026-05-30 12:46:47.910 | DEBUG    | httpcore._trace:atrace:87 - receive_response_body.started request=<Request [b'GET']>
2026-05-30 12:46:47.912 | DEBUG    | httpcore._trace:atrace:87 - receive_response_body.complete
2026-05-30 12:46:47.913 | DEBUG    | httpcore._trace:atrace:87 - response_closed.started
2026-05-30 12:46:47.914 | DEBUG    | httpcore._trace:atrace:87 - response_closed.complete
2026-05-30 12:46:47.917 | DEBUG    | httpcore._trace:atrace:87 - close.started
2026-05-30 12:46:47.918 | DEBUG    | httpcore._trace:atrace:87 - close.complete
2026-05-30 12:46:47.920 | DEBUG    | httpcore._trace:atrace:87 - receive_response_headers.complete return_value=(b'HTTP/1.1', 200, b'OK', [(b'Content-Length', b'3334'), (b'Content-Type', b'image/png'), (b'Access-Control-Expose-Headers', b'Request-Context'), (b'x-mdp-ck', b'**P**'), (b'x-mdp-rootactivityid', b'89c5bd930c8a404c9af795db4c908b5b'), (b'X-AspNet-Version', b'4.0.30319'), (b'Request-Context', b'appId=cid-v1:d6e11e63-1bc8-4e56-a695-f7ad71758c42'), (b'Arr-Disable-Session-Affinity', b'true'), (b'Cache-Control', b'public, must-revalidate, max-age=3600, s-maxage=2592000'), (b'Date', b'Sat, 30 May 2026 12:46:47 GMT'), (b'Connection', b'keep-alive'), (b'Access-Control-Allow-Origin', b'*'), (b'X-Frame-Options', b'sameorigin'), (b'Referrer-Policy', b'same-origin'), (b'X-Content-Type-Options', b'nosniff'), (b'X-XSS-Protection', b'1; mode=block'), (b'Strict-Transport-Security', b'max-age=15768000 ; includeSubDomains'), (b'Akamai-GRN', b'0.d5c41302.1780145207.184066ca'), (b'Set-Cookie', b'_abck=340F659388D3E2AF43CA1F44CB35BC91~-1~YAAQ1cQTAkDpKECeAQAA3DnseA/VE96C/M+texd+jvHlUqFXMcgCb7S5gJVc6ce+2e8tsdPx2Lfu/j2mbKFh1QWRaAclUjEkDMliPSjENKnGmsc+BnMVwZVpmHlYDbz4BnCkSxImqCeTHkw+P57FhirAittSrWT8cTwK46udM/OL1iiKlsEsVlIxTszXUO/+KOKTk0B82trsDFo6Lfs8lVAqVaMUWBnrMC+41b5vHkifyMH28L7uUsPWtKZXVo9UjjUTnAaricseq+WfWXeZHht3QcMJHl2htJkygjgA3MM5HDrALhxHpOZGR5xTNPRWGa7BGUOOcdVhKFyvvMb43uQMOBmrOyveDhVNgHkLlQoa/2wLN7J1tZ3vrsZaRO1zkrIV+SoybNaofoSe4sDBG4VcQhS5lpTJVgZbneq8WT/4UyhSFhSnksjGiPBBP18BEFc+Y++u~-1~-1~-1~-1~-1; Domain=.fifa.com; Path=/; Expires=Sun, 30 May 2027 12:46:47 GMT; Max-Age=31536000; Secure'), (b'Set-Cookie', b'bm_sz=D3C8CB1E0E3A685860D29F58C41B303E~YAAQ1cQTAkHpKECeAQAA3DnseB88ArPL89yXeR1CzC8dwlg3iJyq66/a0MLrfiNto1BY2OQZZYRh/tigEuij+2J9IxVfQQlHkwItnwYuE3eVNkwO7obJxRdrydcdPDZKyuDBW6oLmDvwj31R7q0uIHaVeITs5Zrl5lugMp8oe/8lEr7gQOD2s1DGKr/xRihNnaVLPU7k3HD8lhLxblB+fJQZ7mqKvp/HkPw9cZ1WRYgpaKrMggnv8ZZrOZIHs8WxNDRRtPIViV/vEqYoAvpXQ6FdD0lGPEmdcUtP69RdnNltHa/yQrPQPsTIYyoRswY8YWL6NjVzlMEG2IooUrj7m+3ETRfJ0lPtyD4Xs5M=~4277554~3749430; Domain=.fifa.com; Path=/; Expires=Sat, 30 May 2026 16:46:47 GMT; Max-Age=14400')])
2026-05-30 12:46:47.921 | INFO     | httpx._client:_send_single_request:1740 - HTTP Request: GET https://api.fifa.com/api/v3/picture/flags-sq-2/URU "HTTP/1.1 200 OK"
2026-05-30 12:46:47.922 | DEBUG    | httpcore._trace:atrace:87 - receive_response_body.started request=<Request [b'GET']>
2026-05-30 12:46:47.923 | DEBUG    | httpcore._trace:atrace:87 - receive_response_body.complete
2026-05-30 12:46:47.926 | DEBUG    | httpcore._trace:atrace:87 - response_closed.started
2026-05-30 12:46:47.927 | DEBUG    | httpcore._trace:atrace:87 - response_closed.complete
2026-05-30 12:46:47.931 | DEBUG    | httpcore._trace:atrace:87 - close.started
2026-05-30 12:46:47.931 | DEBUG    | httpcore._trace:atrace:87 - close.complete
2026-05-30 12:46:47.932 | INFO     | uvicorn.protocols.http.httptools_impl:send:484 - 172.19.0.1:58948 - "GET /api/v1/teams/flags/flags-sq-2/UZB HTTP/1.1" 200
2026-05-30 12:46:47.937 | INFO     | uvicorn.protocols.http.httptools_impl:send:484 - 172.19.0.1:58968 - "GET /api/v1/teams/flags/flags-sq-2/URU HTTP/1.1" 200
2026-05-30 12:46:52.666 | INFO     | app.services.get_squads:fetch_world_cup_squads:22 - FIFA takımları puan durumu verileri yerel önbellek dosyasından okunuyor (API isteği yapılmadı): app/data/squads.json
2026-05-30 12:46:52.685 | INFO     | app.services.get_rounds:fetch_world_cup_rounds:22 - FIFA fikstür verileri yerel önbellek dosyasından okunuyor (API isteği yapılmadı): app/data/rounds.json
2026-05-30 12:46:52.695 | INFO     | uvicorn.protocols.http.httptools_impl:send:484 - 172.19.0.1:33012 - "GET /api/v1/rounds HTTP/1.1" 200
2026-05-30 12:46:52.671 | INFO     | uvicorn.protocols.http.httptools_impl:send:484 - 172.19.0.1:33002 - "GET /api/v1/squads HTTP/1.1" 200
2026-05-30 12:46:52.673 | INFO     | app.services.get_teams:fetch_world_cup_participants:22 - FIFA verileri yerel önbellek dosyasından okunuyor (API isteği yapılmadı): app/data/fifa_data.json
2026-05-30 12:46:52.691 | INFO     | uvicorn.protocols.http.httptools_impl:send:484 - 172.19.0.1:33008 - "GET /api/v1/teams HTTP/1.1" 200
2026-05-30 12:46:52.707 | INFO     | app.services.get_rounds:fetch_world_cup_rounds:22 - FIFA fikstür verileri yerel önbellek dosyasından okunuyor (API isteği yapılmadı): app/data/rounds.json
2026-05-30 12:46:52.693 | INFO     | app.services.get_squads:fetch_world_cup_squads:22 - FIFA takımları puan durumu verileri yerel önbellek dosyasından okunuyor (API isteği yapılmadı): app/data/squads.json
2026-05-30 12:46:52.717 | INFO     | uvicorn.protocols.http.httptools_impl:send:484 - 172.19.0.1:33012 - "GET /api/v1/rounds HTTP/1.1" 200
2026-05-30 12:46:52.698 | INFO     | uvicorn.protocols.http.httptools_impl:send:484 - 172.19.0.1:33002 - "GET /api/v1/squads HTTP/1.1" 200
2026-05-30 12:46:52.702 | INFO     | app.services.get_teams:fetch_world_cup_participants:22 - FIFA verileri yerel önbellek dosyasından okunuyor (API isteği yapılmadı): app/data/fifa_data.json
2026-05-30 12:46:52.721 | INFO     | app.services.get_elo:get_elo_fixtures:482 - ELO Fixtures yüklendi: 72 Dünya Kupası maçı
2026-05-30 12:46:52.716 | INFO     | uvicorn.protocols.http.httptools_impl:send:484 - 172.19.0.1:33008 - "GET /api/v1/teams HTTP/1.1" 200
2026-05-30 12:46:52.728 | INFO     | uvicorn.protocols.http.httptools_impl:send:484 - 172.19.0.1:33052 - "GET /api/v1/elo/fixtures HTTP/1.1" 200
2026-05-30 12:46:52.720 | INFO     | app.services.get_elo:get_elo_ratings:228 - ELO Ratings yüklendi: 48 takım
2026-05-30 12:46:52.731 | INFO     | uvicorn.protocols.http.httptools_impl:send:484 - 172.19.0.1:33044 - "GET /api/v1/elo/ratings HTTP/1.1" 200
2026-05-30 12:46:52.732 | INFO     | uvicorn.protocols.http.httptools_impl:send:484 - 172.19.0.1:33028 - "GET /api/v1/winners HTTP/1.1" 200
2026-05-30 12:46:52.736 | INFO     | app.services.get_elo:get_elo_fixtures:482 - ELO Fixtures yüklendi: 72 Dünya Kupası maçı
2026-05-30 12:46:52.742 | INFO     | uvicorn.protocols.http.httptools_impl:send:484 - 172.19.0.1:33002 - "GET /api/v1/elo/fixtures HTTP/1.1" 200
2026-05-30 12:46:52.747 | INFO     | uvicorn.protocols.http.httptools_impl:send:484 - 172.19.0.1:33008 - "GET /api/v1/elo/team/HR/form HTTP/1.1" 200
2026-05-30 12:46:52.741 | INFO     | app.services.get_elo:get_elo_ratings:228 - ELO Ratings yüklendi: 48 takım
2026-05-30 12:46:52.749 | INFO     | uvicorn.protocols.http.httptools_impl:send:484 - 172.19.0.1:33044 - "GET /api/v1/winners HTTP/1.1" 200
2026-05-30 12:46:52.752 | INFO     | uvicorn.protocols.http.httptools_impl:send:484 - 172.19.0.1:33052 - "GET /api/v1/elo/ratings HTTP/1.1" 200
2026-05-30 12:46:52.761 | INFO     | uvicorn.protocols.http.httptools_impl:send:484 - 172.19.0.1:33052 - "GET /api/v1/elo/team/HR/form HTTP/1.1" 200
2026-05-30 12:47:08.115 | INFO     | app.services.get_teams:fetch_world_cup_participants:22 - FIFA verileri yerel önbellek dosyasından okunuyor (API isteği yapılmadı): app/data/fifa_data.json
2026-05-30 12:47:08.126 | INFO     | uvicorn.protocols.http.httptools_impl:send:484 - 172.19.0.1:56262 - "GET /api/v1/winners HTTP/1.1" 200
2026-05-30 12:47:08.140 | INFO     | uvicorn.protocols.http.httptools_impl:send:484 - 172.19.0.1:56262 - "GET /api/v1/winners HTTP/1.1" 200
2026-05-30 12:47:08.146 | INFO     | uvicorn.protocols.http.httptools_impl:send:484 - 172.19.0.1:56274 - "GET /api/v1/teams HTTP/1.1" 200
2026-05-30 12:47:08.150 | INFO     | app.services.get_teams:fetch_world_cup_participants:22 - FIFA verileri yerel önbellek dosyasından okunuyor (API isteği yapılmadı): app/data/fifa_data.json
2026-05-30 12:47:08.167 | INFO     | uvicorn.protocols.http.httptools_impl:send:484 - 172.19.0.1:56262 - "GET /api/v1/teams HTTP/1.1" 200
2026-05-30 12:47:08.211 | INFO     | uvicorn.protocols.http.httptools_impl:send:484 - 172.19.0.1:56276 - "GET /api/v1/teams/flags/flags-sq-1/BRA HTTP/1.1" 200
2026-05-30 12:47:08.213 | INFO     | uvicorn.protocols.http.httptools_impl:send:484 - 172.19.0.1:56284 - "GET /api/v1/teams/flags/flags-sq-1/ARG HTTP/1.1" 200
2026-05-30 12:47:08.219 | INFO     | uvicorn.protocols.http.httptools_impl:send:484 - 172.19.0.1:56300 - "GET /api/v1/teams/flags/flags-sq-1/FRA HTTP/1.1" 200
2026-05-30 12:47:08.225 | INFO     | uvicorn.protocols.http.httptools_impl:send:484 - 172.19.0.1:56302 - "GET /api/v1/teams/flags/flags-sq-1/URU HTTP/1.1" 200
2026-05-30 12:47:08.227 | INFO     | uvicorn.protocols.http.httptools_impl:send:484 - 172.19.0.1:56306 - "GET /api/v1/teams/flags/flags-sq-1/ESP HTTP/1.1" 200
2026-05-30 12:47:08.225 | INFO     | uvicorn.protocols.http.httptools_impl:send:484 - 172.19.0.1:56286 - "GET /api/v1/teams/flags/flags-sq-1/GER HTTP/1.1" 200
2026-05-30 12:47:08.231 | INFO     | uvicorn.protocols.http.httptools_impl:send:484 - 172.19.0.1:56284 - "GET /api/v1/teams/flags/flags-sq-1/ENG HTTP/1.1" 200
2026-05-30 12:50:59.167 | INFO     | app.services.get_teams:fetch_world_cup_participants:22 - FIFA verileri yerel önbellek dosyasından okunuyor (API isteği yapılmadı): app/data/fifa_data.json
2026-05-30 12:50:59.175 | INFO     | uvicorn.protocols.http.httptools_impl:send:484 - 172.19.0.1:58500 - "GET /api/v1/teams HTTP/1.1" 200
2026-05-30 12:50:59.179 | INFO     | app.services.get_squads:fetch_world_cup_squads:22 - FIFA takımları puan durumu verileri yerel önbellek dosyasından okunuyor (API isteği yapılmadı): app/data/squads.json
2026-05-30 12:50:59.187 | INFO     | uvicorn.protocols.http.httptools_impl:send:484 - 172.19.0.1:58506 - "GET /api/v1/squads HTTP/1.1" 200
2026-05-30 12:50:59.198 | INFO     | app.services.get_rounds:fetch_world_cup_rounds:22 - FIFA fikstür verileri yerel önbellek dosyasından okunuyor (API isteği yapılmadı): app/data/rounds.json
2026-05-30 12:50:59.206 | INFO     | uvicorn.protocols.http.httptools_impl:send:484 - 172.19.0.1:58516 - "GET /api/v1/rounds HTTP/1.1" 200
2026-05-30 12:50:59.230 | INFO     | app.services.get_elo:get_elo_fixtures:482 - ELO Fixtures yüklendi: 72 Dünya Kupası maçı
2026-05-30 12:50:59.237 | INFO     | uvicorn.protocols.http.httptools_impl:send:484 - 172.19.0.1:58526 - "GET /api/v1/elo/fixtures HTTP/1.1" 200
2026-05-30 12:50:59.235 | INFO     | app.services.get_elo:get_elo_ratings:228 - ELO Ratings yüklendi: 48 takım
2026-05-30 12:50:59.244 | INFO     | uvicorn.protocols.http.httptools_impl:send:484 - 172.19.0.1:58554 - "GET /api/v1/elo/ratings HTTP/1.1" 200
2026-05-30 12:50:59.247 | INFO     | uvicorn.protocols.http.httptools_impl:send:484 - 172.19.0.1:58520 - "GET /api/v1/winners HTTP/1.1" 200
2026-05-30 12:50:59.250 | INFO     | uvicorn.protocols.http.httptools_impl:send:484 - 172.19.0.1:58540 - "GET /api/v1/teams/flags/flags-sq-2/CRO HTTP/1.1" 200
2026-05-30 12:50:59.266 | INFO     | uvicorn.protocols.http.httptools_impl:send:484 - 172.19.0.1:58520 - "GET /api/v1/elo/team/DE/form HTTP/1.1" 200
2026-05-30 12:50:59.271 | INFO     | uvicorn.protocols.http.httptools_impl:send:484 - 172.19.0.1:58540 - "GET /api/v1/teams/flags/flags-sq-2/GER HTTP/1.1" 200
2026-05-30 12:51:07.438 | INFO     | app.services.get_teams:fetch_world_cup_participants:22 - FIFA verileri yerel önbellek dosyasından okunuyor (API isteği yapılmadı): app/data/fifa_data.json
2026-05-30 12:51:07.451 | INFO     | uvicorn.protocols.http.httptools_impl:send:484 - 172.19.0.1:58048 - "GET /api/v1/teams HTTP/1.1" 200
2026-05-30 12:51:07.456 | INFO     | app.services.get_elo:get_elo_fixtures:482 - ELO Fixtures yüklendi: 72 Dünya Kupası maçı
2026-05-30 12:51:07.454 | INFO     | app.services.get_squads:fetch_world_cup_squads:22 - FIFA takımları puan durumu verileri yerel önbellek dosyasından okunuyor (API isteği yapılmadı): app/data/squads.json
2026-05-30 12:51:07.471 | INFO     | uvicorn.protocols.http.httptools_impl:send:484 - 172.19.0.1:58072 - "GET /api/v1/elo/fixtures HTTP/1.1" 200
2026-05-30 12:51:07.477 | INFO     | app.services.get_elo:get_elo_ratings:228 - ELO Ratings yüklendi: 48 takım
2026-05-30 12:51:07.460 | INFO     | uvicorn.protocols.http.httptools_impl:send:484 - 172.19.0.1:58050 - "GET /api/v1/squads HTTP/1.1" 200
2026-05-30 12:51:07.461 | INFO     | app.services.get_rounds:fetch_world_cup_rounds:22 - FIFA fikstür verileri yerel önbellek dosyasından okunuyor (API isteği yapılmadı): app/data/rounds.json
2026-05-30 12:51:07.481 | INFO     | uvicorn.protocols.http.httptools_impl:send:484 - 172.19.0.1:58066 - "GET /api/v1/rounds HTTP/1.1" 200
2026-05-30 12:51:07.485 | INFO     | uvicorn.protocols.http.httptools_impl:send:484 - 172.19.0.1:58076 - "GET /api/v1/winners HTTP/1.1" 200
2026-05-30 12:51:07.490 | INFO     | uvicorn.protocols.http.httptools_impl:send:484 - 172.19.0.1:58078 - "GET /api/v1/elo/ratings HTTP/1.1" 200
2026-05-30 12:51:07.506 | INFO     | uvicorn.protocols.http.httptools_impl:send:484 - 172.19.0.1:58078 - "GET /api/v1/elo/team/UY/form HTTP/1.1" 200
2026-05-30 12:51:07.515 | INFO     | uvicorn.protocols.http.httptools_impl:send:484 - 172.19.0.1:58094 - "GET /api/v1/teams/flags/flags-sq-2/URU HTTP/1.1" 200
2026-05-30 12:51:13.190 | INFO     | app.services.get_teams:fetch_world_cup_participants:22 - FIFA verileri yerel önbellek dosyasından okunuyor (API isteği yapılmadı): app/data/fifa_data.json
2026-05-30 12:51:13.194 | INFO     | app.services.get_squads:fetch_world_cup_squads:22 - FIFA takımları puan durumu verileri yerel önbellek dosyasından okunuyor (API isteği yapılmadı): app/data/squads.json
2026-05-30 12:51:13.202 | INFO     | uvicorn.protocols.http.httptools_impl:send:484 - 172.19.0.1:58114 - "GET /api/v1/squads HTTP/1.1" 200
2026-05-30 12:51:13.204 | INFO     | app.services.get_rounds:fetch_world_cup_rounds:22 - FIFA fikstür verileri yerel önbellek dosyasından okunuyor (API isteği yapılmadı): app/data/rounds.json
2026-05-30 12:51:13.204 | INFO     | uvicorn.protocols.http.httptools_impl:send:484 - 172.19.0.1:58110 - "GET /api/v1/teams HTTP/1.1" 200
2026-05-30 12:51:13.210 | INFO     | app.services.get_elo:get_elo_ratings:228 - ELO Ratings yüklendi: 48 takım
2026-05-30 12:51:13.213 | INFO     | uvicorn.protocols.http.httptools_impl:send:484 - 172.19.0.1:58116 - "GET /api/v1/rounds HTTP/1.1" 200
2026-05-30 12:51:13.218 | INFO     | uvicorn.protocols.http.httptools_impl:send:484 - 172.19.0.1:58124 - "GET /api/v1/winners HTTP/1.1" 200
2026-05-30 12:51:13.221 | INFO     | uvicorn.protocols.http.httptools_impl:send:484 - 172.19.0.1:58128 - "GET /api/v1/elo/ratings HTTP/1.1" 200
2026-05-30 12:51:13.225 | INFO     | app.services.get_elo:get_elo_fixtures:482 - ELO Fixtures yüklendi: 72 Dünya Kupası maçı
2026-05-30 12:51:13.230 | INFO     | uvicorn.protocols.http.httptools_impl:send:484 - 172.19.0.1:58140 - "GET /api/v1/elo/fixtures HTTP/1.1" 200
2026-05-30 12:51:13.238 | INFO     | uvicorn.protocols.http.httptools_impl:send:484 - 172.19.0.1:58140 - "GET /api/v1/elo/team/EN/form HTTP/1.1" 200
2026-05-30 12:51:13.245 | INFO     | uvicorn.protocols.http.httptools_impl:send:484 - 172.19.0.1:58152 - "GET /api/v1/teams/flags/flags-sq-2/ENG HTTP/1.1" 200
2026-05-30 12:51:16.141 | INFO     | app.services.get_teams:fetch_world_cup_participants:22 - FIFA verileri yerel önbellek dosyasından okunuyor (API isteği yapılmadı): app/data/fifa_data.json
2026-05-30 12:51:16.142 | INFO     | app.services.get_rounds:fetch_world_cup_rounds:22 - FIFA fikstür verileri yerel önbellek dosyasından okunuyor (API isteği yapılmadı): app/data/rounds.json
2026-05-30 12:51:16.150 | INFO     | uvicorn.protocols.http.httptools_impl:send:484 - 172.19.0.1:58140 - "GET /api/v1/teams HTTP/1.1" 200
2026-05-30 12:51:16.151 | INFO     | app.services.get_squads:fetch_world_cup_squads:22 - FIFA takımları puan durumu verileri yerel önbellek dosyasından okunuyor (API isteği yapılmadı): app/data/squads.json
2026-05-30 12:51:16.152 | INFO     | uvicorn.protocols.http.httptools_impl:send:484 - 172.19.0.1:58124 - "GET /api/v1/rounds HTTP/1.1" 200
2026-05-30 12:51:16.160 | INFO     | uvicorn.protocols.http.httptools_impl:send:484 - 172.19.0.1:58128 - "GET /api/v1/squads HTTP/1.1" 200
2026-05-30 12:51:16.157 | INFO     | app.services.get_elo:get_elo_fixtures:482 - ELO Fixtures yüklendi: 72 Dünya Kupası maçı
2026-05-30 12:51:16.167 | INFO     | app.services.get_elo:get_elo_ratings:228 - ELO Ratings yüklendi: 48 takım
2026-05-30 12:51:16.175 | INFO     | uvicorn.protocols.http.httptools_impl:send:484 - 172.19.0.1:58114 - "GET /api/v1/elo/fixtures HTTP/1.1" 200
2026-05-30 12:51:16.178 | INFO     | uvicorn.protocols.http.httptools_impl:send:484 - 172.19.0.1:58116 - "GET /api/v1/winners HTTP/1.1" 200
2026-05-30 12:51:16.185 | INFO     | uvicorn.protocols.http.httptools_impl:send:484 - 172.19.0.1:58110 - "GET /api/v1/elo/ratings HTTP/1.1" 200
2026-05-30 12:51:16.195 | INFO     | uvicorn.protocols.http.httptools_impl:send:484 - 172.19.0.1:58110 - "GET /api/v1/elo/team/UY/form HTTP/1.1" 200
2026-05-30 12:51:18.855 | INFO     | app.services.get_squads:fetch_world_cup_squads:22 - FIFA takımları puan durumu verileri yerel önbellek dosyasından okunuyor (API isteği yapılmadı): app/data/squads.json
2026-05-30 12:51:18.855 | INFO     | app.services.get_teams:fetch_world_cup_participants:22 - FIFA verileri yerel önbellek dosyasından okunuyor (API isteği yapılmadı): app/data/fifa_data.json
2026-05-30 12:51:18.861 | INFO     | uvicorn.protocols.http.httptools_impl:send:484 - 172.19.0.1:58116 - "GET /api/v1/squads HTTP/1.1" 200
2026-05-30 12:51:18.863 | INFO     | app.services.get_rounds:fetch_world_cup_rounds:22 - FIFA fikstür verileri yerel önbellek dosyasından okunuyor (API isteği yapılmadı): app/data/rounds.json
2026-05-30 12:51:18.865 | INFO     | uvicorn.protocols.http.httptools_impl:send:484 - 172.19.0.1:58110 - "GET /api/v1/teams HTTP/1.1" 200
2026-05-30 12:51:18.872 | INFO     | uvicorn.protocols.http.httptools_impl:send:484 - 172.19.0.1:58114 - "GET /api/v1/rounds HTTP/1.1" 200
2026-05-30 12:51:18.875 | INFO     | app.services.get_elo:get_elo_fixtures:482 - ELO Fixtures yüklendi: 72 Dünya Kupası maçı
2026-05-30 12:51:18.870 | INFO     | app.services.get_elo:get_elo_ratings:228 - ELO Ratings yüklendi: 48 takım
2026-05-30 12:51:18.881 | INFO     | uvicorn.protocols.http.httptools_impl:send:484 - 172.19.0.1:58124 - "GET /api/v1/elo/fixtures HTTP/1.1" 200
2026-05-30 12:51:18.882 | INFO     | uvicorn.protocols.http.httptools_impl:send:484 - 172.19.0.1:58140 - "GET /api/v1/elo/ratings HTTP/1.1" 200
2026-05-30 12:51:18.887 | INFO     | uvicorn.protocols.http.httptools_impl:send:484 - 172.19.0.1:58128 - "GET /api/v1/winners HTTP/1.1" 200
2026-05-30 12:51:18.909 | INFO     | uvicorn.protocols.http.httptools_impl:send:484 - 172.19.0.1:58128 - "GET /api/v1/elo/team/BR/form HTTP/1.1" 200
2026-05-30 12:51:18.916 | INFO     | uvicorn.protocols.http.httptools_impl:send:484 - 172.19.0.1:44214 - "GET /api/v1/teams/flags/flags-sq-2/BRA HTTP/1.1" 200
2026-05-30 12:51:21.601 | INFO     | app.services.get_squads:fetch_world_cup_squads:22 - FIFA takımları puan durumu verileri yerel önbellek dosyasından okunuyor (API isteği yapılmadı): app/data/squads.json
2026-05-30 12:51:21.606 | INFO     | uvicorn.protocols.http.httptools_impl:send:484 - 172.19.0.1:58140 - "GET /api/v1/squads HTTP/1.1" 200
2026-05-30 12:51:21.601 | INFO     | app.services.get_rounds:fetch_world_cup_rounds:22 - FIFA fikstür verileri yerel önbellek dosyasından okunuyor (API isteği yapılmadı): app/data/rounds.json
2026-05-30 12:51:21.608 | INFO     | uvicorn.protocols.http.httptools_impl:send:484 - 172.19.0.1:58114 - "GET /api/v1/rounds HTTP/1.1" 200
2026-05-30 12:51:21.607 | INFO     | app.services.get_teams:fetch_world_cup_participants:22 - FIFA verileri yerel önbellek dosyasından okunuyor (API isteği yapılmadı): app/data/fifa_data.json
2026-05-30 12:51:21.613 | INFO     | app.services.get_elo:get_elo_fixtures:482 - ELO Fixtures yüklendi: 72 Dünya Kupası maçı
2026-05-30 12:51:21.617 | INFO     | uvicorn.protocols.http.httptools_impl:send:484 - 172.19.0.1:58128 - "GET /api/v1/teams HTTP/1.1" 200
2026-05-30 12:51:21.619 | INFO     | uvicorn.protocols.http.httptools_impl:send:484 - 172.19.0.1:58116 - "GET /api/v1/elo/fixtures HTTP/1.1" 200
2026-05-30 12:51:21.621 | INFO     | uvicorn.protocols.http.httptools_impl:send:484 - 172.19.0.1:58124 - "GET /api/v1/winners HTTP/1.1" 200
2026-05-30 12:51:21.622 | INFO     | app.services.get_elo:get_elo_ratings:228 - ELO Ratings yüklendi: 48 takım
2026-05-30 12:51:21.632 | INFO     | uvicorn.protocols.http.httptools_impl:send:484 - 172.19.0.1:58110 - "GET /api/v1/elo/ratings HTTP/1.1" 200
2026-05-30 12:51:21.645 | INFO     | uvicorn.protocols.http.httptools_impl:send:484 - 172.19.0.1:58110 - "GET /api/v1/elo/team/DE/form HTTP/1.1" 200
2026-05-30 12:51:34.212 | INFO     | app.services.get_teams:fetch_world_cup_participants:22 - FIFA verileri yerel önbellek dosyasından okunuyor (API isteği yapılmadı): app/data/fifa_data.json
2026-05-30 12:51:34.214 | INFO     | app.services.get_elo:get_elo_ratings:228 - ELO Ratings yüklendi: 48 takım
2026-05-30 12:51:34.219 | INFO     | uvicorn.protocols.http.httptools_impl:send:484 - 172.19.0.1:55734 - "GET /api/v1/teams HTTP/1.1" 200
2026-05-30 12:51:34.223 | INFO     | uvicorn.protocols.http.httptools_impl:send:484 - 172.19.0.1:55718 - "GET /api/v1/elo/ratings HTTP/1.1" 200
2026-05-30 12:51:34.234 | INFO     | app.services.get_elo:get_elo_ratings:228 - ELO Ratings yüklendi: 48 takım
2026-05-30 12:51:34.225 | INFO     | app.services.get_teams:fetch_world_cup_participants:22 - FIFA verileri yerel önbellek dosyasından okunuyor (API isteği yapılmadı): app/data/fifa_data.json
2026-05-30 12:51:34.234 | INFO     | uvicorn.protocols.http.httptools_impl:send:484 - 172.19.0.1:55734 - "GET /api/v1/teams HTTP/1.1" 200
2026-05-30 12:51:34.243 | INFO     | uvicorn.protocols.http.httptools_impl:send:484 - 172.19.0.1:55738 - "GET /api/v1/elo/ratings HTTP/1.1" 200
2026-05-30 12:51:34.361 | INFO     | uvicorn.protocols.http.httptools_impl:send:484 - 172.19.0.1:55740 - "GET /api/v1/teams/flags/flags-sq-1/POR HTTP/1.1" 200
2026-05-30 12:51:34.367 | INFO     | uvicorn.protocols.http.httptools_impl:send:484 - 172.19.0.1:55740 - "GET /api/v1/teams/flags/flags-sq-1/JPN HTTP/1.1" 200
2026-05-30 12:51:34.373 | INFO     | uvicorn.protocols.http.httptools_impl:send:484 - 172.19.0.1:55740 - "GET /api/v1/teams/flags/flags-sq-1/TUR HTTP/1.1" 200
2026-05-30 12:51:34.378 | INFO     | uvicorn.protocols.http.httptools_impl:send:484 - 172.19.0.1:55740 - "GET /api/v1/teams/flags/flags-sq-1/SUI HTTP/1.1" 200
2026-05-30 12:51:34.386 | INFO     | uvicorn.protocols.http.httptools_impl:send:484 - 172.19.0.1:55760 - "GET /api/v1/teams/flags/flags-sq-1/NOR HTTP/1.1" 200
2026-05-30 12:51:34.388 | INFO     | uvicorn.protocols.http.httptools_impl:send:484 - 172.19.0.1:55754 - "GET /api/v1/teams/flags/flags-sq-1/COL HTTP/1.1" 200
2026-05-30 12:51:34.389 | INFO     | uvicorn.protocols.http.httptools_impl:send:484 - 172.19.0.1:55766 - "GET /api/v1/teams/flags/flags-sq-1/NED HTTP/1.1" 200
2026-05-30 12:51:34.393 | INFO     | uvicorn.protocols.http.httptools_impl:send:484 - 172.19.0.1:55740 - "GET /api/v1/teams/flags/flags-sq-1/SEN HTTP/1.1" 200
2026-05-30 12:51:34.394 | INFO     | uvicorn.protocols.http.httptools_impl:send:484 - 172.19.0.1:55786 - "GET /api/v1/teams/flags/flags-sq-1/ECU HTTP/1.1" 200
2026-05-30 12:51:34.394 | INFO     | uvicorn.protocols.http.httptools_impl:send:484 - 172.19.0.1:55776 - "GET /api/v1/teams/flags/flags-sq-1/CRO HTTP/1.1" 200
2026-05-30 12:51:34.396 | INFO     | uvicorn.protocols.http.httptools_impl:send:484 - 172.19.0.1:55760 - "GET /api/v1/teams/flags/flags-sq-1/BEL HTTP/1.1" 200
2026-05-30 12:51:34.405 | INFO     | uvicorn.protocols.http.httptools_impl:send:484 - 172.19.0.1:55740 - "GET /api/v1/teams/flags/flags-sq-1/PAR HTTP/1.1" 200
2026-05-30 12:51:34.416 | INFO     | uvicorn.protocols.http.httptools_impl:send:484 - 172.19.0.1:55740 - "GET /api/v1/teams/flags/flags-sq-1/AUT HTTP/1.1" 200
2026-05-30 12:51:34.417 | INFO     | uvicorn.protocols.http.httptools_impl:send:484 - 172.19.0.1:55760 - "GET /api/v1/teams/flags/flags-sq-1/MAR HTTP/1.1" 200
2026-05-30 12:51:34.426 | INFO     | uvicorn.protocols.http.httptools_impl:send:484 - 172.19.0.1:55740 - "GET /api/v1/teams/flags/flags-sq-1/AUS HTTP/1.1" 200
2026-05-30 12:51:34.428 | INFO     | uvicorn.protocols.http.httptools_impl:send:484 - 172.19.0.1:55760 - "GET /api/v1/teams/flags/flags-sq-1/CAN HTTP/1.1" 200
2026-05-30 12:51:34.438 | INFO     | uvicorn.protocols.http.httptools_impl:send:484 - 172.19.0.1:55754 - "GET /api/v1/teams/flags/flags-sq-1/MEX HTTP/1.1" 200
2026-05-30 12:51:34.440 | INFO     | uvicorn.protocols.http.httptools_impl:send:484 - 172.19.0.1:55740 - "GET /api/v1/teams/flags/flags-sq-1/ALG HTTP/1.1" 200
2026-05-30 12:51:34.438 | INFO     | uvicorn.protocols.http.httptools_impl:send:484 - 172.19.0.1:55766 - "GET /api/v1/teams/flags/flags-sq-1/IRN HTTP/1.1" 200
2026-05-30 12:51:34.441 | INFO     | uvicorn.protocols.http.httptools_impl:send:484 - 172.19.0.1:55760 - "GET /api/v1/teams/flags/flags-sq-1/PAN HTTP/1.1" 200
2026-05-30 12:51:34.439 | INFO     | uvicorn.protocols.http.httptools_impl:send:484 - 172.19.0.1:55776 - "GET /api/v1/teams/flags/flags-sq-1/KOR HTTP/1.1" 200
2026-05-30 12:51:34.442 | INFO     | uvicorn.protocols.http.httptools_impl:send:484 - 172.19.0.1:55786 - "GET /api/v1/teams/flags/flags-sq-1/SCO HTTP/1.1" 200
2026-05-30 12:51:34.454 | INFO     | uvicorn.protocols.http.httptools_impl:send:484 - 172.19.0.1:55776 - "GET /api/v1/teams/flags/flags-sq-1/EGY HTTP/1.1" 200
2026-05-30 12:51:34.451 | INFO     | uvicorn.protocols.http.httptools_impl:send:484 - 172.19.0.1:55760 - "GET /api/v1/teams/flags/flags-sq-1/UZB HTTP/1.1" 200
2026-05-30 12:51:34.456 | INFO     | uvicorn.protocols.http.httptools_impl:send:484 - 172.19.0.1:55754 - "GET /api/v1/teams/flags/flags-sq-1/USA HTTP/1.1" 200
2026-05-30 12:51:34.455 | INFO     | uvicorn.protocols.http.httptools_impl:send:484 - 172.19.0.1:55740 - "GET /api/v1/teams/flags/flags-sq-1/JOR HTTP/1.1" 200
2026-05-30 12:51:34.456 | INFO     | uvicorn.protocols.http.httptools_impl:send:484 - 172.19.0.1:55766 - "GET /api/v1/teams/flags/flags-sq-1/SWE HTTP/1.1" 200
2026-05-30 12:51:34.456 | INFO     | uvicorn.protocols.http.httptools_impl:send:484 - 172.19.0.1:55786 - "GET /api/v1/teams/flags/flags-sq-1/CZE HTTP/1.1" 200
2026-05-30 12:51:34.467 | INFO     | uvicorn.protocols.http.httptools_impl:send:484 - 172.19.0.1:55754 - "GET /api/v1/teams/flags/flags-sq-1/CIV HTTP/1.1" 200
2026-05-30 12:51:34.467 | INFO     | uvicorn.protocols.http.httptools_impl:send:484 - 172.19.0.1:55740 - "GET /api/v1/teams/flags/flags-sq-1/COD HTTP/1.1" 200
2026-05-30 12:51:34.472 | INFO     | uvicorn.protocols.http.httptools_impl:send:484 - 172.19.0.1:55776 - "GET /api/v1/teams/flags/flags-sq-1/BIH HTTP/1.1" 200
2026-05-30 12:51:34.471 | INFO     | uvicorn.protocols.http.httptools_impl:send:484 - 172.19.0.1:55760 - "GET /api/v1/teams/flags/flags-sq-1/IRQ HTTP/1.1" 200
2026-05-30 12:51:34.474 | INFO     | uvicorn.protocols.http.httptools_impl:send:484 - 172.19.0.1:55766 - "GET /api/v1/teams/flags/flags-sq-1/TUN HTTP/1.1" 200
2026-05-30 12:51:34.480 | INFO     | uvicorn.protocols.http.httptools_impl:send:484 - 172.19.0.1:55786 - "GET /api/v1/teams/flags/flags-sq-1/NZL HTTP/1.1" 200
2026-05-30 12:51:34.480 | INFO     | uvicorn.protocols.http.httptools_impl:send:484 - 172.19.0.1:55754 - "GET /api/v1/teams/flags/flags-sq-1/KSA HTTP/1.1" 200
2026-05-30 12:51:34.483 | INFO     | uvicorn.protocols.http.httptools_impl:send:484 - 172.19.0.1:55740 - "GET /api/v1/teams/flags/flags-sq-1/CPV HTTP/1.1" 200
2026-05-30 12:51:34.486 | INFO     | uvicorn.protocols.http.httptools_impl:send:484 - 172.19.0.1:55760 - "GET /api/v1/teams/flags/flags-sq-1/RSA HTTP/1.1" 200
2026-05-30 12:51:34.486 | INFO     | uvicorn.protocols.http.httptools_impl:send:484 - 172.19.0.1:55766 - "GET /api/v1/teams/flags/flags-sq-1/HAI HTTP/1.1" 200
2026-05-30 12:51:34.490 | INFO     | uvicorn.protocols.http.httptools_impl:send:484 - 172.19.0.1:55776 - "GET /api/v1/teams/flags/flags-sq-1/GHA HTTP/1.1" 200
2026-05-30 12:51:34.494 | INFO     | uvicorn.protocols.http.httptools_impl:send:484 - 172.19.0.1:55786 - "GET /api/v1/teams/flags/flags-sq-1/CUW HTTP/1.1" 200
2026-05-30 12:51:34.496 | INFO     | uvicorn.protocols.http.httptools_impl:send:484 - 172.19.0.1:55760 - "GET /api/v1/teams/flags/flags-sq-1/QAT HTTP/1.1" 200
2026-05-30 12:51:36.551 | INFO     | app.services.get_squads:fetch_world_cup_squads:22 - FIFA takımları puan durumu verileri yerel önbellek dosyasından okunuyor (API isteği yapılmadı): app/data/squads.json
2026-05-30 12:51:36.551 | INFO     | app.services.get_teams:fetch_world_cup_participants:22 - FIFA verileri yerel önbellek dosyasından okunuyor (API isteği yapılmadı): app/data/fifa_data.json
2026-05-30 12:51:36.562 | INFO     | uvicorn.protocols.http.httptools_impl:send:484 - 172.19.0.1:55738 - "GET /api/v1/teams HTTP/1.1" 200
2026-05-30 12:51:36.569 | INFO     | uvicorn.protocols.http.httptools_impl:send:484 - 172.19.0.1:55734 - "GET /api/v1/squads HTTP/1.1" 200
2026-05-30 12:51:36.563 | INFO     | app.services.get_rounds:fetch_world_cup_rounds:22 - FIFA fikstür verileri yerel önbellek dosyasından okunuyor (API isteği yapılmadı): app/data/rounds.json
2026-05-30 12:51:36.578 | INFO     | uvicorn.protocols.http.httptools_impl:send:484 - 172.19.0.1:55718 - "GET /api/v1/rounds HTTP/1.1" 200
2026-05-30 12:51:36.594 | INFO     | app.services.get_elo:get_elo_fixtures:482 - ELO Fixtures yüklendi: 72 Dünya Kupası maçı
2026-05-30 12:51:36.600 | INFO     | uvicorn.protocols.http.httptools_impl:send:484 - 172.19.0.1:55814 - "GET /api/v1/elo/fixtures HTTP/1.1" 200
2026-05-30 12:51:36.594 | INFO     | app.services.get_elo:get_elo_ratings:228 - ELO Ratings yüklendi: 48 takım
2026-05-30 12:51:36.604 | INFO     | uvicorn.protocols.http.httptools_impl:send:484 - 172.19.0.1:55810 - "GET /api/v1/elo/ratings HTTP/1.1" 200
2026-05-30 12:51:36.607 | INFO     | uvicorn.protocols.http.httptools_impl:send:484 - 172.19.0.1:55798 - "GET /api/v1/winners HTTP/1.1" 200
2026-05-30 12:51:36.616 | INFO     | uvicorn.protocols.http.httptools_impl:send:484 - 172.19.0.1:55798 - "GET /api/v1/elo/team/AR/form HTTP/1.1" 200
2026-05-30 12:51:36.621 | INFO     | uvicorn.protocols.http.httptools_impl:send:484 - 172.19.0.1:55760 - "GET /api/v1/teams/flags/flags-sq-2/ARG HTTP/1.1" 200
2026-05-30 12:51:59.759 | INFO     | app.api.v1.endpoints.teams:get_flag_proxy:77 - Flag not cached. Proxying from FIFA: https://api.fifa.com/api/v3/picture/flags-sq-2/ALG
2026-05-30 12:51:59.770 | INFO     | uvicorn.protocols.http.httptools_impl:send:484 - 172.19.0.1:52490 - "GET /api/v1/teams/flags/flags-sq-2/JOR HTTP/1.1" 200
2026-05-30 12:51:59.785 | DEBUG    | httpcore._trace:atrace:87 - connect_tcp.started host='api.fifa.com' port=443 local_address=None timeout=10.0 socket_options=None
2026-05-30 12:51:59.790 | INFO     | uvicorn.protocols.http.httptools_impl:send:484 - 172.19.0.1:52486 - "GET /api/v1/teams/flags/flags-sq-2/AUT HTTP/1.1" 200
2026-05-30 12:51:59.913 | DEBUG    | httpcore._trace:atrace:87 - connect_tcp.complete return_value=<httpcore._backends.anyio.AnyIOStream object at 0x75d3461c3800>
2026-05-30 12:51:59.914 | DEBUG    | httpcore._trace:atrace:87 - start_tls.started ssl_context=<ssl.SSLContext object at 0x75d346163ad0> server_hostname='api.fifa.com' timeout=10.0
2026-05-30 12:51:59.952 | DEBUG    | httpcore._trace:atrace:87 - start_tls.complete return_value=<httpcore._backends.anyio.AnyIOStream object at 0x75d3461c0560>
2026-05-30 12:51:59.953 | DEBUG    | httpcore._trace:atrace:87 - send_request_headers.started request=<Request [b'GET']>
2026-05-30 12:51:59.955 | DEBUG    | httpcore._trace:atrace:87 - send_request_headers.complete
2026-05-30 12:51:59.956 | DEBUG    | httpcore._trace:atrace:87 - send_request_body.started request=<Request [b'GET']>
2026-05-30 12:51:59.957 | DEBUG    | httpcore._trace:atrace:87 - send_request_body.complete
2026-05-30 12:51:59.958 | DEBUG    | httpcore._trace:atrace:87 - receive_response_headers.started request=<Request [b'GET']>
2026-05-30 12:51:59.996 | DEBUG    | httpcore._trace:atrace:87 - receive_response_headers.complete return_value=(b'HTTP/1.1', 200, b'OK', [(b'Content-Length', b'3359'), (b'Content-Type', b'image/png'), (b'Access-Control-Expose-Headers', b'Request-Context'), (b'x-mdp-ck', b'**P**'), (b'x-mdp-rootactivityid', b'777c8b61ccd6477b9777e39d322bab3d'), (b'X-AspNet-Version', b'4.0.30319'), (b'Request-Context', b'appId=cid-v1:d6e11e63-1bc8-4e56-a695-f7ad71758c42'), (b'Arr-Disable-Session-Affinity', b'true'), (b'Cache-Control', b'public, must-revalidate, max-age=3600, s-maxage=2592000'), (b'Date', b'Sat, 30 May 2026 12:51:59 GMT'), (b'Connection', b'keep-alive'), (b'Access-Control-Allow-Origin', b'*'), (b'X-Frame-Options', b'sameorigin'), (b'Referrer-Policy', b'same-origin'), (b'X-Content-Type-Options', b'nosniff'), (b'X-XSS-Protection', b'1; mode=block'), (b'Strict-Transport-Security', b'max-age=15768000 ; includeSubDomains'), (b'Akamai-GRN', b'0.d5c41302.1780145519.18424456'), (b'Set-Cookie', b'_abck=D39FB8E6D7FB33C74512BD7C1750A014~-1~YAAQ1cQTAi78KECeAQAAz/zweA+pxlMcHnLlnqc82ydCern63Ets6PlQCg0WofAsTqplDYa7Zz7GdbAgdcxkJas8SHpl+ZD5i4XYe7pLKiGZNV40Zj4rEB8GsLHUQsg3+VFFube1126vL3ltWH7zBcv8JmL40FZwA/7RN4qj+Zakhvk+5F6G1rCcvPVc1uIeDutk6pTVbf/9Lq3ujKFbke8+lhNDbLYP3i7Yx6Xj2zdRMRdY7vnyVTqHWS2qiRwvOxd/w0JC6p148gzgaFViwyczZwZ1xnW7aa4nbTJwb8urxKgRjCW2obddyjihH+0DI6cZj4y4udE7ycYY38zR1nnlbnBfAQLKfLkT0LUSrDkaClIW6t6k2RtVY7jBf8EMWTLso/YZyFyXMaVLzmvGe8PZGe4o17hFmLd9Lbnqg95xmRM+J/0EHksUooVdQWwNRfem4Kx9~-1~-1~-1~-1~-1; Domain=.fifa.com; Path=/; Expires=Sun, 30 May 2027 12:51:59 GMT; Max-Age=31536000; Secure'), (b'Set-Cookie', b'bm_sz=C47291895D653AA7AC846036514D54A9~YAAQ1cQTAi/8KECeAQAAz/zweB/mBmwPypUlFTO9nxjpjOY6tZcCjTmGmqsRgCYZ5FtNitE5WWlfQFhBl0beseQ/zwtynXVN3mpp17nSWpBAsUsGh9gUWv0Nsm217dvrgi4Ublq5jJkKa70vjvP+LFF9/tuHP3RoWcGw3o1coaWdhoyJkFKJXx0RVPIE9ib8QuWBPrRb9FnWeLWW+XGmx4BC/vrm0l+bP4zFCTA2cqWKk1rP+/VrJjkO8W3RJIyHex7/UKcpc1ZWparM7RZOxcppWQezxUaCjrFZ9bMVr5f6+Aa7Aco2tfBZpa4WfDFIl4NWlUP7EfjY2Jw2u7OD7UYQTmvVHeanHddKs3k=~3162694~4337716; Domain=.fifa.com; Path=/; Expires=Sat, 30 May 2026 16:51:59 GMT; Max-Age=14400')])
2026-05-30 12:51:59.997 | INFO     | httpx._client:_send_single_request:1740 - HTTP Request: GET https://api.fifa.com/api/v3/picture/flags-sq-2/ALG "HTTP/1.1 200 OK"
2026-05-30 12:51:59.997 | DEBUG    | httpcore._trace:atrace:87 - receive_response_body.started request=<Request [b'GET']>
2026-05-30 12:51:59.997 | DEBUG    | httpcore._trace:atrace:87 - receive_response_body.complete
2026-05-30 12:51:59.999 | DEBUG    | httpcore._trace:atrace:87 - response_closed.started
2026-05-30 12:51:59.999 | DEBUG    | httpcore._trace:atrace:87 - response_closed.complete
2026-05-30 12:52:00.002 | DEBUG    | httpcore._trace:atrace:87 - close.started
2026-05-30 12:52:00.003 | DEBUG    | httpcore._trace:atrace:87 - close.complete
2026-05-30 12:52:00.004 | INFO     | uvicorn.protocols.http.httptools_impl:send:484 - 172.19.0.1:52482 - "GET /api/v1/teams/flags/flags-sq-2/ALG HTTP/1.1" 200
2026-05-30 12:52:15.764 | INFO     | app.services.get_teams:fetch_world_cup_participants:22 - FIFA verileri yerel önbellek dosyasından okunuyor (API isteği yapılmadı): app/data/fifa_data.json
2026-05-30 12:52:15.779 | INFO     | uvicorn.protocols.http.httptools_impl:send:484 - 172.19.0.1:56332 - "GET /api/v1/teams HTTP/1.1" 200
2026-05-30 12:52:15.781 | INFO     | app.services.get_squads:fetch_world_cup_squads:22 - FIFA takımları puan durumu verileri yerel önbellek dosyasından okunuyor (API isteği yapılmadı): app/data/squads.json
2026-05-30 12:52:15.767 | INFO     | app.services.get_rounds:fetch_world_cup_rounds:22 - FIFA fikstür verileri yerel önbellek dosyasından okunuyor (API isteği yapılmadı): app/data/rounds.json
2026-05-30 12:52:15.787 | INFO     | uvicorn.protocols.http.httptools_impl:send:484 - 172.19.0.1:56334 - "GET /api/v1/squads HTTP/1.1" 200
2026-05-30 12:52:15.782 | INFO     | uvicorn.protocols.http.httptools_impl:send:484 - 172.19.0.1:56350 - "GET /api/v1/rounds HTTP/1.1" 200
2026-05-30 12:52:15.790 | INFO     | uvicorn.protocols.http.httptools_impl:send:484 - 172.19.0.1:56378 - "GET /api/v1/teams/flags/flags-sq-2/ARG HTTP/1.1" 200
2026-05-30 12:52:15.784 | INFO     | uvicorn.protocols.http.httptools_impl:send:484 - 172.19.0.1:56342 - "GET /api/v1/winners HTTP/1.1" 200
2026-05-30 12:52:15.791 | INFO     | app.services.get_elo:get_elo_ratings:228 - ELO Ratings yüklendi: 48 takım
2026-05-30 12:52:15.803 | INFO     | uvicorn.protocols.http.httptools_impl:send:484 - 172.19.0.1:56364 - "GET /api/v1/elo/ratings HTTP/1.1" 200
2026-05-30 12:52:15.808 | INFO     | app.services.get_elo:get_elo_fixtures:482 - ELO Fixtures yüklendi: 72 Dünya Kupası maçı
2026-05-30 12:52:15.816 | INFO     | uvicorn.protocols.http.httptools_impl:send:484 - 172.19.0.1:56374 - "GET /api/v1/elo/fixtures HTTP/1.1" 200
2026-05-30 12:52:15.835 | INFO     | uvicorn.protocols.http.httptools_impl:send:484 - 172.19.0.1:56374 - "GET /api/v1/elo/team/BR/form HTTP/1.1" 200
2026-05-30 12:52:15.840 | INFO     | uvicorn.protocols.http.httptools_impl:send:484 - 172.19.0.1:56378 - "GET /api/v1/teams/flags/flags-sq-2/BRA HTTP/1.1" 200
2026-05-30 12:52:57.149 | INFO     | app.services.get_squads:fetch_world_cup_squads:22 - FIFA takımları puan durumu verileri yerel önbellek dosyasından okunuyor (API isteği yapılmadı): app/data/squads.json
2026-05-30 12:52:57.155 | INFO     | uvicorn.protocols.http.httptools_impl:send:484 - 172.19.0.1:47820 - "GET /api/v1/squads HTTP/1.1" 200
2026-05-30 12:52:57.149 | INFO     | app.services.get_teams:fetch_world_cup_participants:22 - FIFA verileri yerel önbellek dosyasından okunuyor (API isteği yapılmadı): app/data/fifa_data.json
2026-05-30 12:52:57.164 | INFO     | uvicorn.protocols.http.httptools_impl:send:484 - 172.19.0.1:47818 - "GET /api/v1/teams HTTP/1.1" 200
2026-05-30 12:52:57.165 | INFO     | app.services.get_squads:fetch_world_cup_squads:22 - FIFA takımları puan durumu verileri yerel önbellek dosyasından okunuyor (API isteği yapılmadı): app/data/squads.json
2026-05-30 12:52:57.171 | INFO     | uvicorn.protocols.http.httptools_impl:send:484 - 172.19.0.1:47820 - "GET /api/v1/squads HTTP/1.1" 200
2026-05-30 12:52:57.171 | INFO     | app.services.get_teams:fetch_world_cup_participants:22 - FIFA verileri yerel önbellek dosyasından okunuyor (API isteği yapılmadı): app/data/fifa_data.json
2026-05-30 12:52:57.182 | INFO     | uvicorn.protocols.http.httptools_impl:send:484 - 172.19.0.1:47828 - "GET /api/v1/teams HTTP/1.1" 200
2026-05-30 12:52:57.245 | INFO     | app.api.v1.endpoints.teams:get_flag_proxy:77 - Flag not cached. Proxying from FIFA: https://api.fifa.com/api/v3/picture/flags-sq-2/CAN
2026-05-30 12:52:57.264 | DEBUG    | httpcore._trace:atrace:87 - connect_tcp.started host='api.fifa.com' port=443 local_address=None timeout=10.0 socket_options=None
2026-05-30 12:52:57.270 | INFO     | app.api.v1.endpoints.teams:get_flag_proxy:77 - Flag not cached. Proxying from FIFA: https://api.fifa.com/api/v3/picture/flags-sq-2/USA
2026-05-30 12:52:57.271 | INFO     | uvicorn.protocols.http.httptools_impl:send:484 - 172.19.0.1:47848 - "GET /api/v1/teams/flags/flags-sq-2/MEX HTTP/1.1" 200
2026-05-30 12:52:57.281 | INFO     | uvicorn.protocols.http.httptools_impl:send:484 - 172.19.0.1:47876 - "GET /api/v1/teams/flags/flags-sq-2/ARG HTTP/1.1" 200
2026-05-30 12:52:57.282 | INFO     | uvicorn.protocols.http.httptools_impl:send:484 - 172.19.0.1:47892 - "GET /api/v1/teams/flags/flags-sq-2/ALG HTTP/1.1" 200
2026-05-30 12:52:57.283 | INFO     | uvicorn.protocols.http.httptools_impl:send:484 - 172.19.0.1:47904 - "GET /api/v1/teams/flags/flags-sq-2/AUS HTTP/1.1" 200
2026-05-30 12:52:57.289 | INFO     | uvicorn.protocols.http.httptools_impl:send:484 - 172.19.0.1:47848 - "GET /api/v1/teams/flags/flags-sq-2/AUT HTTP/1.1" 200
2026-05-30 12:52:57.294 | INFO     | uvicorn.protocols.http.httptools_impl:send:484 - 172.19.0.1:47904 - "GET /api/v1/teams/flags/flags-sq-2/BIH HTTP/1.1" 200
2026-05-30 12:52:57.295 | INFO     | uvicorn.protocols.http.httptools_impl:send:484 - 172.19.0.1:47876 - "GET /api/v1/teams/flags/flags-sq-2/BEL HTTP/1.1" 200
2026-05-30 12:52:57.307 | INFO     | uvicorn.protocols.http.httptools_impl:send:484 - 172.19.0.1:47892 - "GET /api/v1/teams/flags/flags-sq-2/BRA HTTP/1.1" 200
2026-05-30 12:52:57.311 | DEBUG    | httpcore._trace:atrace:87 - connect_tcp.started host='api.fifa.com' port=443 local_address=None timeout=10.0 socket_options=None
2026-05-30 12:52:57.309 | INFO     | uvicorn.protocols.http.httptools_impl:send:484 - 172.19.0.1:47848 - "GET /api/v1/teams/flags/flags-sq-2/CPV HTTP/1.1" 200
2026-05-30 12:52:57.324 | INFO     | uvicorn.protocols.http.httptools_impl:send:484 - 172.19.0.1:47876 - "GET /api/v1/teams/flags/flags-sq-2/COL HTTP/1.1" 200
2026-05-30 12:52:57.326 | INFO     | uvicorn.protocols.http.httptools_impl:send:484 - 172.19.0.1:47904 - "GET /api/v1/teams/flags/flags-sq-2/CRO HTTP/1.1" 200
2026-05-30 12:52:57.327 | INFO     | uvicorn.protocols.http.httptools_impl:send:484 - 172.19.0.1:47848 - "GET /api/v1/teams/flags/flags-sq-2/CIV HTTP/1.1" 200
2026-05-30 12:52:57.328 | INFO     | uvicorn.protocols.http.httptools_impl:send:484 - 172.19.0.1:47892 - "GET /api/v1/teams/flags/flags-sq-2/COD HTTP/1.1" 200
2026-05-30 12:52:57.348 | INFO     | uvicorn.protocols.http.httptools_impl:send:484 - 172.19.0.1:47876 - "GET /api/v1/teams/flags/flags-sq-2/CUW HTTP/1.1" 200
2026-05-30 12:52:57.353 | INFO     | uvicorn.protocols.http.httptools_impl:send:484 - 172.19.0.1:47904 - "GET /api/v1/teams/flags/flags-sq-2/CZE HTTP/1.1" 200
2026-05-30 12:52:57.358 | INFO     | uvicorn.protocols.http.httptools_impl:send:484 - 172.19.0.1:47892 - "GET /api/v1/teams/flags/flags-sq-2/ECU HTTP/1.1" 200
2026-05-30 12:52:57.372 | DEBUG    | httpcore._trace:atrace:87 - connect_tcp.complete return_value=<httpcore._backends.anyio.AnyIOStream object at 0x75d346dd5d60>
2026-05-30 12:52:57.373 | INFO     | uvicorn.protocols.http.httptools_impl:send:484 - 172.19.0.1:47848 - "GET /api/v1/teams/flags/flags-sq-2/ENG HTTP/1.1" 200
2026-05-30 12:52:57.377 | INFO     | uvicorn.protocols.http.httptools_impl:send:484 - 172.19.0.1:47876 - "GET /api/v1/teams/flags/flags-sq-2/EGY HTTP/1.1" 200
2026-05-30 12:52:57.376 | DEBUG    | httpcore._trace:atrace:87 - start_tls.started ssl_context=<ssl.SSLContext object at 0x75d34617e450> server_hostname='api.fifa.com' timeout=10.0
2026-05-30 12:52:57.380 | DEBUG    | httpcore._trace:atrace:87 - connect_tcp.complete return_value=<httpcore._backends.anyio.AnyIOStream object at 0x75d346dd6f00>
2026-05-30 12:52:57.381 | DEBUG    | httpcore._trace:atrace:87 - start_tls.started ssl_context=<ssl.SSLContext object at 0x75d34617ee50> server_hostname='api.fifa.com' timeout=10.0
2026-05-30 12:52:57.383 | INFO     | uvicorn.protocols.http.httptools_impl:send:484 - 172.19.0.1:47904 - "GET /api/v1/teams/flags/flags-sq-2/FRA HTTP/1.1" 200
2026-05-30 12:52:57.385 | INFO     | uvicorn.protocols.http.httptools_impl:send:484 - 172.19.0.1:47892 - "GET /api/v1/teams/flags/flags-sq-2/GER HTTP/1.1" 200
2026-05-30 12:52:57.394 | INFO     | uvicorn.protocols.http.httptools_impl:send:484 - 172.19.0.1:47848 - "GET /api/v1/teams/flags/flags-sq-2/HAI HTTP/1.1" 200
2026-05-30 12:52:57.394 | INFO     | uvicorn.protocols.http.httptools_impl:send:484 - 172.19.0.1:47876 - "GET /api/v1/teams/flags/flags-sq-2/GHA HTTP/1.1" 200
2026-05-30 12:52:57.399 | INFO     | uvicorn.protocols.http.httptools_impl:send:484 - 172.19.0.1:47892 - "GET /api/v1/teams/flags/flags-sq-2/IRQ HTTP/1.1" 200
2026-05-30 12:52:57.399 | INFO     | uvicorn.protocols.http.httptools_impl:send:484 - 172.19.0.1:47904 - "GET /api/v1/teams/flags/flags-sq-2/IRN HTTP/1.1" 200
2026-05-30 12:52:57.409 | INFO     | uvicorn.protocols.http.httptools_impl:send:484 - 172.19.0.1:47876 - "GET /api/v1/teams/flags/flags-sq-2/JPN HTTP/1.1" 200
2026-05-30 12:52:57.411 | INFO     | uvicorn.protocols.http.httptools_impl:send:484 - 172.19.0.1:47848 - "GET /api/v1/teams/flags/flags-sq-2/JOR HTTP/1.1" 200
2026-05-30 12:52:57.416 | INFO     | uvicorn.protocols.http.httptools_impl:send:484 - 172.19.0.1:47892 - "GET /api/v1/teams/flags/flags-sq-2/MAR HTTP/1.1" 200
2026-05-30 12:52:57.419 | INFO     | uvicorn.protocols.http.httptools_impl:send:484 - 172.19.0.1:47904 - "GET /api/v1/teams/flags/flags-sq-2/KOR HTTP/1.1" 200
2026-05-30 12:52:57.422 | INFO     | uvicorn.protocols.http.httptools_impl:send:484 - 172.19.0.1:47876 - "GET /api/v1/teams/flags/flags-sq-2/NED HTTP/1.1" 200
2026-05-30 12:52:57.423 | DEBUG    | httpcore._trace:atrace:87 - start_tls.complete return_value=<httpcore._backends.anyio.AnyIOStream object at 0x75d3461f6a80>
2026-05-30 12:52:57.425 | INFO     | uvicorn.protocols.http.httptools_impl:send:484 - 172.19.0.1:47848 - "GET /api/v1/teams/flags/flags-sq-2/NZL HTTP/1.1" 200
2026-05-30 12:52:57.433 | INFO     | uvicorn.protocols.http.httptools_impl:send:484 - 172.19.0.1:47892 - "GET /api/v1/teams/flags/flags-sq-2/NOR HTTP/1.1" 200
2026-05-30 12:52:57.435 | INFO     | uvicorn.protocols.http.httptools_impl:send:484 - 172.19.0.1:47848 - "GET /api/v1/teams/flags/flags-sq-2/PAN HTTP/1.1" 200
2026-05-30 12:52:57.435 | DEBUG    | httpcore._trace:atrace:87 - send_request_headers.started request=<Request [b'GET']>
2026-05-30 12:52:57.437 | INFO     | uvicorn.protocols.http.httptools_impl:send:484 - 172.19.0.1:47904 - "GET /api/v1/teams/flags/flags-sq-2/POR HTTP/1.1" 200
2026-05-30 12:52:57.437 | DEBUG    | httpcore._trace:atrace:87 - start_tls.complete return_value=<httpcore._backends.anyio.AnyIOStream object at 0x75d3461c1d00>
2026-05-30 12:52:57.439 | INFO     | uvicorn.protocols.http.httptools_impl:send:484 - 172.19.0.1:47876 - "GET /api/v1/teams/flags/flags-sq-2/PAR HTTP/1.1" 200
2026-05-30 12:52:57.440 | DEBUG    | httpcore._trace:atrace:87 - send_request_headers.complete
2026-05-30 12:52:57.441 | DEBUG    | httpcore._trace:atrace:87 - send_request_body.started request=<Request [b'GET']>
2026-05-30 12:52:57.443 | DEBUG    | httpcore._trace:atrace:87 - send_request_body.complete
2026-05-30 12:52:57.443 | DEBUG    | httpcore._trace:atrace:87 - receive_response_headers.started request=<Request [b'GET']>
2026-05-30 12:52:57.445 | DEBUG    | httpcore._trace:atrace:87 - send_request_headers.started request=<Request [b'GET']>
2026-05-30 12:52:57.447 | DEBUG    | httpcore._trace:atrace:87 - send_request_headers.complete
2026-05-30 12:52:57.448 | DEBUG    | httpcore._trace:atrace:87 - send_request_body.started request=<Request [b'GET']>
2026-05-30 12:52:57.450 | DEBUG    | httpcore._trace:atrace:87 - send_request_body.complete
2026-05-30 12:52:57.451 | DEBUG    | httpcore._trace:atrace:87 - receive_response_headers.started request=<Request [b'GET']>
2026-05-30 12:52:57.452 | INFO     | uvicorn.protocols.http.httptools_impl:send:484 - 172.19.0.1:47848 - "GET /api/v1/teams/flags/flags-sq-2/QAT HTTP/1.1" 200
2026-05-30 12:52:57.456 | INFO     | uvicorn.protocols.http.httptools_impl:send:484 - 172.19.0.1:47876 - "GET /api/v1/teams/flags/flags-sq-2/KSA HTTP/1.1" 200
2026-05-30 12:52:57.459 | INFO     | uvicorn.protocols.http.httptools_impl:send:484 - 172.19.0.1:47904 - "GET /api/v1/teams/flags/flags-sq-2/SCO HTTP/1.1" 200
2026-05-30 12:52:57.460 | INFO     | uvicorn.protocols.http.httptools_impl:send:484 - 172.19.0.1:47892 - "GET /api/v1/teams/flags/flags-sq-2/SEN HTTP/1.1" 200
2026-05-30 12:52:57.475 | INFO     | uvicorn.protocols.http.httptools_impl:send:484 - 172.19.0.1:47876 - "GET /api/v1/teams/flags/flags-sq-2/SUI HTTP/1.1" 200
2026-05-30 12:52:57.482 | DEBUG    | httpcore._trace:atrace:87 - receive_response_headers.complete return_value=(b'HTTP/1.1', 200, b'OK', [(b'Content-Length', b'4691'), (b'Content-Type', b'image/png'), (b'Access-Control-Expose-Headers', b'Request-Context'), (b'x-mdp-ck', b'**P**'), (b'x-mdp-rootactivityid', b'47baf3f4a3c74c06ba8ad01c027e93a4'), (b'X-AspNet-Version', b'4.0.30319'), (b'Request-Context', b'appId=cid-v1:d6e11e63-1bc8-4e56-a695-f7ad71758c42'), (b'Arr-Disable-Session-Affinity', b'true'), (b'Cache-Control', b'public, must-revalidate, max-age=3600, s-maxage=2592000'), (b'Date', b'Sat, 30 May 2026 12:52:57 GMT'), (b'Connection', b'keep-alive'), (b'Access-Control-Allow-Origin', b'*'), (b'X-Frame-Options', b'sameorigin'), (b'Referrer-Policy', b'same-origin'), (b'X-Content-Type-Options', b'nosniff'), (b'X-XSS-Protection', b'1; mode=block'), (b'Strict-Transport-Security', b'max-age=15768000 ; includeSubDomains'), (b'Akamai-GRN', b'0.d5c41302.1780145577.1842a327'), (b'Set-Cookie', b'_abck=392CBD6A92001D9DAA898E82D576245B~-1~YAAQ1cQTAm8BKUCeAQAAVt3xeA8qZbhyzCcguEMzbuS6iMRxrIwA3LuNOGysb34CC7JMglLJZsLZ+8zS7/vU0GMNNNt9bCBLHEc77syakXQtdsbIbVkVvwtCU0XvUfzSaTb6Uu5fFvFdPJcm/pLD6Gl50k47YEwrc2+NpuaKk/dXdeJ7ibEWGKfcMG3jcZxHtivzlMnNhQM14GBQaH2QnHSLpKsYRW481Gr9nq7Ih5imGvjMowt8d/4Ti0iSYNFaFmizkTOXiNH/1CWzKdt0pmQqXj+CEd+FZ5fQ/rUC8DeGe1om7S/QwC0v6w+B8opxUTw81EeP1LjgZzSeCtRmblqq/mD/8PyWPVUThLQKdzAtjlhPu9CVproEya7bJAEBeTkEioIlXIn2khdaXGZ0v2DcbZ2TiETmblKnH8h61yttGWPPR5h9A/lzsPOnlNHRG820Tqdb~-1~-1~-1~-1~-1; Domain=.fifa.com; Path=/; Expires=Sun, 30 May 2027 12:52:57 GMT; Max-Age=31536000; Secure'), (b'Set-Cookie', b'bm_sz=51ED577C67779C2D41E752C65E6757BB~YAAQ1cQTAnABKUCeAQAAVt3xeB9lQMbHTHBv7aBtMVIpSpbqVhmgy895MlburjDfUPFTEkdYbt/wZTr6Qwf3U0KL9BEmL7kGUIWsxBaI1YckjpOMQgIJo/tVVx2sA9PwKACvU1dmrrGB6wQkKytTGO0+p34g/OdeId+VeIb9hQuCYFqVyGx2UU7Qi7pPZK/3YnPOiWmWsffEf1myh2KJwP5yprvboEz8LoDOuU7LVUzbKo8EqHrvet50sxGIPeNMyIf0ZvpA+17K0AaTXbHnN/qHPWMnvt2nNu9AF+W/715lBkpRP1DWu5FW4NY5vwxLKMclZijIuY+JZgGfs63a6BjmkbFb/+GtwCeCEMA=~3552825~3487542; Domain=.fifa.com; Path=/; Expires=Sat, 30 May 2026 16:52:57 GMT; Max-Age=14400')])
2026-05-30 12:52:57.477 | INFO     | uvicorn.protocols.http.httptools_impl:send:484 - 172.19.0.1:47892 - "GET /api/v1/teams/flags/flags-sq-2/SWE HTTP/1.1" 200
2026-05-30 12:52:57.477 | INFO     | uvicorn.protocols.http.httptools_impl:send:484 - 172.19.0.1:47904 - "GET /api/v1/teams/flags/flags-sq-2/ESP HTTP/1.1" 200
2026-05-30 12:52:57.483 | INFO     | httpx._client:_send_single_request:1740 - HTTP Request: GET https://api.fifa.com/api/v3/picture/flags-sq-2/USA "HTTP/1.1 200 OK"
2026-05-30 12:52:57.478 | INFO     | uvicorn.protocols.http.httptools_impl:send:484 - 172.19.0.1:47848 - "GET /api/v1/teams/flags/flags-sq-2/RSA HTTP/1.1" 200
2026-05-30 12:52:57.483 | DEBUG    | httpcore._trace:atrace:87 - receive_response_body.started request=<Request [b'GET']>
2026-05-30 12:52:57.485 | DEBUG    | httpcore._trace:atrace:87 - receive_response_body.complete
2026-05-30 12:52:57.490 | DEBUG    | httpcore._trace:atrace:87 - response_closed.started
2026-05-30 12:52:57.493 | DEBUG    | httpcore._trace:atrace:87 - response_closed.complete
2026-05-30 12:52:57.496 | DEBUG    | httpcore._trace:atrace:87 - close.started
2026-05-30 12:52:57.499 | DEBUG    | httpcore._trace:atrace:87 - close.complete
2026-05-30 12:52:57.499 | INFO     | uvicorn.protocols.http.httptools_impl:send:484 - 172.19.0.1:47848 - "GET /api/v1/teams/flags/flags-sq-2/TUR HTTP/1.1" 200
2026-05-30 12:52:57.500 | INFO     | uvicorn.protocols.http.httptools_impl:send:484 - 172.19.0.1:47892 - "GET /api/v1/teams/flags/flags-sq-2/TUN HTTP/1.1" 200
2026-05-30 12:52:57.501 | DEBUG    | httpcore._trace:atrace:87 - receive_response_headers.complete return_value=(b'HTTP/1.1', 200, b'OK', [(b'Content-Length', b'3714'), (b'Content-Type', b'image/png'), (b'Access-Control-Expose-Headers', b'Request-Context'), (b'x-mdp-ck', b'**P**'), (b'x-mdp-rootactivityid', b'830a8ae3466d45e3ae31c9716d122bc1'), (b'X-AspNet-Version', b'4.0.30319'), (b'Request-Context', b'appId=cid-v1:d6e11e63-1bc8-4e56-a695-f7ad71758c42'), (b'Arr-Disable-Session-Affinity', b'true'), (b'Cache-Control', b'public, must-revalidate, max-age=3600, s-maxage=2592000'), (b'Date', b'Sat, 30 May 2026 12:52:57 GMT'), (b'Connection', b'keep-alive'), (b'Access-Control-Allow-Origin', b'*'), (b'X-Frame-Options', b'sameorigin'), (b'Referrer-Policy', b'same-origin'), (b'X-Content-Type-Options', b'nosniff'), (b'X-XSS-Protection', b'1; mode=block'), (b'Strict-Transport-Security', b'max-age=15768000 ; includeSubDomains'), (b'Akamai-GRN', b'0.d5c41302.1780145577.1842a32e'), (b'Set-Cookie', b'_abck=CE09AC6F40430BDA338C98ED6D7E7170~-1~YAAQ1cQTAnEBKUCeAQAAYt3xeA/9h9aFf6Ml6wabYunPe48Vg/jp+rqi4pLhwHxVBMmNnFenR5Drm1mVq8X9rPet61Ctfj0MsXu+Q14DYjMDFbOe6FGUpNOUK5jhxMSde/LJMdxwEX0zOUbWlFYmyu/lhjTyMHWkdYF6yXJhrSpH5eUq6eDwyyY3X0vAD4Ta78cbhPpKE+PKEbFu2z+FL5OEysQ3yCBJ5OQBNPfd+c+nNU0TJ3tuDUHkrSGvdTnicgIflu6R1pCprHuWC2Lbgzl4VvB+AJ88du/uCTT4H2twAlSQNq8umeie+BNkXBDpGV+R/DgQZ0KCmQX0FLgppJUfV1iw6iHI/OYfBW+1d9szGuK+QKB1o7TlwGKFDM0Mcvq1k7+Bkus4dVTtVO2hUPDnaQYM15e16Et4A12t6S1mYdKARJhzDOjyd32rIEReY165a/aO~-1~-1~-1~-1~-1; Domain=.fifa.com; Path=/; Expires=Sun, 30 May 2027 12:52:57 GMT; Max-Age=31536000; Secure'), (b'Set-Cookie', b'bm_sz=110D7E0452AC7BA69C98F72D475A260B~YAAQ1cQTAnIBKUCeAQAAYt3xeB8rI2T7SbyFQf15Qk4HmOe9H0tYop/4JsQ7tlnIoEYRovxgXHC+teSzW89ZDCYeoBfYjzIVZtTD/1LAnOyoucbVhAnGm+2tdcVNL6F1w20YkuhTvZJdFhh2nrjj76Bc9PNCDXjq/2Jy5mdlheJvM57a5FnQmW1dXxhWxavdc72CqxEQ+0Z2BxJivezOLoJqCc+H7HkMNS7100+z6fABKUol6anhE39c44YzM6x800ZZ+9itLuIWLtR1/T+iDPoAI0IsP7F27B2TlC87RAeRA1HEJZSSFtHkw+PV6bpEwDiRR1OysxpkagUeDwZzJqBusEJtKMNSuhzSJSw=~3552825~3487542; Domain=.fifa.com; Path=/; Expires=Sat, 30 May 2026 16:52:57 GMT; Max-Age=14400')])
2026-05-30 12:52:57.500 | INFO     | uvicorn.protocols.http.httptools_impl:send:484 - 172.19.0.1:47904 - "GET /api/v1/teams/flags/flags-sq-2/URU HTTP/1.1" 200
2026-05-30 12:52:57.504 | INFO     | httpx._client:_send_single_request:1740 - HTTP Request: GET https://api.fifa.com/api/v3/picture/flags-sq-2/CAN "HTTP/1.1 200 OK"
2026-05-30 12:52:57.505 | DEBUG    | httpcore._trace:atrace:87 - receive_response_body.started request=<Request [b'GET']>
2026-05-30 12:52:57.506 | DEBUG    | httpcore._trace:atrace:87 - receive_response_body.complete
2026-05-30 12:52:57.508 | DEBUG    | httpcore._trace:atrace:87 - response_closed.started
2026-05-30 12:52:57.510 | DEBUG    | httpcore._trace:atrace:87 - response_closed.complete
2026-05-30 12:52:57.509 | INFO     | uvicorn.protocols.http.httptools_impl:send:484 - 172.19.0.1:47876 - "GET /api/v1/teams/flags/flags-sq-2/UZB HTTP/1.1" 200
2026-05-30 12:52:57.514 | DEBUG    | httpcore._trace:atrace:87 - close.started
2026-05-30 12:52:57.516 | DEBUG    | httpcore._trace:atrace:87 - close.complete
2026-05-30 12:52:57.519 | INFO     | uvicorn.protocols.http.httptools_impl:send:484 - 172.19.0.1:47864 - "GET /api/v1/teams/flags/flags-sq-2/USA HTTP/1.1" 200
2026-05-30 12:52:57.521 | INFO     | uvicorn.protocols.http.httptools_impl:send:484 - 172.19.0.1:47840 - "GET /api/v1/teams/flags/flags-sq-2/CAN HTTP/1.1" 200
2026-05-30 12:53:16.953 | INFO     | app.services.get_teams:fetch_world_cup_participants:22 - FIFA verileri yerel önbellek dosyasından okunuyor (API isteği yapılmadı): app/data/fifa_data.json
2026-05-30 12:53:16.959 | INFO     | app.services.get_squads:fetch_world_cup_squads:22 - FIFA takımları puan durumu verileri yerel önbellek dosyasından okunuyor (API isteği yapılmadı): app/data/squads.json
2026-05-30 12:53:16.965 | INFO     | uvicorn.protocols.http.httptools_impl:send:484 - 172.19.0.1:33378 - "GET /api/v1/teams HTTP/1.1" 200
2026-05-30 12:53:16.965 | INFO     | uvicorn.protocols.http.httptools_impl:send:484 - 172.19.0.1:33380 - "GET /api/v1/squads HTTP/1.1" 200
2026-05-30 12:53:16.968 | INFO     | app.services.get_rounds:fetch_world_cup_rounds:22 - FIFA fikstür verileri yerel önbellek dosyasından okunuyor (API isteği yapılmadı): app/data/rounds.json
2026-05-30 12:53:16.971 | INFO     | app.services.get_elo:get_elo_ratings:228 - ELO Ratings yüklendi: 48 takım
2026-05-30 12:53:16.982 | INFO     | uvicorn.protocols.http.httptools_impl:send:484 - 172.19.0.1:33412 - "GET /api/v1/elo/ratings HTTP/1.1" 200
2026-05-30 12:53:16.983 | INFO     | uvicorn.protocols.http.httptools_impl:send:484 - 172.19.0.1:33384 - "GET /api/v1/rounds HTTP/1.1" 200
2026-05-30 12:53:16.987 | INFO     | app.services.get_elo:get_elo_fixtures:482 - ELO Fixtures yüklendi: 72 Dünya Kupası maçı
2026-05-30 12:53:16.993 | INFO     | uvicorn.protocols.http.httptools_impl:send:484 - 172.19.0.1:33422 - "GET /api/v1/elo/fixtures HTTP/1.1" 200
2026-05-30 12:53:16.994 | INFO     | uvicorn.protocols.http.httptools_impl:send:484 - 172.19.0.1:33400 - "GET /api/v1/winners HTTP/1.1" 200
2026-05-30 12:53:17.002 | INFO     | uvicorn.protocols.http.httptools_impl:send:484 - 172.19.0.1:33400 - "GET /api/v1/elo/team/TN/form HTTP/1.1" 200
2026-05-30 13:56:28.572 | INFO     | uvicorn.server:shutdown:272 - Shutting down
2026-05-30 13:56:28.573 | INFO     | uvicorn.server:shutdown:272 - Shutting down
2026-05-30 13:56:28.686 | INFO     | uvicorn.lifespan.on:shutdown:67 - Waiting for application shutdown.
2026-05-30 13:56:28.684 | INFO     | uvicorn.lifespan.on:shutdown:67 - Waiting for application shutdown.
2026-05-30 13:56:28.691 | INFO     | app.core.lifespan:lifespan:22 - Shutting down FollowTheWorldCup.com Backend Application...
2026-05-30 13:56:28.699 | INFO     | app.core.lifespan:lifespan:22 - Shutting down FollowTheWorldCup.com Backend Application...
2026-05-30 13:56:28.700 | INFO     | app.core.lifespan:lifespan:23 - Closing all external active connections & sessions...
2026-05-30 13:56:28.692 | INFO     | app.core.lifespan:lifespan:23 - Closing all external active connections & sessions...
2026-05-30 13:56:28.694 | INFO     | app.core.lifespan:lifespan:24 - FastAPI lifespan shutdown hook completed.
2026-05-30 13:56:28.701 | INFO     | app.core.lifespan:lifespan:24 - FastAPI lifespan shutdown hook completed.
2026-05-30 13:56:49.439 | INFO     | app.utils.logger:setup_app_logging:88 - Structured logging initialized via Loguru successfully.
2026-05-30 13:56:49.440 | INFO     | app.core.lifespan:lifespan:14 - Initializing FollowTheWorldCup.com Backend Application...
2026-05-30 13:56:49.496 | INFO     | app.utils.logger:setup_app_logging:88 - Structured logging initialized via Loguru successfully.
2026-05-30 13:56:49.443 | INFO     | app.core.lifespan:lifespan:15 - FastAPI lifespan startup hook completed.
2026-05-30 13:56:49.445 | INFO     | uvicorn.lifespan.on:startup:62 - Application startup complete.
2026-05-30 13:56:49.497 | INFO     | app.core.lifespan:lifespan:14 - Initializing FollowTheWorldCup.com Backend Application...
2026-05-30 13:56:49.498 | INFO     | app.core.lifespan:lifespan:15 - FastAPI lifespan startup hook completed.
2026-05-30 13:56:49.498 | INFO     | uvicorn.lifespan.on:startup:62 - Application startup complete.
